entity_name,source,instrument,record_date,amount_rs_cr,previous_amount_rs_cr,amount_raw_text,is_sublimit,rating_previous,rating_current,outlook_previous,outlook_current,action_type,is_confirmed_action,ambiguous,ambiguous_reason,provenance,row_seq,press_release_date,press_release_url,evidence_text,extracted_at
Bajaj Finance Limited,CRISIL,Cash Credit & Working Capital Demand Loan — Bank Of India,2026-07-29,390.0,,Rs.390 Crore,0,,Crisil AAA,,Stable,,0,0,"Facility-level breakdown from the annexure: a rated amount for this facility, not a rating action in itself.",bank_facility_annexure,,2026-07-29,https://www.crisilratings.com/mnt/winshare/Ratings/RatingList/RatingDocs/BajajFinanceLimited_July%2029_%202026_RR_401403.html,Cash Credit & Working Capital Demand Loan | 390 | Bank Of India | Crisil AAA/Stable,2026-09-09T17:05:39.585250+00:00
Bajaj Finance Limited,CRISIL,Cash Credit & Working Capital Demand Loan — Canara Bank,2026-07-29,390.0,,Rs.390 Crore,0,,Crisil AAA,,Stable,,0,0,"Facility-level breakdown from the annexure: a rated amount for this facility, not a rating action in itself.",bank_facility_annexure,,2026-07-29,https://www.crisilratings.com/mnt/winshare/Ratings/RatingList/RatingDocs/BajajFinanceLimited_July%2029_%202026_RR_401403.html,Cash Credit & Working Capital Demand Loan | 390 | Canara Bank | Crisil AAA/Stable,2026-09-09T17:05:39.585250+00:00
Bajaj Finance Limited,CRISIL,Cash Credit & Working Capital Demand Loan — HDFC Bank Limited,2026-07-29,650.0,,Rs.650 Crore,0,,Crisil AAA,,Stable,,0,0,"Facility-level breakdown from the annexure: a rated amount for this facility, not a rating action in itself.",bank_facility_annexure,,2026-07-29,https://www.crisilratings.com/mnt/winshare/Ratings/RatingList/RatingDocs/BajajFinanceLimited_July%2029_%202026_RR_401403.html,Cash Credit & Working Capital Demand Loan | 650 | HDFC Bank Limited | Crisil AAA/Stable,2026-09-09T17:05:39.585250+00:00
Bajaj Finance Limited,CRISIL,Cash Credit & Working Capital Demand Loan — ICICI Bank Limited,2026-07-29,1500.0,,Rs.1500 Crore,0,,Crisil AAA,,Stable,,0,0,"Facility-level breakdown from the annexure: a rated amount for this facility, not a rating action in itself.",bank_facility_annexure,,2026-07-29,https://www.crisilratings.com/mnt/winshare/Ratings/RatingList/RatingDocs/BajajFinanceLimited_July%2029_%202026_RR_401403.html,Cash Credit & Working Capital Demand Loan | 1500 | ICICI Bank Limited | Crisil AAA/Stable,2026-09-09T17:05:39.585250+00:00
Bajaj Finance Limited,CRISIL,Cash Credit & Working Capital Demand Loan — IDBI Bank Limited,2026-07-29,250.0,,Rs.250 Crore,0,,Crisil AAA,,Stable,,0,0,"Facility-level breakdown from the annexure: a rated amount for this facility, not a rating action in itself.",bank_facility_annexure,,2026-07-29,https://www.crisilratings.com/mnt/winshare/Ratings/RatingList/RatingDocs/BajajFinanceLimited_July%2029_%202026_RR_401403.html,Cash Credit & Working Capital Demand Loan | 250 | IDBI Bank Limited | Crisil AAA/Stable,2026-09-09T17:05:39.585250+00:00
Bajaj Finance Limited,CRISIL,Cash Credit & Working Capital Demand Loan — State Bank of India,2026-07-29,1000.0,,Rs.1000 Crore,0,,Crisil AAA,,Stable,,0,0,"Facility-level breakdown from the annexure: a rated amount for this facility, not a rating action in itself.",bank_facility_annexure,,2026-07-29,https://www.crisilratings.com/mnt/winshare/Ratings/RatingList/RatingDocs/BajajFinanceLimited_July%2029_%202026_RR_401403.html,Cash Credit & Working Capital Demand Loan | 1000 | State Bank of India | Crisil AAA/Stable,2026-09-09T17:05:39.585250+00:00
Bajaj Finance Limited,CRISIL,Long Term Bank Facility — Bank Of India,2026-07-29,1500.0,,Rs.1500 Crore,0,,Crisil AAA,,Stable,,0,0,"Facility-level breakdown from the annexure: a rated amount for this facility, not a rating action in itself.",bank_facility_annexure,,2026-07-29,https://www.crisilratings.com/mnt/winshare/Ratings/RatingList/RatingDocs/BajajFinanceLimited_July%2029_%202026_RR_401403.html,Long Term Bank Facility | 1500 | Bank Of India | Crisil AAA/Stable,2026-09-09T17:05:39.585250+00:00
Bajaj Finance Limited,CRISIL,Long Term Bank Facility — HDFC Bank Limited,2026-07-29,15730.0,,Rs.15730 Crore,0,,Crisil AAA,,Stable,,0,0,"Facility-level breakdown from the annexure: a rated amount for this facility, not a rating action in itself.",bank_facility_annexure,,2026-07-29,https://www.crisilratings.com/mnt/winshare/Ratings/RatingList/RatingDocs/BajajFinanceLimited_July%2029_%202026_RR_401403.html,Long Term Bank Facility | 15730 | HDFC Bank Limited | Crisil AAA/Stable,2026-09-09T17:05:39.585250+00:00
Bajaj Finance Limited,CRISIL,Long Term Bank Facility — IDBI Bank Limited,2026-07-29,500.0,,Rs.500 Crore,0,,Crisil AAA,,Stable,,0,0,"Facility-level breakdown from the annexure: a rated amount for this facility, not a rating action in itself.",bank_facility_annexure,,2026-07-29,https://www.crisilratings.com/mnt/winshare/Ratings/RatingList/RatingDocs/BajajFinanceLimited_July%2029_%202026_RR_401403.html,Long Term Bank Facility | 500 | IDBI Bank Limited | Crisil AAA/Stable,2026-09-09T17:05:39.585250+00:00
Bajaj Finance Limited,CRISIL,Long Term Bank Facility — Mizuho Bank Limited,2026-07-29,1000.0,,Rs.1000 Crore,0,,Crisil AAA,,Stable,,0,0,"Facility-level breakdown from the annexure: a rated amount for this facility, not a rating action in itself.",bank_facility_annexure,,2026-07-29,https://www.crisilratings.com/mnt/winshare/Ratings/RatingList/RatingDocs/BajajFinanceLimited_July%2029_%202026_RR_401403.html,Long Term Bank Facility | 1000 | Mizuho Bank Limited | Crisil AAA/Stable,2026-09-09T17:05:39.585250+00:00
Bajaj Finance Limited,CRISIL,Long Term Bank Facility — State Bank of India,2026-07-29,12000.0,,Rs.12000 Crore,0,,Crisil AAA,,Stable,,0,0,"Facility-level breakdown from the annexure: a rated amount for this facility, not a rating action in itself.",bank_facility_annexure,,2026-07-29,https://www.crisilratings.com/mnt/winshare/Ratings/RatingList/RatingDocs/BajajFinanceLimited_July%2029_%202026_RR_401403.html,Long Term Bank Facility | 12000 | State Bank of India | Crisil AAA/Stable,2026-09-09T17:05:39.585250+00:00
Bajaj Finance Limited,CRISIL,Proposed Long Term Bank Loan Facility — Not Applicable,2026-07-29,8590.0,,Rs.8590 Crore,0,,Crisil AAA,,Stable,,0,0,"Facility-level breakdown from the annexure: a rated amount for this facility, not a rating action in itself.",bank_facility_annexure,,2026-07-29,https://www.crisilratings.com/mnt/winshare/Ratings/RatingList/RatingDocs/BajajFinanceLimited_July%2029_%202026_RR_401403.html,Proposed Long Term Bank Loan Facility | 8590 | Not Applicable | Crisil AAA/Stable,2026-09-09T17:05:39.585250+00:00
Bajaj Finance Limited,CRISIL,Short Term Bank Facility — ICICI Bank Limited,2026-07-29,2000.0,,Rs.2000 Crore,0,,Crisil A1+,,,,0,0,"Facility-level breakdown from the annexure: a rated amount for this facility, not a rating action in itself.",bank_facility_annexure,,2026-07-29,https://www.crisilratings.com/mnt/winshare/Ratings/RatingList/RatingDocs/BajajFinanceLimited_July%2029_%202026_RR_401403.html,Short Term Bank Facility | 2000 | ICICI Bank Limited | Crisil A1+,2026-09-09T17:05:39.585250+00:00
Bajaj Finance Limited,CRISIL,Short Term Bank Facility — Union Bank of India,2026-07-29,500.0,,Rs.500 Crore,0,,Crisil A1+,,,,0,0,"Facility-level breakdown from the annexure: a rated amount for this facility, not a rating action in itself.",bank_facility_annexure,,2026-07-29,https://www.crisilratings.com/mnt/winshare/Ratings/RatingList/RatingDocs/BajajFinanceLimited_July%2029_%202026_RR_401403.html,Short Term Bank Facility | 500 | Union Bank of India | Crisil A1+,2026-09-09T17:05:39.585250+00:00
Bajaj Finance Limited,ICRA,"Commercial paper 40,000.00",2026-07-01,40000.0,,"40,000.00",0,,[ICRA]A1+,,,Reaffirmed,1,0,,summary_of_rating_action,1,2026-07-01,https://www.icra.in/Rating/GetRationalReportFilePdf?id=144045,"Commercial paper 40,000.00 | prev - | curr 40,000.00 | [ICRA]A1+; reaffirmed",2026-09-09T16:53:54.917922+00:00
Bajaj Finance Limited,ICRA,Fixed deposit,2026-07-01,,,,0,,[ICRA]AAA,,Stable,Reaffirmed,1,0,,summary_of_rating_action,0,2026-07-01,https://www.icra.in/Rating/GetRationalReportFilePdf?id=144045,Fixed deposit | prev - | curr - | [ICRA]AAA (Stable); reaffirmed,2026-09-09T16:53:54.917922+00:00
Bajaj Finance Limited,ICRA,"Long-term bank facilities 10,000.00",2026-07-01,10000.0,,"10,000.00",0,,[ICRA]AAA,,Stable,Reaffirmed,1,0,,summary_of_rating_action,2,2026-07-01,https://www.icra.in/Rating/GetRationalReportFilePdf?id=144045,"Long-term bank facilities 10,000.00 | prev - | curr 10,000.00 | [ICRA]AAA (Stable); reaffirmed",2026-09-09T16:53:54.917922+00:00
Bajaj Finance Limited,ICRA,Months post securitisation,2026-06-22,14.0,,14,0,,,,,,0,1,Could not read an explicit rating and action from the summary table cell: '',summary_of_rating_action,0,2026-06-22,https://www.icra.in/Rating/GetRationalReportFilePdf?id=143703,Months post securitisation | prev - | curr 14 |,2026-09-09T16:53:54.917922+00:00
Bajaj Finance Limited,ICRA,Non-convertible debentures,2026-07-01,15000.0,,"15,000.00",0,,[ICRA]AAA,,Stable,Assigned,1,0,,summary_of_rating_action,4,2026-07-01,https://www.icra.in/Rating/GetRationalReportFilePdf?id=144045,"Non-convertible debentures | prev - | curr 15,000.00 | [ICRA]AAA (Stable); assigned",2026-09-09T16:53:54.917922+00:00
Bajaj Finance Limited,ICRA,"Non-convertible debentures 25,000.00",2026-07-01,25000.0,,"25,000.00",0,,[ICRA]AAA,,Stable,Reaffirmed,1,0,,summary_of_rating_action,3,2026-07-01,https://www.icra.in/Rating/GetRationalReportFilePdf?id=144045,"Non-convertible debentures 25,000.00 | prev - | curr 25,000.00 | [ICRA]AAA (Stable); reaffirmed",2026-09-09T16:53:54.917922+00:00
Bajaj Finance Limited,India Ratings,Bank Loan(Unutilised) — NA,2025-07-23,10943.85,,INR 109438.5 million,0,,IND AAA,,Stable,,0,1,"The press release title states multiple actions (Assigned, Affirmed); which one applies to this instrument is not determinable from the facility endpoint, so it is not attributed.",bank_facility_rating_letter,233,2026-01-30,https://www.indiaratings.co.in/pressReleases/GetBankFacilityDataRatingLetter?pressReleaseId=76931,"Bank Loan(Unutilised) | NA | IND AAA/Stable / IND A1+ | rated amount 109438.5 (INR million, as published)",2026-09-09T16:43:55.547143+00:00
Bajaj Finance Limited,India Ratings,Bank Loan(Unutilised) — NA,2025-08-29,10943.85,,INR 109438.5 million,0,,IND AAA,,Stable,,0,1,"The press release title states multiple actions (Assigned, Affirmed); which one applies to this instrument is not determinable from the facility endpoint, so it is not attributed.",bank_facility_rating_letter,194,2026-01-30,https://www.indiaratings.co.in/pressReleases/GetBankFacilityDataRatingLetter?pressReleaseId=76931,"Bank Loan(Unutilised) | NA | IND AAA/Stable / IND A1+ | rated amount 109438.5 (INR million, as published)",2026-09-09T16:43:55.547143+00:00
Bajaj Finance Limited,India Ratings,Bank Loan(Unutilised) — NA,2025-09-30,7968.85,,INR 79688.5 million,0,,IND AAA,,Stable,,0,1,"The press release title states multiple actions (Assigned, Affirmed); which one applies to this instrument is not determinable from the facility endpoint, so it is not attributed.",bank_facility_rating_letter,155,2026-01-30,https://www.indiaratings.co.in/pressReleases/GetBankFacilityDataRatingLetter?pressReleaseId=76931,"Bank Loan(Unutilised) | NA | IND AAA/Stable / IND A1+ | rated amount 79688.5 (INR million, as published)",2026-09-09T16:43:55.547143+00:00
Bajaj Finance Limited,India Ratings,Bank Loan(Unutilised) — NA,2026-03-30,8742.45,,INR 87424.5 million,0,,IND AAA,,Stable,,0,1,"The press release title states multiple actions (Assigned, Affirmed); which one applies to this instrument is not determinable from the facility endpoint, so it is not attributed.",bank_facility_rating_letter,293,2026-08-25,https://www.indiaratings.co.in/pressReleases/GetBankFacilityDataRatingLetter?pressReleaseId=81837,"Bank Loan(Unutilised) | NA | IND AAA/Stable / IND A1+ | rated amount 87424.5 (INR million, as published)",2026-09-09T16:43:55.547143+00:00
Bajaj Finance Limited,India Ratings,Bank Loan(Unutilised) — NA,2026-06-23,4067.45,,INR 40674.5 million,0,,IND AAA,,Stable,,0,1,"The press release title states multiple actions (Assigned, Affirmed); which one applies to this instrument is not determinable from the facility endpoint, so it is not attributed.",bank_facility_rating_letter,166,2026-08-25,https://www.indiaratings.co.in/pressReleases/GetBankFacilityDataRatingLetter?pressReleaseId=81837,"Bank Loan(Unutilised) | NA | IND AAA/Stable / IND A1+ | rated amount 40674.5 (INR million, as published)",2026-09-09T16:43:55.547143+00:00
Bajaj Finance Limited,India Ratings,Bank Loan(Unutilised) — NA,2026-07-23,1067.45,,INR 10674.5 million,0,,IND AAA,,Stable,,0,1,"The press release title states multiple actions (Assigned, Affirmed); which one applies to this instrument is not determinable from the facility endpoint, so it is not attributed.",bank_facility_rating_letter,124,2026-08-25,https://www.indiaratings.co.in/pressReleases/GetBankFacilityDataRatingLetter?pressReleaseId=81837,"Bank Loan(Unutilised) | NA | IND AAA/Stable / IND A1+ | rated amount 10674.5 (INR million, as published)",2026-09-09T16:43:55.547143+00:00
Bajaj Finance Limited,India Ratings,Bank Loan(Unutilised) — NA,2026-08-07,1067.45,,INR 10674.5 million,0,,IND AAA,,Stable,,0,1,"The press release title states multiple actions (Assigned, Affirmed); which one applies to this instrument is not determinable from the facility endpoint, so it is not attributed.",bank_facility_rating_letter,82,2026-08-25,https://www.indiaratings.co.in/pressReleases/GetBankFacilityDataRatingLetter?pressReleaseId=81837,"Bank Loan(Unutilised) | NA | IND AAA/Stable / IND A1+ | rated amount 10674.5 (INR million, as published)",2026-09-09T16:43:55.547143+00:00
Bajaj Finance Limited,India Ratings,Bank loan (Unutilised) — NA,2026-01-30,1408.85,,INR 14088.5 million,0,,IND AAA,,Stable,,0,1,"The press release title states multiple actions (Assigned, Affirmed); which one applies to this instrument is not determinable from the facility endpoint, so it is not attributed.",bank_facility_rating_letter,38,2026-01-30,https://www.indiaratings.co.in/pressReleases/GetBankFacilityDataRatingLetter?pressReleaseId=76931,"Bank loan (Unutilised) | NA | IND AAA/Stable / IND A1+ | rated amount 14088.5 (INR million, as published)",2026-09-09T16:43:55.547143+00:00
Bajaj Finance Limited,India Ratings,Bank loan facilities (unutilised) — NA,2025-12-01,5908.85,,INR 59088.5 million,0,,IND AAA,,Stable,,0,1,"The press release title states multiple actions (Assigned, Affirmed); which one applies to this instrument is not determinable from the facility endpoint, so it is not attributed.",bank_facility_rating_letter,116,2026-01-30,https://www.indiaratings.co.in/pressReleases/GetBankFacilityDataRatingLetter?pressReleaseId=76931,"Bank loan facilities (unutilised) | NA | IND AAA/Stable / IND A1+ | rated amount 59088.5 (INR million, as published)",2026-09-09T16:43:55.547143+00:00
Bajaj Finance Limited,India Ratings,Bank loan facilities — NA,2025-12-30,2908.85,,INR 29088.5 million,0,,IND AAA,,Stable,,0,1,"The press release title states multiple actions (Assigned, Affirmed); which one applies to this instrument is not determinable from the facility endpoint, so it is not attributed.",bank_facility_rating_letter,77,2026-01-30,https://www.indiaratings.co.in/pressReleases/GetBankFacilityDataRatingLetter?pressReleaseId=76931,"Bank loan facilities | NA | IND AAA/Stable / IND A1+ | rated amount 29088.5 (INR million, as published)",2026-09-09T16:43:55.547143+00:00
Bajaj Finance Limited,India Ratings,Bank loan facilities — NA,2026-03-10,15478.85,,INR 154788.5 million,0,,IND AAA,,Stable,,0,1,"The press release title states multiple actions (Assigned, Affirmed); which one applies to this instrument is not determinable from the facility endpoint, so it is not attributed.",bank_facility_rating_letter,333,2026-08-25,https://www.indiaratings.co.in/pressReleases/GetBankFacilityDataRatingLetter?pressReleaseId=81837,"Bank loan facilities | NA | IND AAA/Stable / IND A1+ | rated amount 154788.5 (INR million, as published)",2026-09-09T16:43:55.547143+00:00
Bajaj Finance Limited,India Ratings,Bank loan — NA,2025-06-16,9308.85,,INR 93088.5 million,0,,IND AAA,,Stable,,0,1,"The press release title states multiple actions (Assigned, Affirmed); which one applies to this instrument is not determinable from the facility endpoint, so it is not attributed.",bank_facility_rating_letter,314,2026-01-30,https://www.indiaratings.co.in/pressReleases/GetBankFacilityDataRatingLetter?pressReleaseId=76931,"Bank loan | NA | IND AAA/Stable / IND A1+ | rated amount 93088.5 (INR million, as published)",2026-09-09T16:43:55.547143+00:00
Bajaj Finance Limited,India Ratings,Bank loan(Unutilised) — NA,2025-06-24,10743.85,,INR 107438.5 million,0,,IND AAA,,Stable,,0,1,"The press release title states multiple actions (Assigned, Affirmed); which one applies to this instrument is not determinable from the facility endpoint, so it is not attributed.",bank_facility_rating_letter,273,2026-01-30,https://www.indiaratings.co.in/pressReleases/GetBankFacilityDataRatingLetter?pressReleaseId=76931,"Bank loan(Unutilised) | NA | IND AAA/Stable / IND A1+ | rated amount 107438.5 (INR million, as published)",2026-09-09T16:43:55.547143+00:00
Bajaj Finance Limited,India Ratings,Bank loan(Unutilised) — NA,2026-04-27,10242.45,,INR 102424.5 million,0,,IND AAA,,Stable,,0,1,"The press release title states multiple actions (Assigned, Affirmed); which one applies to this instrument is not determinable from the facility endpoint, so it is not attributed.",bank_facility_rating_letter,250,2026-08-25,https://www.indiaratings.co.in/pressReleases/GetBankFacilityDataRatingLetter?pressReleaseId=81837,"Bank loan(Unutilised) | NA | IND AAA/Stable / IND A1+ | rated amount 102424.5 (INR million, as published)",2026-09-09T16:43:55.547143+00:00
Bajaj Finance Limited,India Ratings,Bank loan(Unutilised) — NA,2026-05-26,3092.45,,INR 30924.5 million,0,,IND AAA,,Stable,,0,1,"The press release title states multiple actions (Assigned, Affirmed); which one applies to this instrument is not determinable from the facility endpoint, so it is not attributed.",bank_facility_rating_letter,208,2026-08-25,https://www.indiaratings.co.in/pressReleases/GetBankFacilityDataRatingLetter?pressReleaseId=81837,"Bank loan(Unutilised) | NA | IND AAA/Stable / IND A1+ | rated amount 30924.5 (INR million, as published)",2026-09-09T16:43:55.547143+00:00
Bajaj Finance Limited,India Ratings,Bank loan(Unutilised) — NA,2026-08-25,2167.45,,INR 21674.5 million,0,,IND AAA,,Stable,,0,1,"The press release title states multiple actions (Assigned, Affirmed); which one applies to this instrument is not determinable from the facility endpoint, so it is not attributed.",bank_facility_rating_letter,40,2026-08-25,https://www.indiaratings.co.in/pressReleases/GetBankFacilityDataRatingLetter?pressReleaseId=81837,"Bank loan(Unutilised) | NA | IND AAA/Stable / IND A1+ | rated amount 21674.5 (INR million, as published)",2026-09-09T16:43:55.547143+00:00
Bajaj Finance Limited,India Ratings,CC/OD/WCDL — Axis Bank Limited,2026-01-30,1150.0,,INR 11500 million,0,,IND A1+,,,,0,1,"The press release title states multiple actions (Assigned, Affirmed); which one applies to this instrument is not determinable from the facility endpoint, so it is not attributed.",bank_facility_rating_letter,0,2026-01-30,https://www.indiaratings.co.in/pressReleases/GetBankFacilityDataRatingLetter?pressReleaseId=76931,"CC/OD/WCDL | Axis Bank Limited | IND A1+ | rated amount 11500 (INR million, as published)",2026-09-09T16:43:55.547143+00:00
Bajaj Finance Limited,India Ratings,CC/OD/WCDL — Axis Bank Limited,2026-03-10,1150.0,,INR 11500 million,0,,IND A1+,,,,0,1,"The press release title states multiple actions (Assigned, Affirmed); which one applies to this instrument is not determinable from the facility endpoint, so it is not attributed.",bank_facility_rating_letter,294,2026-08-25,https://www.indiaratings.co.in/pressReleases/GetBankFacilityDataRatingLetter?pressReleaseId=81837,"CC/OD/WCDL | Axis Bank Limited | IND A1+ | rated amount 11500 (INR million, as published)",2026-09-09T16:43:55.547143+00:00
Bajaj Finance Limited,India Ratings,CC/OD/WCDL — Axis Bank Limited,2026-03-30,1150.0,,INR 11500 million,0,,IND A1+,,,,0,1,"The press release title states multiple actions (Assigned, Affirmed); which one applies to this instrument is not determinable from the facility endpoint, so it is not attributed.",bank_facility_rating_letter,251,2026-08-25,https://www.indiaratings.co.in/pressReleases/GetBankFacilityDataRatingLetter?pressReleaseId=81837,"CC/OD/WCDL | Axis Bank Limited | IND A1+ | rated amount 11500 (INR million, as published)",2026-09-09T16:43:55.547143+00:00
Bajaj Finance Limited,India Ratings,CC/OD/WCDL — Axis Bank Limited,2026-04-27,1150.0,,INR 11500 million,0,,IND A1+,,,,0,1,"The press release title states multiple actions (Assigned, Affirmed); which one applies to this instrument is not determinable from the facility endpoint, so it is not attributed.",bank_facility_rating_letter,209,2026-08-25,https://www.indiaratings.co.in/pressReleases/GetBankFacilityDataRatingLetter?pressReleaseId=81837,"CC/OD/WCDL | Axis Bank Limited | IND A1+ | rated amount 11500 (INR million, as published)",2026-09-09T16:43:55.547143+00:00
Bajaj Finance Limited,India Ratings,CC/OD/WCDL — Axis Bank Limited,2026-05-26,1150.0,,INR 11500 million,0,,IND A1+,,,,0,1,"The press release title states multiple actions (Assigned, Affirmed); which one applies to this instrument is not determinable from the facility endpoint, so it is not attributed.",bank_facility_rating_letter,167,2026-08-25,https://www.indiaratings.co.in/pressReleases/GetBankFacilityDataRatingLetter?pressReleaseId=81837,"CC/OD/WCDL | Axis Bank Limited | IND A1+ | rated amount 11500 (INR million, as published)",2026-09-09T16:43:55.547143+00:00
Bajaj Finance Limited,India Ratings,CC/OD/WCDL — Axis Bank Limited,2026-06-23,1150.0,,INR 11500 million,0,,IND A1+,,,,0,1,"The press release title states multiple actions (Assigned, Affirmed); which one applies to this instrument is not determinable from the facility endpoint, so it is not attributed.",bank_facility_rating_letter,125,2026-08-25,https://www.indiaratings.co.in/pressReleases/GetBankFacilityDataRatingLetter?pressReleaseId=81837,"CC/OD/WCDL | Axis Bank Limited | IND A1+ | rated amount 11500 (INR million, as published)",2026-09-09T16:43:55.547143+00:00
Bajaj Finance Limited,India Ratings,CC/OD/WCDL — Axis Bank Limited,2026-07-23,1150.0,,INR 11500 million,0,,IND A1+,,,,0,1,"The press release title states multiple actions (Assigned, Affirmed); which one applies to this instrument is not determinable from the facility endpoint, so it is not attributed.",bank_facility_rating_letter,83,2026-08-25,https://www.indiaratings.co.in/pressReleases/GetBankFacilityDataRatingLetter?pressReleaseId=81837,"CC/OD/WCDL | Axis Bank Limited | IND A1+ | rated amount 11500 (INR million, as published)",2026-09-09T16:43:55.547143+00:00
Bajaj Finance Limited,India Ratings,CC/OD/WCDL — Axis Bank Limited,2026-08-07,1150.0,,INR 11500 million,0,,IND A1+,,,,0,1,"The press release title states multiple actions (Assigned, Affirmed); which one applies to this instrument is not determinable from the facility endpoint, so it is not attributed.",bank_facility_rating_letter,41,2026-08-25,https://www.indiaratings.co.in/pressReleases/GetBankFacilityDataRatingLetter?pressReleaseId=81837,"CC/OD/WCDL | Axis Bank Limited | IND A1+ | rated amount 11500 (INR million, as published)",2026-09-09T16:43:55.547143+00:00
Bajaj Finance Limited,India Ratings,CC/OD/WCDL — Axis Bank Limited,2026-08-25,1150.0,,INR 11500 million,0,,IND A1+,,,,0,1,"The press release title states multiple actions (Assigned, Affirmed); which one applies to this instrument is not determinable from the facility endpoint, so it is not attributed.",bank_facility_rating_letter,0,2026-08-25,https://www.indiaratings.co.in/pressReleases/GetBankFacilityDataRatingLetter?pressReleaseId=81837,"CC/OD/WCDL | Axis Bank Limited | IND A1+ | rated amount 11500 (INR million, as published)",2026-09-09T16:43:55.547143+00:00
Bajaj Finance Limited,India Ratings,CC/OD/WCDL — Bank of Baroda,2026-01-30,200.0,,INR 2000 million,0,,IND A1+,,,,0,1,"The press release title states multiple actions (Assigned, Affirmed); which one applies to this instrument is not determinable from the facility endpoint, so it is not attributed.",bank_facility_rating_letter,1,2026-01-30,https://www.indiaratings.co.in/pressReleases/GetBankFacilityDataRatingLetter?pressReleaseId=76931,"CC/OD/WCDL | Bank of Baroda | IND A1+ | rated amount 2000 (INR million, as published)",2026-09-09T16:43:55.547143+00:00
Bajaj Finance Limited,India Ratings,CC/OD/WCDL — Bank of Baroda,2026-03-10,200.0,,INR 2000 million,0,,IND A1+,,,,0,1,"The press release title states multiple actions (Assigned, Affirmed); which one applies to this instrument is not determinable from the facility endpoint, so it is not attributed.",bank_facility_rating_letter,295,2026-08-25,https://www.indiaratings.co.in/pressReleases/GetBankFacilityDataRatingLetter?pressReleaseId=81837,"CC/OD/WCDL | Bank of Baroda | IND A1+ | rated amount 2000 (INR million, as published)",2026-09-09T16:43:55.547143+00:00
Bajaj Finance Limited,India Ratings,CC/OD/WCDL — Bank of Baroda,2026-03-30,200.0,,INR 2000 million,0,,IND A1+,,,,0,1,"The press release title states multiple actions (Assigned, Affirmed); which one applies to this instrument is not determinable from the facility endpoint, so it is not attributed.",bank_facility_rating_letter,252,2026-08-25,https://www.indiaratings.co.in/pressReleases/GetBankFacilityDataRatingLetter?pressReleaseId=81837,"CC/OD/WCDL | Bank of Baroda | IND A1+ | rated amount 2000 (INR million, as published)",2026-09-09T16:43:55.547143+00:00
Bajaj Finance Limited,India Ratings,CC/OD/WCDL — Bank of Baroda,2026-04-27,200.0,,INR 2000 million,0,,IND A1+,,,,0,1,"The press release title states multiple actions (Assigned, Affirmed); which one applies to this instrument is not determinable from the facility endpoint, so it is not attributed.",bank_facility_rating_letter,210,2026-08-25,https://www.indiaratings.co.in/pressReleases/GetBankFacilityDataRatingLetter?pressReleaseId=81837,"CC/OD/WCDL | Bank of Baroda | IND A1+ | rated amount 2000 (INR million, as published)",2026-09-09T16:43:55.547143+00:00
Bajaj Finance Limited,India Ratings,CC/OD/WCDL — Bank of Baroda,2026-05-26,200.0,,INR 2000 million,0,,IND A1+,,,,0,1,"The press release title states multiple actions (Assigned, Affirmed); which one applies to this instrument is not determinable from the facility endpoint, so it is not attributed.",bank_facility_rating_letter,168,2026-08-25,https://www.indiaratings.co.in/pressReleases/GetBankFacilityDataRatingLetter?pressReleaseId=81837,"CC/OD/WCDL | Bank of Baroda | IND A1+ | rated amount 2000 (INR million, as published)",2026-09-09T16:43:55.547143+00:00
Bajaj Finance Limited,India Ratings,CC/OD/WCDL — Bank of Baroda,2026-06-23,200.0,,INR 2000 million,0,,IND A1+,,,,0,1,"The press release title states multiple actions (Assigned, Affirmed); which one applies to this instrument is not determinable from the facility endpoint, so it is not attributed.",bank_facility_rating_letter,126,2026-08-25,https://www.indiaratings.co.in/pressReleases/GetBankFacilityDataRatingLetter?pressReleaseId=81837,"CC/OD/WCDL | Bank of Baroda | IND A1+ | rated amount 2000 (INR million, as published)",2026-09-09T16:43:55.547143+00:00
Bajaj Finance Limited,India Ratings,CC/OD/WCDL — Bank of Baroda,2026-07-23,200.0,,INR 2000 million,0,,IND A1+,,,,0,1,"The press release title states multiple actions (Assigned, Affirmed); which one applies to this instrument is not determinable from the facility endpoint, so it is not attributed.",bank_facility_rating_letter,84,2026-08-25,https://www.indiaratings.co.in/pressReleases/GetBankFacilityDataRatingLetter?pressReleaseId=81837,"CC/OD/WCDL | Bank of Baroda | IND A1+ | rated amount 2000 (INR million, as published)",2026-09-09T16:43:55.547143+00:00
Bajaj Finance Limited,India Ratings,CC/OD/WCDL — Bank of Baroda,2026-08-07,200.0,,INR 2000 million,0,,IND A1+,,,,0,1,"The press release title states multiple actions (Assigned, Affirmed); which one applies to this instrument is not determinable from the facility endpoint, so it is not attributed.",bank_facility_rating_letter,42,2026-08-25,https://www.indiaratings.co.in/pressReleases/GetBankFacilityDataRatingLetter?pressReleaseId=81837,"CC/OD/WCDL | Bank of Baroda | IND A1+ | rated amount 2000 (INR million, as published)",2026-09-09T16:43:55.547143+00:00
Bajaj Finance Limited,India Ratings,CC/OD/WCDL — Bank of Baroda,2026-08-25,200.0,,INR 2000 million,0,,IND A1+,,,,0,1,"The press release title states multiple actions (Assigned, Affirmed); which one applies to this instrument is not determinable from the facility endpoint, so it is not attributed.",bank_facility_rating_letter,1,2026-08-25,https://www.indiaratings.co.in/pressReleases/GetBankFacilityDataRatingLetter?pressReleaseId=81837,"CC/OD/WCDL | Bank of Baroda | IND A1+ | rated amount 2000 (INR million, as published)",2026-09-09T16:43:55.547143+00:00
Bajaj Finance Limited,India Ratings,CC/OD/WCDL — Barclays Bank,2026-01-30,0.5,,INR 5 million,0,,IND A1+,,,,0,1,"The press release title states multiple actions (Assigned, Affirmed); which one applies to this instrument is not determinable from the facility endpoint, so it is not attributed.",bank_facility_rating_letter,2,2026-01-30,https://www.indiaratings.co.in/pressReleases/GetBankFacilityDataRatingLetter?pressReleaseId=76931,"CC/OD/WCDL | Barclays Bank | IND A1+ | rated amount 5 (INR million, as published)",2026-09-09T16:43:55.547143+00:00
Bajaj Finance Limited,India Ratings,CC/OD/WCDL — Barclays Bank,2026-03-10,0.5,,INR 5 million,0,,IND A1+,,,,0,1,"The press release title states multiple actions (Assigned, Affirmed); which one applies to this instrument is not determinable from the facility endpoint, so it is not attributed.",bank_facility_rating_letter,296,2026-08-25,https://www.indiaratings.co.in/pressReleases/GetBankFacilityDataRatingLetter?pressReleaseId=81837,"CC/OD/WCDL | Barclays Bank | IND A1+ | rated amount 5 (INR million, as published)",2026-09-09T16:43:55.547143+00:00
Bajaj Finance Limited,India Ratings,CC/OD/WCDL — Barclays Bank,2026-03-30,0.5,,INR 5 million,0,,IND A1+,,,,0,1,"The press release title states multiple actions (Assigned, Affirmed); which one applies to this instrument is not determinable from the facility endpoint, so it is not attributed.",bank_facility_rating_letter,253,2026-08-25,https://www.indiaratings.co.in/pressReleases/GetBankFacilityDataRatingLetter?pressReleaseId=81837,"CC/OD/WCDL | Barclays Bank | IND A1+ | rated amount 5 (INR million, as published)",2026-09-09T16:43:55.547143+00:00
Bajaj Finance Limited,India Ratings,CC/OD/WCDL — Barclays Bank,2026-04-27,0.5,,INR 5 million,0,,IND A1+,,,,0,1,"The press release title states multiple actions (Assigned, Affirmed); which one applies to this instrument is not determinable from the facility endpoint, so it is not attributed.",bank_facility_rating_letter,211,2026-08-25,https://www.indiaratings.co.in/pressReleases/GetBankFacilityDataRatingLetter?pressReleaseId=81837,"CC/OD/WCDL | Barclays Bank | IND A1+ | rated amount 5 (INR million, as published)",2026-09-09T16:43:55.547143+00:00
Bajaj Finance Limited,India Ratings,CC/OD/WCDL — Barclays Bank,2026-05-26,0.5,,INR 5 million,0,,IND A1+,,,,0,1,"The press release title states multiple actions (Assigned, Affirmed); which one applies to this instrument is not determinable from the facility endpoint, so it is not attributed.",bank_facility_rating_letter,169,2026-08-25,https://www.indiaratings.co.in/pressReleases/GetBankFacilityDataRatingLetter?pressReleaseId=81837,"CC/OD/WCDL | Barclays Bank | IND A1+ | rated amount 5 (INR million, as published)",2026-09-09T16:43:55.547143+00:00
Bajaj Finance Limited,India Ratings,CC/OD/WCDL — Barclays Bank,2026-06-23,0.5,,INR 5 million,0,,IND A1+,,,,0,1,"The press release title states multiple actions (Assigned, Affirmed); which one applies to this instrument is not determinable from the facility endpoint, so it is not attributed.",bank_facility_rating_letter,127,2026-08-25,https://www.indiaratings.co.in/pressReleases/GetBankFacilityDataRatingLetter?pressReleaseId=81837,"CC/OD/WCDL | Barclays Bank | IND A1+ | rated amount 5 (INR million, as published)",2026-09-09T16:43:55.547143+00:00
Bajaj Finance Limited,India Ratings,CC/OD/WCDL — Barclays Bank,2026-07-23,0.5,,INR 5 million,0,,IND A1+,,,,0,1,"The press release title states multiple actions (Assigned, Affirmed); which one applies to this instrument is not determinable from the facility endpoint, so it is not attributed.",bank_facility_rating_letter,85,2026-08-25,https://www.indiaratings.co.in/pressReleases/GetBankFacilityDataRatingLetter?pressReleaseId=81837,"CC/OD/WCDL | Barclays Bank | IND A1+ | rated amount 5 (INR million, as published)",2026-09-09T16:43:55.547143+00:00
Bajaj Finance Limited,India Ratings,CC/OD/WCDL — Barclays Bank,2026-08-07,0.5,,INR 5 million,0,,IND A1+,,,,0,1,"The press release title states multiple actions (Assigned, Affirmed); which one applies to this instrument is not determinable from the facility endpoint, so it is not attributed.",bank_facility_rating_letter,43,2026-08-25,https://www.indiaratings.co.in/pressReleases/GetBankFacilityDataRatingLetter?pressReleaseId=81837,"CC/OD/WCDL | Barclays Bank | IND A1+ | rated amount 5 (INR million, as published)",2026-09-09T16:43:55.547143+00:00
Bajaj Finance Limited,India Ratings,CC/OD/WCDL — Barclays Bank,2026-08-25,0.5,,INR 5 million,0,,IND A1+,,,,0,1,"The press release title states multiple actions (Assigned, Affirmed); which one applies to this instrument is not determinable from the facility endpoint, so it is not attributed.",bank_facility_rating_letter,2,2026-08-25,https://www.indiaratings.co.in/pressReleases/GetBankFacilityDataRatingLetter?pressReleaseId=81837,"CC/OD/WCDL | Barclays Bank | IND A1+ | rated amount 5 (INR million, as published)",2026-09-09T16:43:55.547143+00:00
Bajaj Finance Limited,India Ratings,CC/OD/WCDL — Central Bank of India,2026-01-30,201.0,,INR 2010 million,0,,IND A1+,,,,0,1,"The press release title states multiple actions (Assigned, Affirmed); which one applies to this instrument is not determinable from the facility endpoint, so it is not attributed.",bank_facility_rating_letter,3,2026-01-30,https://www.indiaratings.co.in/pressReleases/GetBankFacilityDataRatingLetter?pressReleaseId=76931,"CC/OD/WCDL | Central Bank of India | IND A1+ | rated amount 2010 (INR million, as published)",2026-09-09T16:43:55.547143+00:00
Bajaj Finance Limited,India Ratings,CC/OD/WCDL — Central Bank of India,2026-03-10,201.0,,INR 2010 million,0,,IND A1+,,,,0,1,"The press release title states multiple actions (Assigned, Affirmed); which one applies to this instrument is not determinable from the facility endpoint, so it is not attributed.",bank_facility_rating_letter,297,2026-08-25,https://www.indiaratings.co.in/pressReleases/GetBankFacilityDataRatingLetter?pressReleaseId=81837,"CC/OD/WCDL | Central Bank of India | IND A1+ | rated amount 2010 (INR million, as published)",2026-09-09T16:43:55.547143+00:00
Bajaj Finance Limited,India Ratings,CC/OD/WCDL — Central Bank of India,2026-03-30,201.0,,INR 2010 million,0,,IND A1+,,,,0,1,"The press release title states multiple actions (Assigned, Affirmed); which one applies to this instrument is not determinable from the facility endpoint, so it is not attributed.",bank_facility_rating_letter,254,2026-08-25,https://www.indiaratings.co.in/pressReleases/GetBankFacilityDataRatingLetter?pressReleaseId=81837,"CC/OD/WCDL | Central Bank of India | IND A1+ | rated amount 2010 (INR million, as published)",2026-09-09T16:43:55.547143+00:00
Bajaj Finance Limited,India Ratings,CC/OD/WCDL — Central Bank of India,2026-04-27,201.0,,INR 2010 million,0,,IND A1+,,,,0,1,"The press release title states multiple actions (Assigned, Affirmed); which one applies to this instrument is not determinable from the facility endpoint, so it is not attributed.",bank_facility_rating_letter,212,2026-08-25,https://www.indiaratings.co.in/pressReleases/GetBankFacilityDataRatingLetter?pressReleaseId=81837,"CC/OD/WCDL | Central Bank of India | IND A1+ | rated amount 2010 (INR million, as published)",2026-09-09T16:43:55.547143+00:00
Bajaj Finance Limited,India Ratings,CC/OD/WCDL — Central Bank of India,2026-05-26,201.0,,INR 2010 million,0,,IND A1+,,,,0,1,"The press release title states multiple actions (Assigned, Affirmed); which one applies to this instrument is not determinable from the facility endpoint, so it is not attributed.",bank_facility_rating_letter,170,2026-08-25,https://www.indiaratings.co.in/pressReleases/GetBankFacilityDataRatingLetter?pressReleaseId=81837,"CC/OD/WCDL | Central Bank of India | IND A1+ | rated amount 2010 (INR million, as published)",2026-09-09T16:43:55.547143+00:00
Bajaj Finance Limited,India Ratings,CC/OD/WCDL — Central Bank of India,2026-06-23,201.0,,INR 2010 million,0,,IND A1+,,,,0,1,"The press release title states multiple actions (Assigned, Affirmed); which one applies to this instrument is not determinable from the facility endpoint, so it is not attributed.",bank_facility_rating_letter,128,2026-08-25,https://www.indiaratings.co.in/pressReleases/GetBankFacilityDataRatingLetter?pressReleaseId=81837,"CC/OD/WCDL | Central Bank of India | IND A1+ | rated amount 2010 (INR million, as published)",2026-09-09T16:43:55.547143+00:00
Bajaj Finance Limited,India Ratings,CC/OD/WCDL — Central Bank of India,2026-07-23,201.0,,INR 2010 million,0,,IND A1+,,,,0,1,"The press release title states multiple actions (Assigned, Affirmed); which one applies to this instrument is not determinable from the facility endpoint, so it is not attributed.",bank_facility_rating_letter,86,2026-08-25,https://www.indiaratings.co.in/pressReleases/GetBankFacilityDataRatingLetter?pressReleaseId=81837,"CC/OD/WCDL | Central Bank of India | IND A1+ | rated amount 2010 (INR million, as published)",2026-09-09T16:43:55.547143+00:00
Bajaj Finance Limited,India Ratings,CC/OD/WCDL — Central Bank of India,2026-08-07,201.0,,INR 2010 million,0,,IND A1+,,,,0,1,"The press release title states multiple actions (Assigned, Affirmed); which one applies to this instrument is not determinable from the facility endpoint, so it is not attributed.",bank_facility_rating_letter,44,2026-08-25,https://www.indiaratings.co.in/pressReleases/GetBankFacilityDataRatingLetter?pressReleaseId=81837,"CC/OD/WCDL | Central Bank of India | IND A1+ | rated amount 2010 (INR million, as published)",2026-09-09T16:43:55.547143+00:00
Bajaj Finance Limited,India Ratings,CC/OD/WCDL — Central Bank of India,2026-08-25,201.0,,INR 2010 million,0,,IND A1+,,,,0,1,"The press release title states multiple actions (Assigned, Affirmed); which one applies to this instrument is not determinable from the facility endpoint, so it is not attributed.",bank_facility_rating_letter,3,2026-08-25,https://www.indiaratings.co.in/pressReleases/GetBankFacilityDataRatingLetter?pressReleaseId=81837,"CC/OD/WCDL | Central Bank of India | IND A1+ | rated amount 2010 (INR million, as published)",2026-09-09T16:43:55.547143+00:00
Bajaj Finance Limited,India Ratings,CC/OD/WCDL — Citibank N.A.,2026-01-30,1.0,,INR 10 million,0,,IND A1+,,,,0,1,"The press release title states multiple actions (Assigned, Affirmed); which one applies to this instrument is not determinable from the facility endpoint, so it is not attributed.",bank_facility_rating_letter,4,2026-01-30,https://www.indiaratings.co.in/pressReleases/GetBankFacilityDataRatingLetter?pressReleaseId=76931,"CC/OD/WCDL | Citibank N.A. | IND A1+ | rated amount 10 (INR million, as published)",2026-09-09T16:43:55.547143+00:00
Bajaj Finance Limited,India Ratings,CC/OD/WCDL — Citibank N.A.,2026-03-10,1.0,,INR 10 million,0,,IND A1+,,,,0,1,"The press release title states multiple actions (Assigned, Affirmed); which one applies to this instrument is not determinable from the facility endpoint, so it is not attributed.",bank_facility_rating_letter,298,2026-08-25,https://www.indiaratings.co.in/pressReleases/GetBankFacilityDataRatingLetter?pressReleaseId=81837,"CC/OD/WCDL | Citibank N.A. | IND A1+ | rated amount 10 (INR million, as published)",2026-09-09T16:43:55.547143+00:00
Bajaj Finance Limited,India Ratings,CC/OD/WCDL — Citibank N.A.,2026-03-30,1.0,,INR 10 million,0,,IND A1+,,,,0,1,"The press release title states multiple actions (Assigned, Affirmed); which one applies to this instrument is not determinable from the facility endpoint, so it is not attributed.",bank_facility_rating_letter,255,2026-08-25,https://www.indiaratings.co.in/pressReleases/GetBankFacilityDataRatingLetter?pressReleaseId=81837,"CC/OD/WCDL | Citibank N.A. | IND A1+ | rated amount 10 (INR million, as published)",2026-09-09T16:43:55.547143+00:00
Bajaj Finance Limited,India Ratings,CC/OD/WCDL — Citibank N.A.,2026-04-27,1.0,,INR 10 million,0,,IND A1+,,,,0,1,"The press release title states multiple actions (Assigned, Affirmed); which one applies to this instrument is not determinable from the facility endpoint, so it is not attributed.",bank_facility_rating_letter,213,2026-08-25,https://www.indiaratings.co.in/pressReleases/GetBankFacilityDataRatingLetter?pressReleaseId=81837,"CC/OD/WCDL | Citibank N.A. | IND A1+ | rated amount 10 (INR million, as published)",2026-09-09T16:43:55.547143+00:00
Bajaj Finance Limited,India Ratings,CC/OD/WCDL — Citibank N.A.,2026-05-26,1.0,,INR 10 million,0,,IND A1+,,,,0,1,"The press release title states multiple actions (Assigned, Affirmed); which one applies to this instrument is not determinable from the facility endpoint, so it is not attributed.",bank_facility_rating_letter,171,2026-08-25,https://www.indiaratings.co.in/pressReleases/GetBankFacilityDataRatingLetter?pressReleaseId=81837,"CC/OD/WCDL | Citibank N.A. | IND A1+ | rated amount 10 (INR million, as published)",2026-09-09T16:43:55.547143+00:00
Bajaj Finance Limited,India Ratings,CC/OD/WCDL — Citibank N.A.,2026-06-23,1.0,,INR 10 million,0,,IND A1+,,,,0,1,"The press release title states multiple actions (Assigned, Affirmed); which one applies to this instrument is not determinable from the facility endpoint, so it is not attributed.",bank_facility_rating_letter,129,2026-08-25,https://www.indiaratings.co.in/pressReleases/GetBankFacilityDataRatingLetter?pressReleaseId=81837,"CC/OD/WCDL | Citibank N.A. | IND A1+ | rated amount 10 (INR million, as published)",2026-09-09T16:43:55.547143+00:00
Bajaj Finance Limited,India Ratings,CC/OD/WCDL — Citibank N.A.,2026-07-23,1.0,,INR 10 million,0,,IND A1+,,,,0,1,"The press release title states multiple actions (Assigned, Affirmed); which one applies to this instrument is not determinable from the facility endpoint, so it is not attributed.",bank_facility_rating_letter,87,2026-08-25,https://www.indiaratings.co.in/pressReleases/GetBankFacilityDataRatingLetter?pressReleaseId=81837,"CC/OD/WCDL | Citibank N.A. | IND A1+ | rated amount 10 (INR million, as published)",2026-09-09T16:43:55.547143+00:00
Bajaj Finance Limited,India Ratings,CC/OD/WCDL — Citibank N.A.,2026-08-07,1.0,,INR 10 million,0,,IND A1+,,,,0,1,"The press release title states multiple actions (Assigned, Affirmed); which one applies to this instrument is not determinable from the facility endpoint, so it is not attributed.",bank_facility_rating_letter,45,2026-08-25,https://www.indiaratings.co.in/pressReleases/GetBankFacilityDataRatingLetter?pressReleaseId=81837,"CC/OD/WCDL | Citibank N.A. | IND A1+ | rated amount 10 (INR million, as published)",2026-09-09T16:43:55.547143+00:00
Bajaj Finance Limited,India Ratings,CC/OD/WCDL — Citibank N.A.,2026-08-25,1.0,,INR 10 million,0,,IND A1+,,,,0,1,"The press release title states multiple actions (Assigned, Affirmed); which one applies to this instrument is not determinable from the facility endpoint, so it is not attributed.",bank_facility_rating_letter,4,2026-08-25,https://www.indiaratings.co.in/pressReleases/GetBankFacilityDataRatingLetter?pressReleaseId=81837,"CC/OD/WCDL | Citibank N.A. | IND A1+ | rated amount 10 (INR million, as published)",2026-09-09T16:43:55.547143+00:00
Bajaj Finance Limited,India Ratings,CC/OD/WCDL — DBS Bank India Limited,2026-03-30,1300.0,,INR 13000 million,0,,IND A1+,,,,0,1,"The press release title states multiple actions (Assigned, Affirmed); which one applies to this instrument is not determinable from the facility endpoint, so it is not attributed.",bank_facility_rating_letter,256,2026-08-25,https://www.indiaratings.co.in/pressReleases/GetBankFacilityDataRatingLetter?pressReleaseId=81837,"CC/OD/WCDL | DBS Bank India Limited | IND A1+ | rated amount 13000 (INR million, as published)",2026-09-09T16:43:55.547143+00:00
Bajaj Finance Limited,India Ratings,CC/OD/WCDL — DBS Bank India Limited,2026-04-27,1300.0,,INR 13000 million,0,,IND A1+,,,,0,1,"The press release title states multiple actions (Assigned, Affirmed); which one applies to this instrument is not determinable from the facility endpoint, so it is not attributed.",bank_facility_rating_letter,214,2026-08-25,https://www.indiaratings.co.in/pressReleases/GetBankFacilityDataRatingLetter?pressReleaseId=81837,"CC/OD/WCDL | DBS Bank India Limited | IND A1+ | rated amount 13000 (INR million, as published)",2026-09-09T16:43:55.547143+00:00
Bajaj Finance Limited,India Ratings,CC/OD/WCDL — DBS Bank India Limited,2026-05-26,1300.0,,INR 13000 million,0,,IND A1+,,,,0,1,"The press release title states multiple actions (Assigned, Affirmed); which one applies to this instrument is not determinable from the facility endpoint, so it is not attributed.",bank_facility_rating_letter,172,2026-08-25,https://www.indiaratings.co.in/pressReleases/GetBankFacilityDataRatingLetter?pressReleaseId=81837,"CC/OD/WCDL | DBS Bank India Limited | IND A1+ | rated amount 13000 (INR million, as published)",2026-09-09T16:43:55.547143+00:00
Bajaj Finance Limited,India Ratings,CC/OD/WCDL — DBS Bank India Limited,2026-06-23,1300.0,,INR 13000 million,0,,IND A1+,,,,0,1,"The press release title states multiple actions (Assigned, Affirmed); which one applies to this instrument is not determinable from the facility endpoint, so it is not attributed.",bank_facility_rating_letter,130,2026-08-25,https://www.indiaratings.co.in/pressReleases/GetBankFacilityDataRatingLetter?pressReleaseId=81837,"CC/OD/WCDL | DBS Bank India Limited | IND A1+ | rated amount 13000 (INR million, as published)",2026-09-09T16:43:55.547143+00:00
Bajaj Finance Limited,India Ratings,CC/OD/WCDL — DBS Bank India Limited,2026-07-23,1300.0,,INR 13000 million,0,,IND A1+,,,,0,1,"The press release title states multiple actions (Assigned, Affirmed); which one applies to this instrument is not determinable from the facility endpoint, so it is not attributed.",bank_facility_rating_letter,88,2026-08-25,https://www.indiaratings.co.in/pressReleases/GetBankFacilityDataRatingLetter?pressReleaseId=81837,"CC/OD/WCDL | DBS Bank India Limited | IND A1+ | rated amount 13000 (INR million, as published)",2026-09-09T16:43:55.547143+00:00
Bajaj Finance Limited,India Ratings,CC/OD/WCDL — DBS Bank India Limited,2026-08-07,1300.0,,INR 13000 million,0,,IND A1+,,,,0,1,"The press release title states multiple actions (Assigned, Affirmed); which one applies to this instrument is not determinable from the facility endpoint, so it is not attributed.",bank_facility_rating_letter,46,2026-08-25,https://www.indiaratings.co.in/pressReleases/GetBankFacilityDataRatingLetter?pressReleaseId=81837,"CC/OD/WCDL | DBS Bank India Limited | IND A1+ | rated amount 13000 (INR million, as published)",2026-09-09T16:43:55.547143+00:00
Bajaj Finance Limited,India Ratings,CC/OD/WCDL — DBS Bank India Limited,2026-08-25,1300.0,,INR 13000 million,0,,IND A1+,,,,0,1,"The press release title states multiple actions (Assigned, Affirmed); which one applies to this instrument is not determinable from the facility endpoint, so it is not attributed.",bank_facility_rating_letter,5,2026-08-25,https://www.indiaratings.co.in/pressReleases/GetBankFacilityDataRatingLetter?pressReleaseId=81837,"CC/OD/WCDL | DBS Bank India Limited | IND A1+ | rated amount 13000 (INR million, as published)",2026-09-09T16:43:55.547143+00:00
Bajaj Finance Limited,India Ratings,CC/OD/WCDL — IndusInd Bank Limited,2026-01-30,750.0,,INR 7500 million,0,,IND A1+,,,,0,1,"The press release title states multiple actions (Assigned, Affirmed); which one applies to this instrument is not determinable from the facility endpoint, so it is not attributed.",bank_facility_rating_letter,5,2026-01-30,https://www.indiaratings.co.in/pressReleases/GetBankFacilityDataRatingLetter?pressReleaseId=76931,"CC/OD/WCDL | IndusInd Bank Limited | IND A1+ | rated amount 7500 (INR million, as published)",2026-09-09T16:43:55.547143+00:00
Bajaj Finance Limited,India Ratings,CC/OD/WCDL — IndusInd Bank Limited,2026-03-10,750.0,,INR 7500 million,0,,IND A1+,,,,0,1,"The press release title states multiple actions (Assigned, Affirmed); which one applies to this instrument is not determinable from the facility endpoint, so it is not attributed.",bank_facility_rating_letter,299,2026-08-25,https://www.indiaratings.co.in/pressReleases/GetBankFacilityDataRatingLetter?pressReleaseId=81837,"CC/OD/WCDL | IndusInd Bank Limited | IND A1+ | rated amount 7500 (INR million, as published)",2026-09-09T16:43:55.547143+00:00
Bajaj Finance Limited,India Ratings,CC/OD/WCDL — IndusInd Bank Limited,2026-03-30,750.0,,INR 7500 million,0,,IND A1+,,,,0,1,"The press release title states multiple actions (Assigned, Affirmed); which one applies to this instrument is not determinable from the facility endpoint, so it is not attributed.",bank_facility_rating_letter,257,2026-08-25,https://www.indiaratings.co.in/pressReleases/GetBankFacilityDataRatingLetter?pressReleaseId=81837,"CC/OD/WCDL | IndusInd Bank Limited | IND A1+ | rated amount 7500 (INR million, as published)",2026-09-09T16:43:55.547143+00:00
Bajaj Finance Limited,India Ratings,CC/OD/WCDL — IndusInd Bank Limited,2026-04-27,750.0,,INR 7500 million,0,,IND A1+,,,,0,1,"The press release title states multiple actions (Assigned, Affirmed); which one applies to this instrument is not determinable from the facility endpoint, so it is not attributed.",bank_facility_rating_letter,215,2026-08-25,https://www.indiaratings.co.in/pressReleases/GetBankFacilityDataRatingLetter?pressReleaseId=81837,"CC/OD/WCDL | IndusInd Bank Limited | IND A1+ | rated amount 7500 (INR million, as published)",2026-09-09T16:43:55.547143+00:00
Bajaj Finance Limited,India Ratings,CC/OD/WCDL — IndusInd Bank Limited,2026-05-26,750.0,,INR 7500 million,0,,IND A1+,,,,0,1,"The press release title states multiple actions (Assigned, Affirmed); which one applies to this instrument is not determinable from the facility endpoint, so it is not attributed.",bank_facility_rating_letter,173,2026-08-25,https://www.indiaratings.co.in/pressReleases/GetBankFacilityDataRatingLetter?pressReleaseId=81837,"CC/OD/WCDL | IndusInd Bank Limited | IND A1+ | rated amount 7500 (INR million, as published)",2026-09-09T16:43:55.547143+00:00
Bajaj Finance Limited,India Ratings,CC/OD/WCDL — IndusInd Bank Limited,2026-06-23,750.0,,INR 7500 million,0,,IND A1+,,,,0,1,"The press release title states multiple actions (Assigned, Affirmed); which one applies to this instrument is not determinable from the facility endpoint, so it is not attributed.",bank_facility_rating_letter,131,2026-08-25,https://www.indiaratings.co.in/pressReleases/GetBankFacilityDataRatingLetter?pressReleaseId=81837,"CC/OD/WCDL | IndusInd Bank Limited | IND A1+ | rated amount 7500 (INR million, as published)",2026-09-09T16:43:55.547143+00:00
Bajaj Finance Limited,India Ratings,CC/OD/WCDL — IndusInd Bank Limited,2026-07-23,750.0,,INR 7500 million,0,,IND A1+,,,,0,1,"The press release title states multiple actions (Assigned, Affirmed); which one applies to this instrument is not determinable from the facility endpoint, so it is not attributed.",bank_facility_rating_letter,89,2026-08-25,https://www.indiaratings.co.in/pressReleases/GetBankFacilityDataRatingLetter?pressReleaseId=81837,"CC/OD/WCDL | IndusInd Bank Limited | IND A1+ | rated amount 7500 (INR million, as published)",2026-09-09T16:43:55.547143+00:00
Bajaj Finance Limited,India Ratings,CC/OD/WCDL — IndusInd Bank Limited,2026-08-07,750.0,,INR 7500 million,0,,IND A1+,,,,0,1,"The press release title states multiple actions (Assigned, Affirmed); which one applies to this instrument is not determinable from the facility endpoint, so it is not attributed.",bank_facility_rating_letter,47,2026-08-25,https://www.indiaratings.co.in/pressReleases/GetBankFacilityDataRatingLetter?pressReleaseId=81837,"CC/OD/WCDL | IndusInd Bank Limited | IND A1+ | rated amount 7500 (INR million, as published)",2026-09-09T16:43:55.547143+00:00
Bajaj Finance Limited,India Ratings,CC/OD/WCDL — IndusInd Bank Limited,2026-08-25,750.0,,INR 7500 million,0,,IND A1+,,,,0,1,"The press release title states multiple actions (Assigned, Affirmed); which one applies to this instrument is not determinable from the facility endpoint, so it is not attributed.",bank_facility_rating_letter,6,2026-08-25,https://www.indiaratings.co.in/pressReleases/GetBankFacilityDataRatingLetter?pressReleaseId=81837,"CC/OD/WCDL | IndusInd Bank Limited | IND A1+ | rated amount 7500 (INR million, as published)",2026-09-09T16:43:55.547143+00:00
Bajaj Finance Limited,India Ratings,CC/OD/WCDL — Kotak Mahindra Bank,2026-01-30,100.0,,INR 1000 million,0,,IND A1+,,,,0,1,"The press release title states multiple actions (Assigned, Affirmed); which one applies to this instrument is not determinable from the facility endpoint, so it is not attributed.",bank_facility_rating_letter,6,2026-01-30,https://www.indiaratings.co.in/pressReleases/GetBankFacilityDataRatingLetter?pressReleaseId=76931,"CC/OD/WCDL | Kotak Mahindra Bank | IND A1+ | rated amount 1000 (INR million, as published)",2026-09-09T16:43:55.547143+00:00
Bajaj Finance Limited,India Ratings,CC/OD/WCDL — Kotak Mahindra Bank,2026-03-10,100.0,,INR 1000 million,0,,IND A1+,,,,0,1,"The press release title states multiple actions (Assigned, Affirmed); which one applies to this instrument is not determinable from the facility endpoint, so it is not attributed.",bank_facility_rating_letter,300,2026-08-25,https://www.indiaratings.co.in/pressReleases/GetBankFacilityDataRatingLetter?pressReleaseId=81837,"CC/OD/WCDL | Kotak Mahindra Bank | IND A1+ | rated amount 1000 (INR million, as published)",2026-09-09T16:43:55.547143+00:00
Bajaj Finance Limited,India Ratings,CC/OD/WCDL — Kotak Mahindra Bank,2026-03-30,100.0,,INR 1000 million,0,,IND A1+,,,,0,1,"The press release title states multiple actions (Assigned, Affirmed); which one applies to this instrument is not determinable from the facility endpoint, so it is not attributed.",bank_facility_rating_letter,258,2026-08-25,https://www.indiaratings.co.in/pressReleases/GetBankFacilityDataRatingLetter?pressReleaseId=81837,"CC/OD/WCDL | Kotak Mahindra Bank | IND A1+ | rated amount 1000 (INR million, as published)",2026-09-09T16:43:55.547143+00:00
Bajaj Finance Limited,India Ratings,CC/OD/WCDL — Kotak Mahindra Bank,2026-04-27,100.0,,INR 1000 million,0,,IND A1+,,,,0,1,"The press release title states multiple actions (Assigned, Affirmed); which one applies to this instrument is not determinable from the facility endpoint, so it is not attributed.",bank_facility_rating_letter,216,2026-08-25,https://www.indiaratings.co.in/pressReleases/GetBankFacilityDataRatingLetter?pressReleaseId=81837,"CC/OD/WCDL | Kotak Mahindra Bank | IND A1+ | rated amount 1000 (INR million, as published)",2026-09-09T16:43:55.547143+00:00
Bajaj Finance Limited,India Ratings,CC/OD/WCDL — Kotak Mahindra Bank,2026-05-26,100.0,,INR 1000 million,0,,IND A1+,,,,0,1,"The press release title states multiple actions (Assigned, Affirmed); which one applies to this instrument is not determinable from the facility endpoint, so it is not attributed.",bank_facility_rating_letter,174,2026-08-25,https://www.indiaratings.co.in/pressReleases/GetBankFacilityDataRatingLetter?pressReleaseId=81837,"CC/OD/WCDL | Kotak Mahindra Bank | IND A1+ | rated amount 1000 (INR million, as published)",2026-09-09T16:43:55.547143+00:00
Bajaj Finance Limited,India Ratings,CC/OD/WCDL — Kotak Mahindra Bank,2026-06-23,100.0,,INR 1000 million,0,,IND A1+,,,,0,1,"The press release title states multiple actions (Assigned, Affirmed); which one applies to this instrument is not determinable from the facility endpoint, so it is not attributed.",bank_facility_rating_letter,132,2026-08-25,https://www.indiaratings.co.in/pressReleases/GetBankFacilityDataRatingLetter?pressReleaseId=81837,"CC/OD/WCDL | Kotak Mahindra Bank | IND A1+ | rated amount 1000 (INR million, as published)",2026-09-09T16:43:55.547143+00:00
Bajaj Finance Limited,India Ratings,CC/OD/WCDL — Kotak Mahindra Bank,2026-07-23,100.0,,INR 1000 million,0,,IND A1+,,,,0,1,"The press release title states multiple actions (Assigned, Affirmed); which one applies to this instrument is not determinable from the facility endpoint, so it is not attributed.",bank_facility_rating_letter,90,2026-08-25,https://www.indiaratings.co.in/pressReleases/GetBankFacilityDataRatingLetter?pressReleaseId=81837,"CC/OD/WCDL | Kotak Mahindra Bank | IND A1+ | rated amount 1000 (INR million, as published)",2026-09-09T16:43:55.547143+00:00
Bajaj Finance Limited,India Ratings,CC/OD/WCDL — Kotak Mahindra Bank,2026-08-07,100.0,,INR 1000 million,0,,IND A1+,,,,0,1,"The press release title states multiple actions (Assigned, Affirmed); which one applies to this instrument is not determinable from the facility endpoint, so it is not attributed.",bank_facility_rating_letter,48,2026-08-25,https://www.indiaratings.co.in/pressReleases/GetBankFacilityDataRatingLetter?pressReleaseId=81837,"CC/OD/WCDL | Kotak Mahindra Bank | IND A1+ | rated amount 1000 (INR million, as published)",2026-09-09T16:43:55.547143+00:00
Bajaj Finance Limited,India Ratings,CC/OD/WCDL — Kotak Mahindra Bank,2026-08-25,100.0,,INR 1000 million,0,,IND A1+,,,,0,1,"The press release title states multiple actions (Assigned, Affirmed); which one applies to this instrument is not determinable from the facility endpoint, so it is not attributed.",bank_facility_rating_letter,7,2026-08-25,https://www.indiaratings.co.in/pressReleases/GetBankFacilityDataRatingLetter?pressReleaseId=81837,"CC/OD/WCDL | Kotak Mahindra Bank | IND A1+ | rated amount 1000 (INR million, as published)",2026-09-09T16:43:55.547143+00:00
Bajaj Finance Limited,India Ratings,CC/OD/WCDL — Mizuho Bank Ltd,2026-01-30,500.0,,INR 5000 million,0,,IND A1+,,,,0,1,"The press release title states multiple actions (Assigned, Affirmed); which one applies to this instrument is not determinable from the facility endpoint, so it is not attributed.",bank_facility_rating_letter,7,2026-01-30,https://www.indiaratings.co.in/pressReleases/GetBankFacilityDataRatingLetter?pressReleaseId=76931,"CC/OD/WCDL | Mizuho Bank Ltd | IND A1+ | rated amount 5000 (INR million, as published)",2026-09-09T16:43:55.547143+00:00
Bajaj Finance Limited,India Ratings,CC/OD/WCDL — Mizuho Bank Ltd,2026-03-10,500.0,,INR 5000 million,0,,IND A1+,,,,0,1,"The press release title states multiple actions (Assigned, Affirmed); which one applies to this instrument is not determinable from the facility endpoint, so it is not attributed.",bank_facility_rating_letter,301,2026-08-25,https://www.indiaratings.co.in/pressReleases/GetBankFacilityDataRatingLetter?pressReleaseId=81837,"CC/OD/WCDL | Mizuho Bank Ltd | IND A1+ | rated amount 5000 (INR million, as published)",2026-09-09T16:43:55.547143+00:00
Bajaj Finance Limited,India Ratings,CC/OD/WCDL — Mizuho Bank Ltd,2026-03-30,500.0,,INR 5000 million,0,,IND A1+,,,,0,1,"The press release title states multiple actions (Assigned, Affirmed); which one applies to this instrument is not determinable from the facility endpoint, so it is not attributed.",bank_facility_rating_letter,259,2026-08-25,https://www.indiaratings.co.in/pressReleases/GetBankFacilityDataRatingLetter?pressReleaseId=81837,"CC/OD/WCDL | Mizuho Bank Ltd | IND A1+ | rated amount 5000 (INR million, as published)",2026-09-09T16:43:55.547143+00:00
Bajaj Finance Limited,India Ratings,CC/OD/WCDL — Mizuho Bank Ltd,2026-04-27,500.0,,INR 5000 million,0,,IND A1+,,,,0,1,"The press release title states multiple actions (Assigned, Affirmed); which one applies to this instrument is not determinable from the facility endpoint, so it is not attributed.",bank_facility_rating_letter,217,2026-08-25,https://www.indiaratings.co.in/pressReleases/GetBankFacilityDataRatingLetter?pressReleaseId=81837,"CC/OD/WCDL | Mizuho Bank Ltd | IND A1+ | rated amount 5000 (INR million, as published)",2026-09-09T16:43:55.547143+00:00
Bajaj Finance Limited,India Ratings,CC/OD/WCDL — Mizuho Bank Ltd,2026-05-26,500.0,,INR 5000 million,0,,IND A1+,,,,0,1,"The press release title states multiple actions (Assigned, Affirmed); which one applies to this instrument is not determinable from the facility endpoint, so it is not attributed.",bank_facility_rating_letter,175,2026-08-25,https://www.indiaratings.co.in/pressReleases/GetBankFacilityDataRatingLetter?pressReleaseId=81837,"CC/OD/WCDL | Mizuho Bank Ltd | IND A1+ | rated amount 5000 (INR million, as published)",2026-09-09T16:43:55.547143+00:00
Bajaj Finance Limited,India Ratings,CC/OD/WCDL — Mizuho Bank Ltd,2026-06-23,500.0,,INR 5000 million,0,,IND A1+,,,,0,1,"The press release title states multiple actions (Assigned, Affirmed); which one applies to this instrument is not determinable from the facility endpoint, so it is not attributed.",bank_facility_rating_letter,133,2026-08-25,https://www.indiaratings.co.in/pressReleases/GetBankFacilityDataRatingLetter?pressReleaseId=81837,"CC/OD/WCDL | Mizuho Bank Ltd | IND A1+ | rated amount 5000 (INR million, as published)",2026-09-09T16:43:55.547143+00:00
Bajaj Finance Limited,India Ratings,CC/OD/WCDL — Mizuho Bank Ltd,2026-07-23,500.0,,INR 5000 million,0,,IND A1+,,,,0,1,"The press release title states multiple actions (Assigned, Affirmed); which one applies to this instrument is not determinable from the facility endpoint, so it is not attributed.",bank_facility_rating_letter,91,2026-08-25,https://www.indiaratings.co.in/pressReleases/GetBankFacilityDataRatingLetter?pressReleaseId=81837,"CC/OD/WCDL | Mizuho Bank Ltd | IND A1+ | rated amount 5000 (INR million, as published)",2026-09-09T16:43:55.547143+00:00
Bajaj Finance Limited,India Ratings,CC/OD/WCDL — Mizuho Bank Ltd,2026-08-07,500.0,,INR 5000 million,0,,IND A1+,,,,0,1,"The press release title states multiple actions (Assigned, Affirmed); which one applies to this instrument is not determinable from the facility endpoint, so it is not attributed.",bank_facility_rating_letter,49,2026-08-25,https://www.indiaratings.co.in/pressReleases/GetBankFacilityDataRatingLetter?pressReleaseId=81837,"CC/OD/WCDL | Mizuho Bank Ltd | IND A1+ | rated amount 5000 (INR million, as published)",2026-09-09T16:43:55.547143+00:00
Bajaj Finance Limited,India Ratings,CC/OD/WCDL — Mizuho Bank Ltd,2026-08-25,500.0,,INR 5000 million,0,,IND A1+,,,,0,1,"The press release title states multiple actions (Assigned, Affirmed); which one applies to this instrument is not determinable from the facility endpoint, so it is not attributed.",bank_facility_rating_letter,8,2026-08-25,https://www.indiaratings.co.in/pressReleases/GetBankFacilityDataRatingLetter?pressReleaseId=81837,"CC/OD/WCDL | Mizuho Bank Ltd | IND A1+ | rated amount 5000 (INR million, as published)",2026-09-09T16:43:55.547143+00:00
Bajaj Finance Limited,India Ratings,CC/OD/WCDL — Punjab National Bank,2026-01-30,500.0,,INR 5000 million,0,,IND A1+,,,,0,1,"The press release title states multiple actions (Assigned, Affirmed); which one applies to this instrument is not determinable from the facility endpoint, so it is not attributed.",bank_facility_rating_letter,8,2026-01-30,https://www.indiaratings.co.in/pressReleases/GetBankFacilityDataRatingLetter?pressReleaseId=76931,"CC/OD/WCDL | Punjab National Bank | IND A1+ | rated amount 5000 (INR million, as published)",2026-09-09T16:43:55.547143+00:00
Bajaj Finance Limited,India Ratings,CC/OD/WCDL — Punjab National Bank,2026-03-10,500.0,,INR 5000 million,0,,IND A1+,,,,0,1,"The press release title states multiple actions (Assigned, Affirmed); which one applies to this instrument is not determinable from the facility endpoint, so it is not attributed.",bank_facility_rating_letter,302,2026-08-25,https://www.indiaratings.co.in/pressReleases/GetBankFacilityDataRatingLetter?pressReleaseId=81837,"CC/OD/WCDL | Punjab National Bank | IND A1+ | rated amount 5000 (INR million, as published)",2026-09-09T16:43:55.547143+00:00
Bajaj Finance Limited,India Ratings,CC/OD/WCDL — Punjab National Bank,2026-03-30,500.0,,INR 5000 million,0,,IND A1+,,,,0,1,"The press release title states multiple actions (Assigned, Affirmed); which one applies to this instrument is not determinable from the facility endpoint, so it is not attributed.",bank_facility_rating_letter,260,2026-08-25,https://www.indiaratings.co.in/pressReleases/GetBankFacilityDataRatingLetter?pressReleaseId=81837,"CC/OD/WCDL | Punjab National Bank | IND A1+ | rated amount 5000 (INR million, as published)",2026-09-09T16:43:55.547143+00:00
Bajaj Finance Limited,India Ratings,CC/OD/WCDL — Punjab National Bank,2026-04-27,500.0,,INR 5000 million,0,,IND A1+,,,,0,1,"The press release title states multiple actions (Assigned, Affirmed); which one applies to this instrument is not determinable from the facility endpoint, so it is not attributed.",bank_facility_rating_letter,218,2026-08-25,https://www.indiaratings.co.in/pressReleases/GetBankFacilityDataRatingLetter?pressReleaseId=81837,"CC/OD/WCDL | Punjab National Bank | IND A1+ | rated amount 5000 (INR million, as published)",2026-09-09T16:43:55.547143+00:00
Bajaj Finance Limited,India Ratings,CC/OD/WCDL — Punjab National Bank,2026-05-26,500.0,,INR 5000 million,0,,IND A1+,,,,0,1,"The press release title states multiple actions (Assigned, Affirmed); which one applies to this instrument is not determinable from the facility endpoint, so it is not attributed.",bank_facility_rating_letter,176,2026-08-25,https://www.indiaratings.co.in/pressReleases/GetBankFacilityDataRatingLetter?pressReleaseId=81837,"CC/OD/WCDL | Punjab National Bank | IND A1+ | rated amount 5000 (INR million, as published)",2026-09-09T16:43:55.547143+00:00
Bajaj Finance Limited,India Ratings,CC/OD/WCDL — Punjab National Bank,2026-06-23,500.0,,INR 5000 million,0,,IND A1+,,,,0,1,"The press release title states multiple actions (Assigned, Affirmed); which one applies to this instrument is not determinable from the facility endpoint, so it is not attributed.",bank_facility_rating_letter,134,2026-08-25,https://www.indiaratings.co.in/pressReleases/GetBankFacilityDataRatingLetter?pressReleaseId=81837,"CC/OD/WCDL | Punjab National Bank | IND A1+ | rated amount 5000 (INR million, as published)",2026-09-09T16:43:55.547143+00:00
Bajaj Finance Limited,India Ratings,CC/OD/WCDL — Punjab National Bank,2026-07-23,500.0,,INR 5000 million,0,,IND A1+,,,,0,1,"The press release title states multiple actions (Assigned, Affirmed); which one applies to this instrument is not determinable from the facility endpoint, so it is not attributed.",bank_facility_rating_letter,92,2026-08-25,https://www.indiaratings.co.in/pressReleases/GetBankFacilityDataRatingLetter?pressReleaseId=81837,"CC/OD/WCDL | Punjab National Bank | IND A1+ | rated amount 5000 (INR million, as published)",2026-09-09T16:43:55.547143+00:00
Bajaj Finance Limited,India Ratings,CC/OD/WCDL — Punjab National Bank,2026-08-07,500.0,,INR 5000 million,0,,IND A1+,,,,0,1,"The press release title states multiple actions (Assigned, Affirmed); which one applies to this instrument is not determinable from the facility endpoint, so it is not attributed.",bank_facility_rating_letter,50,2026-08-25,https://www.indiaratings.co.in/pressReleases/GetBankFacilityDataRatingLetter?pressReleaseId=81837,"CC/OD/WCDL | Punjab National Bank | IND A1+ | rated amount 5000 (INR million, as published)",2026-09-09T16:43:55.547143+00:00
Bajaj Finance Limited,India Ratings,CC/OD/WCDL — Punjab National Bank,2026-08-25,500.0,,INR 5000 million,0,,IND A1+,,,,0,1,"The press release title states multiple actions (Assigned, Affirmed); which one applies to this instrument is not determinable from the facility endpoint, so it is not attributed.",bank_facility_rating_letter,9,2026-08-25,https://www.indiaratings.co.in/pressReleases/GetBankFacilityDataRatingLetter?pressReleaseId=81837,"CC/OD/WCDL | Punjab National Bank | IND A1+ | rated amount 5000 (INR million, as published)",2026-09-09T16:43:55.547143+00:00
Bajaj Finance Limited,India Ratings,CC/OD/WCDL — RBL Bank,2026-01-30,700.0,,INR 7000 million,0,,IND A1+,,,,0,1,"The press release title states multiple actions (Assigned, Affirmed); which one applies to this instrument is not determinable from the facility endpoint, so it is not attributed.",bank_facility_rating_letter,9,2026-01-30,https://www.indiaratings.co.in/pressReleases/GetBankFacilityDataRatingLetter?pressReleaseId=76931,"CC/OD/WCDL | RBL Bank | IND A1+ | rated amount 7000 (INR million, as published)",2026-09-09T16:43:55.547143+00:00
Bajaj Finance Limited,India Ratings,CC/OD/WCDL — RBL Bank,2026-03-10,700.0,,INR 7000 million,0,,IND A1+,,,,0,1,"The press release title states multiple actions (Assigned, Affirmed); which one applies to this instrument is not determinable from the facility endpoint, so it is not attributed.",bank_facility_rating_letter,303,2026-08-25,https://www.indiaratings.co.in/pressReleases/GetBankFacilityDataRatingLetter?pressReleaseId=81837,"CC/OD/WCDL | RBL Bank | IND A1+ | rated amount 7000 (INR million, as published)",2026-09-09T16:43:55.547143+00:00
Bajaj Finance Limited,India Ratings,CC/OD/WCDL — RBL Bank,2026-03-30,700.0,,INR 7000 million,0,,IND A1+,,,,0,1,"The press release title states multiple actions (Assigned, Affirmed); which one applies to this instrument is not determinable from the facility endpoint, so it is not attributed.",bank_facility_rating_letter,261,2026-08-25,https://www.indiaratings.co.in/pressReleases/GetBankFacilityDataRatingLetter?pressReleaseId=81837,"CC/OD/WCDL | RBL Bank | IND A1+ | rated amount 7000 (INR million, as published)",2026-09-09T16:43:55.547143+00:00
Bajaj Finance Limited,India Ratings,CC/OD/WCDL — RBL Bank,2026-04-27,700.0,,INR 7000 million,0,,IND A1+,,,,0,1,"The press release title states multiple actions (Assigned, Affirmed); which one applies to this instrument is not determinable from the facility endpoint, so it is not attributed.",bank_facility_rating_letter,219,2026-08-25,https://www.indiaratings.co.in/pressReleases/GetBankFacilityDataRatingLetter?pressReleaseId=81837,"CC/OD/WCDL | RBL Bank | IND A1+ | rated amount 7000 (INR million, as published)",2026-09-09T16:43:55.547143+00:00
Bajaj Finance Limited,India Ratings,CC/OD/WCDL — RBL Bank,2026-05-26,700.0,,INR 7000 million,0,,IND A1+,,,,0,1,"The press release title states multiple actions (Assigned, Affirmed); which one applies to this instrument is not determinable from the facility endpoint, so it is not attributed.",bank_facility_rating_letter,177,2026-08-25,https://www.indiaratings.co.in/pressReleases/GetBankFacilityDataRatingLetter?pressReleaseId=81837,"CC/OD/WCDL | RBL Bank | IND A1+ | rated amount 7000 (INR million, as published)",2026-09-09T16:43:55.547143+00:00
Bajaj Finance Limited,India Ratings,CC/OD/WCDL — RBL Bank,2026-06-23,700.0,,INR 7000 million,0,,IND A1+,,,,0,1,"The press release title states multiple actions (Assigned, Affirmed); which one applies to this instrument is not determinable from the facility endpoint, so it is not attributed.",bank_facility_rating_letter,135,2026-08-25,https://www.indiaratings.co.in/pressReleases/GetBankFacilityDataRatingLetter?pressReleaseId=81837,"CC/OD/WCDL | RBL Bank | IND A1+ | rated amount 7000 (INR million, as published)",2026-09-09T16:43:55.547143+00:00
Bajaj Finance Limited,India Ratings,CC/OD/WCDL — RBL Bank,2026-07-23,700.0,,INR 7000 million,0,,IND A1+,,,,0,1,"The press release title states multiple actions (Assigned, Affirmed); which one applies to this instrument is not determinable from the facility endpoint, so it is not attributed.",bank_facility_rating_letter,93,2026-08-25,https://www.indiaratings.co.in/pressReleases/GetBankFacilityDataRatingLetter?pressReleaseId=81837,"CC/OD/WCDL | RBL Bank | IND A1+ | rated amount 7000 (INR million, as published)",2026-09-09T16:43:55.547143+00:00
Bajaj Finance Limited,India Ratings,CC/OD/WCDL — RBL Bank,2026-08-07,700.0,,INR 7000 million,0,,IND A1+,,,,0,1,"The press release title states multiple actions (Assigned, Affirmed); which one applies to this instrument is not determinable from the facility endpoint, so it is not attributed.",bank_facility_rating_letter,51,2026-08-25,https://www.indiaratings.co.in/pressReleases/GetBankFacilityDataRatingLetter?pressReleaseId=81837,"CC/OD/WCDL | RBL Bank | IND A1+ | rated amount 7000 (INR million, as published)",2026-09-09T16:43:55.547143+00:00
Bajaj Finance Limited,India Ratings,CC/OD/WCDL — RBL Bank,2026-08-25,1500.0,,INR 15000 million,0,,IND A1+,,,,0,1,"The press release title states multiple actions (Assigned, Affirmed); which one applies to this instrument is not determinable from the facility endpoint, so it is not attributed.",bank_facility_rating_letter,10,2026-08-25,https://www.indiaratings.co.in/pressReleases/GetBankFacilityDataRatingLetter?pressReleaseId=81837,"CC/OD/WCDL | RBL Bank | IND A1+ | rated amount 15000 (INR million, as published)",2026-09-09T16:43:55.547143+00:00
Bajaj Finance Limited,India Ratings,CC/OD/WCDL — Standard Chartered bank,2026-01-30,10.0,,INR 100 million,0,,IND A1+,,,,0,1,"The press release title states multiple actions (Assigned, Affirmed); which one applies to this instrument is not determinable from the facility endpoint, so it is not attributed.",bank_facility_rating_letter,10,2026-01-30,https://www.indiaratings.co.in/pressReleases/GetBankFacilityDataRatingLetter?pressReleaseId=76931,"CC/OD/WCDL | Standard Chartered bank | IND A1+ | rated amount 100 (INR million, as published)",2026-09-09T16:43:55.547143+00:00
Bajaj Finance Limited,India Ratings,CC/OD/WCDL — Standard Chartered bank,2026-03-10,10.0,,INR 100 million,0,,IND A1+,,,,0,1,"The press release title states multiple actions (Assigned, Affirmed); which one applies to this instrument is not determinable from the facility endpoint, so it is not attributed.",bank_facility_rating_letter,304,2026-08-25,https://www.indiaratings.co.in/pressReleases/GetBankFacilityDataRatingLetter?pressReleaseId=81837,"CC/OD/WCDL | Standard Chartered bank | IND A1+ | rated amount 100 (INR million, as published)",2026-09-09T16:43:55.547143+00:00
Bajaj Finance Limited,India Ratings,CC/OD/WCDL — Standard Chartered bank,2026-03-30,10.0,,INR 100 million,0,,IND A1+,,,,0,1,"The press release title states multiple actions (Assigned, Affirmed); which one applies to this instrument is not determinable from the facility endpoint, so it is not attributed.",bank_facility_rating_letter,262,2026-08-25,https://www.indiaratings.co.in/pressReleases/GetBankFacilityDataRatingLetter?pressReleaseId=81837,"CC/OD/WCDL | Standard Chartered bank | IND A1+ | rated amount 100 (INR million, as published)",2026-09-09T16:43:55.547143+00:00
Bajaj Finance Limited,India Ratings,CC/OD/WCDL — Standard Chartered bank,2026-04-27,10.0,,INR 100 million,0,,IND A1+,,,,0,1,"The press release title states multiple actions (Assigned, Affirmed); which one applies to this instrument is not determinable from the facility endpoint, so it is not attributed.",bank_facility_rating_letter,220,2026-08-25,https://www.indiaratings.co.in/pressReleases/GetBankFacilityDataRatingLetter?pressReleaseId=81837,"CC/OD/WCDL | Standard Chartered bank | IND A1+ | rated amount 100 (INR million, as published)",2026-09-09T16:43:55.547143+00:00
Bajaj Finance Limited,India Ratings,CC/OD/WCDL — Standard Chartered bank,2026-05-26,10.0,,INR 100 million,0,,IND A1+,,,,0,1,"The press release title states multiple actions (Assigned, Affirmed); which one applies to this instrument is not determinable from the facility endpoint, so it is not attributed.",bank_facility_rating_letter,178,2026-08-25,https://www.indiaratings.co.in/pressReleases/GetBankFacilityDataRatingLetter?pressReleaseId=81837,"CC/OD/WCDL | Standard Chartered bank | IND A1+ | rated amount 100 (INR million, as published)",2026-09-09T16:43:55.547143+00:00
Bajaj Finance Limited,India Ratings,CC/OD/WCDL — Standard Chartered bank,2026-06-23,10.0,,INR 100 million,0,,IND A1+,,,,0,1,"The press release title states multiple actions (Assigned, Affirmed); which one applies to this instrument is not determinable from the facility endpoint, so it is not attributed.",bank_facility_rating_letter,136,2026-08-25,https://www.indiaratings.co.in/pressReleases/GetBankFacilityDataRatingLetter?pressReleaseId=81837,"CC/OD/WCDL | Standard Chartered bank | IND A1+ | rated amount 100 (INR million, as published)",2026-09-09T16:43:55.547143+00:00
Bajaj Finance Limited,India Ratings,CC/OD/WCDL — Standard Chartered bank,2026-07-23,10.0,,INR 100 million,0,,IND A1+,,,,0,1,"The press release title states multiple actions (Assigned, Affirmed); which one applies to this instrument is not determinable from the facility endpoint, so it is not attributed.",bank_facility_rating_letter,94,2026-08-25,https://www.indiaratings.co.in/pressReleases/GetBankFacilityDataRatingLetter?pressReleaseId=81837,"CC/OD/WCDL | Standard Chartered bank | IND A1+ | rated amount 100 (INR million, as published)",2026-09-09T16:43:55.547143+00:00
Bajaj Finance Limited,India Ratings,CC/OD/WCDL — Standard Chartered bank,2026-08-07,10.0,,INR 100 million,0,,IND A1+,,,,0,1,"The press release title states multiple actions (Assigned, Affirmed); which one applies to this instrument is not determinable from the facility endpoint, so it is not attributed.",bank_facility_rating_letter,52,2026-08-25,https://www.indiaratings.co.in/pressReleases/GetBankFacilityDataRatingLetter?pressReleaseId=81837,"CC/OD/WCDL | Standard Chartered bank | IND A1+ | rated amount 100 (INR million, as published)",2026-09-09T16:43:55.547143+00:00
Bajaj Finance Limited,India Ratings,CC/OD/WCDL — Standard Chartered bank,2026-08-25,10.0,,INR 100 million,0,,IND A1+,,,,0,1,"The press release title states multiple actions (Assigned, Affirmed); which one applies to this instrument is not determinable from the facility endpoint, so it is not attributed.",bank_facility_rating_letter,11,2026-08-25,https://www.indiaratings.co.in/pressReleases/GetBankFacilityDataRatingLetter?pressReleaseId=81837,"CC/OD/WCDL | Standard Chartered bank | IND A1+ | rated amount 100 (INR million, as published)",2026-09-09T16:43:55.547143+00:00
Bajaj Finance Limited,India Ratings,CC/OD/WCDL — Union Bank of India,2026-01-30,500.0,,INR 5000 million,0,,IND A1+,,,,0,1,"The press release title states multiple actions (Assigned, Affirmed); which one applies to this instrument is not determinable from the facility endpoint, so it is not attributed.",bank_facility_rating_letter,11,2026-01-30,https://www.indiaratings.co.in/pressReleases/GetBankFacilityDataRatingLetter?pressReleaseId=76931,"CC/OD/WCDL | Union Bank of India | IND A1+ | rated amount 5000 (INR million, as published)",2026-09-09T16:43:55.547143+00:00
Bajaj Finance Limited,India Ratings,CC/OD/WCDL — Union Bank of India,2026-03-10,500.0,,INR 5000 million,0,,IND A1+,,,,0,1,"The press release title states multiple actions (Assigned, Affirmed); which one applies to this instrument is not determinable from the facility endpoint, so it is not attributed.",bank_facility_rating_letter,305,2026-08-25,https://www.indiaratings.co.in/pressReleases/GetBankFacilityDataRatingLetter?pressReleaseId=81837,"CC/OD/WCDL | Union Bank of India | IND A1+ | rated amount 5000 (INR million, as published)",2026-09-09T16:43:55.547143+00:00
Bajaj Finance Limited,India Ratings,CC/OD/WCDL — Union Bank of India,2026-03-30,500.0,,INR 5000 million,0,,IND A1+,,,,0,1,"The press release title states multiple actions (Assigned, Affirmed); which one applies to this instrument is not determinable from the facility endpoint, so it is not attributed.",bank_facility_rating_letter,263,2026-08-25,https://www.indiaratings.co.in/pressReleases/GetBankFacilityDataRatingLetter?pressReleaseId=81837,"CC/OD/WCDL | Union Bank of India | IND A1+ | rated amount 5000 (INR million, as published)",2026-09-09T16:43:55.547143+00:00
Bajaj Finance Limited,India Ratings,CC/OD/WCDL — Union Bank of India,2026-04-27,500.0,,INR 5000 million,0,,IND A1+,,,,0,1,"The press release title states multiple actions (Assigned, Affirmed); which one applies to this instrument is not determinable from the facility endpoint, so it is not attributed.",bank_facility_rating_letter,221,2026-08-25,https://www.indiaratings.co.in/pressReleases/GetBankFacilityDataRatingLetter?pressReleaseId=81837,"CC/OD/WCDL | Union Bank of India | IND A1+ | rated amount 5000 (INR million, as published)",2026-09-09T16:43:55.547143+00:00
Bajaj Finance Limited,India Ratings,CC/OD/WCDL — Union Bank of India,2026-05-26,500.0,,INR 5000 million,0,,IND A1+,,,,0,1,"The press release title states multiple actions (Assigned, Affirmed); which one applies to this instrument is not determinable from the facility endpoint, so it is not attributed.",bank_facility_rating_letter,179,2026-08-25,https://www.indiaratings.co.in/pressReleases/GetBankFacilityDataRatingLetter?pressReleaseId=81837,"CC/OD/WCDL | Union Bank of India | IND A1+ | rated amount 5000 (INR million, as published)",2026-09-09T16:43:55.547143+00:00
Bajaj Finance Limited,India Ratings,CC/OD/WCDL — Union Bank of India,2026-06-23,500.0,,INR 5000 million,0,,IND A1+,,,,0,1,"The press release title states multiple actions (Assigned, Affirmed); which one applies to this instrument is not determinable from the facility endpoint, so it is not attributed.",bank_facility_rating_letter,137,2026-08-25,https://www.indiaratings.co.in/pressReleases/GetBankFacilityDataRatingLetter?pressReleaseId=81837,"CC/OD/WCDL | Union Bank of India | IND A1+ | rated amount 5000 (INR million, as published)",2026-09-09T16:43:55.547143+00:00
Bajaj Finance Limited,India Ratings,CC/OD/WCDL — Union Bank of India,2026-07-23,500.0,,INR 5000 million,0,,IND A1+,,,,0,1,"The press release title states multiple actions (Assigned, Affirmed); which one applies to this instrument is not determinable from the facility endpoint, so it is not attributed.",bank_facility_rating_letter,95,2026-08-25,https://www.indiaratings.co.in/pressReleases/GetBankFacilityDataRatingLetter?pressReleaseId=81837,"CC/OD/WCDL | Union Bank of India | IND A1+ | rated amount 5000 (INR million, as published)",2026-09-09T16:43:55.547143+00:00
Bajaj Finance Limited,India Ratings,CC/OD/WCDL — Union Bank of India,2026-08-07,500.0,,INR 5000 million,0,,IND A1+,,,,0,1,"The press release title states multiple actions (Assigned, Affirmed); which one applies to this instrument is not determinable from the facility endpoint, so it is not attributed.",bank_facility_rating_letter,53,2026-08-25,https://www.indiaratings.co.in/pressReleases/GetBankFacilityDataRatingLetter?pressReleaseId=81837,"CC/OD/WCDL | Union Bank of India | IND A1+ | rated amount 5000 (INR million, as published)",2026-09-09T16:43:55.547143+00:00
Bajaj Finance Limited,India Ratings,CC/OD/WCDL — Union Bank of India,2026-08-25,500.0,,INR 5000 million,0,,IND A1+,,,,0,1,"The press release title states multiple actions (Assigned, Affirmed); which one applies to this instrument is not determinable from the facility endpoint, so it is not attributed.",bank_facility_rating_letter,12,2026-08-25,https://www.indiaratings.co.in/pressReleases/GetBankFacilityDataRatingLetter?pressReleaseId=81837,"CC/OD/WCDL | Union Bank of India | IND A1+ | rated amount 5000 (INR million, as published)",2026-09-09T16:43:55.547143+00:00
Bajaj Finance Limited,India Ratings,CC/OD/WCDL — Yes Bank Ltd,2026-01-30,100.0,,INR 1000 million,0,,IND A1+,,,,0,1,"The press release title states multiple actions (Assigned, Affirmed); which one applies to this instrument is not determinable from the facility endpoint, so it is not attributed.",bank_facility_rating_letter,12,2026-01-30,https://www.indiaratings.co.in/pressReleases/GetBankFacilityDataRatingLetter?pressReleaseId=76931,"CC/OD/WCDL | Yes Bank Ltd | IND A1+ | rated amount 1000 (INR million, as published)",2026-09-09T16:43:55.547143+00:00
Bajaj Finance Limited,India Ratings,CC/OD/WCDL — Yes Bank Ltd,2026-03-10,100.0,,INR 1000 million,0,,IND A1+,,,,0,1,"The press release title states multiple actions (Assigned, Affirmed); which one applies to this instrument is not determinable from the facility endpoint, so it is not attributed.",bank_facility_rating_letter,306,2026-08-25,https://www.indiaratings.co.in/pressReleases/GetBankFacilityDataRatingLetter?pressReleaseId=81837,"CC/OD/WCDL | Yes Bank Ltd | IND A1+ | rated amount 1000 (INR million, as published)",2026-09-09T16:43:55.547143+00:00
Bajaj Finance Limited,India Ratings,CC/OD/WCDL — Yes Bank Ltd,2026-03-30,100.0,,INR 1000 million,0,,IND A1+,,,,0,1,"The press release title states multiple actions (Assigned, Affirmed); which one applies to this instrument is not determinable from the facility endpoint, so it is not attributed.",bank_facility_rating_letter,264,2026-08-25,https://www.indiaratings.co.in/pressReleases/GetBankFacilityDataRatingLetter?pressReleaseId=81837,"CC/OD/WCDL | Yes Bank Ltd | IND A1+ | rated amount 1000 (INR million, as published)",2026-09-09T16:43:55.547143+00:00
Bajaj Finance Limited,India Ratings,CC/OD/WCDL — Yes Bank Ltd,2026-04-27,100.0,,INR 1000 million,0,,IND A1+,,,,0,1,"The press release title states multiple actions (Assigned, Affirmed); which one applies to this instrument is not determinable from the facility endpoint, so it is not attributed.",bank_facility_rating_letter,222,2026-08-25,https://www.indiaratings.co.in/pressReleases/GetBankFacilityDataRatingLetter?pressReleaseId=81837,"CC/OD/WCDL | Yes Bank Ltd | IND A1+ | rated amount 1000 (INR million, as published)",2026-09-09T16:43:55.547143+00:00
Bajaj Finance Limited,India Ratings,CC/OD/WCDL — Yes Bank Ltd,2026-05-26,100.0,,INR 1000 million,0,,IND A1+,,,,0,1,"The press release title states multiple actions (Assigned, Affirmed); which one applies to this instrument is not determinable from the facility endpoint, so it is not attributed.",bank_facility_rating_letter,180,2026-08-25,https://www.indiaratings.co.in/pressReleases/GetBankFacilityDataRatingLetter?pressReleaseId=81837,"CC/OD/WCDL | Yes Bank Ltd | IND A1+ | rated amount 1000 (INR million, as published)",2026-09-09T16:43:55.547143+00:00
Bajaj Finance Limited,India Ratings,CC/OD/WCDL — Yes Bank Ltd,2026-06-23,100.0,,INR 1000 million,0,,IND A1+,,,,0,1,"The press release title states multiple actions (Assigned, Affirmed); which one applies to this instrument is not determinable from the facility endpoint, so it is not attributed.",bank_facility_rating_letter,138,2026-08-25,https://www.indiaratings.co.in/pressReleases/GetBankFacilityDataRatingLetter?pressReleaseId=81837,"CC/OD/WCDL | Yes Bank Ltd | IND A1+ | rated amount 1000 (INR million, as published)",2026-09-09T16:43:55.547143+00:00
Bajaj Finance Limited,India Ratings,CC/OD/WCDL — Yes Bank Ltd,2026-07-23,100.0,,INR 1000 million,0,,IND A1+,,,,0,1,"The press release title states multiple actions (Assigned, Affirmed); which one applies to this instrument is not determinable from the facility endpoint, so it is not attributed.",bank_facility_rating_letter,96,2026-08-25,https://www.indiaratings.co.in/pressReleases/GetBankFacilityDataRatingLetter?pressReleaseId=81837,"CC/OD/WCDL | Yes Bank Ltd | IND A1+ | rated amount 1000 (INR million, as published)",2026-09-09T16:43:55.547143+00:00
Bajaj Finance Limited,India Ratings,CC/OD/WCDL — Yes Bank Ltd,2026-08-07,100.0,,INR 1000 million,0,,IND A1+,,,,0,1,"The press release title states multiple actions (Assigned, Affirmed); which one applies to this instrument is not determinable from the facility endpoint, so it is not attributed.",bank_facility_rating_letter,54,2026-08-25,https://www.indiaratings.co.in/pressReleases/GetBankFacilityDataRatingLetter?pressReleaseId=81837,"CC/OD/WCDL | Yes Bank Ltd | IND A1+ | rated amount 1000 (INR million, as published)",2026-09-09T16:43:55.547143+00:00
Bajaj Finance Limited,India Ratings,CC/OD/WCDL — Yes Bank Ltd,2026-08-25,100.0,,INR 1000 million,0,,IND A1+,,,,0,1,"The press release title states multiple actions (Assigned, Affirmed); which one applies to this instrument is not determinable from the facility endpoint, so it is not attributed.",bank_facility_rating_letter,13,2026-08-25,https://www.indiaratings.co.in/pressReleases/GetBankFacilityDataRatingLetter?pressReleaseId=81837,"CC/OD/WCDL | Yes Bank Ltd | IND A1+ | rated amount 1000 (INR million, as published)",2026-09-09T16:43:55.547143+00:00
Bajaj Finance Limited,India Ratings,CC/WCDL — Axis Bank Limited,2025-06-16,1150.0,,INR 11500 million,0,,IND A1+,,,,0,1,"The press release title states multiple actions (Assigned, Affirmed); which one applies to this instrument is not determinable from the facility endpoint, so it is not attributed.",bank_facility_rating_letter,274,2026-01-30,https://www.indiaratings.co.in/pressReleases/GetBankFacilityDataRatingLetter?pressReleaseId=76931,"CC/WCDL | Axis Bank Limited | IND A1+ | rated amount 11500 (INR million, as published)",2026-09-09T16:43:55.547143+00:00
Bajaj Finance Limited,India Ratings,CC/WCDL — Axis Bank Limited,2025-06-24,1150.0,,INR 11500 million,0,,IND A1+,,,,0,1,"The press release title states multiple actions (Assigned, Affirmed); which one applies to this instrument is not determinable from the facility endpoint, so it is not attributed.",bank_facility_rating_letter,234,2026-01-30,https://www.indiaratings.co.in/pressReleases/GetBankFacilityDataRatingLetter?pressReleaseId=76931,"CC/WCDL | Axis Bank Limited | IND A1+ | rated amount 11500 (INR million, as published)",2026-09-09T16:43:55.547143+00:00
Bajaj Finance Limited,India Ratings,CC/WCDL — Axis Bank Limited,2025-07-23,1150.0,,INR 11500 million,0,,IND A1+,,,,0,1,"The press release title states multiple actions (Assigned, Affirmed); which one applies to this instrument is not determinable from the facility endpoint, so it is not attributed.",bank_facility_rating_letter,195,2026-01-30,https://www.indiaratings.co.in/pressReleases/GetBankFacilityDataRatingLetter?pressReleaseId=76931,"CC/WCDL | Axis Bank Limited | IND A1+ | rated amount 11500 (INR million, as published)",2026-09-09T16:43:55.547143+00:00
Bajaj Finance Limited,India Ratings,CC/WCDL — Axis Bank Limited,2025-08-29,1150.0,,INR 11500 million,0,,IND A1+,,,,0,1,"The press release title states multiple actions (Assigned, Affirmed); which one applies to this instrument is not determinable from the facility endpoint, so it is not attributed.",bank_facility_rating_letter,156,2026-01-30,https://www.indiaratings.co.in/pressReleases/GetBankFacilityDataRatingLetter?pressReleaseId=76931,"CC/WCDL | Axis Bank Limited | IND A1+ | rated amount 11500 (INR million, as published)",2026-09-09T16:43:55.547143+00:00
Bajaj Finance Limited,India Ratings,CC/WCDL — Axis Bank Limited,2025-09-30,1150.0,,INR 11500 million,0,,IND A1+,,,,0,1,"The press release title states multiple actions (Assigned, Affirmed); which one applies to this instrument is not determinable from the facility endpoint, so it is not attributed.",bank_facility_rating_letter,117,2026-01-30,https://www.indiaratings.co.in/pressReleases/GetBankFacilityDataRatingLetter?pressReleaseId=76931,"CC/WCDL | Axis Bank Limited | IND A1+ | rated amount 11500 (INR million, as published)",2026-09-09T16:43:55.547143+00:00
Bajaj Finance Limited,India Ratings,CC/WCDL — Axis Bank Limited,2025-12-01,1150.0,,INR 11500 million,0,,IND A1+,,,,0,1,"The press release title states multiple actions (Assigned, Affirmed); which one applies to this instrument is not determinable from the facility endpoint, so it is not attributed.",bank_facility_rating_letter,78,2026-01-30,https://www.indiaratings.co.in/pressReleases/GetBankFacilityDataRatingLetter?pressReleaseId=76931,"CC/WCDL | Axis Bank Limited | IND A1+ | rated amount 11500 (INR million, as published)",2026-09-09T16:43:55.547143+00:00
Bajaj Finance Limited,India Ratings,CC/WCDL — Axis Bank Limited,2025-12-30,1150.0,,INR 11500 million,0,,IND A1+,,,,0,1,"The press release title states multiple actions (Assigned, Affirmed); which one applies to this instrument is not determinable from the facility endpoint, so it is not attributed.",bank_facility_rating_letter,39,2026-01-30,https://www.indiaratings.co.in/pressReleases/GetBankFacilityDataRatingLetter?pressReleaseId=76931,"CC/WCDL | Axis Bank Limited | IND A1+ | rated amount 11500 (INR million, as published)",2026-09-09T16:43:55.547143+00:00
Bajaj Finance Limited,India Ratings,CC/WCDL — Bank of Baroda,2025-06-16,200.0,,INR 2000 million,0,,IND A1+,,,,0,1,"The press release title states multiple actions (Assigned, Affirmed); which one applies to this instrument is not determinable from the facility endpoint, so it is not attributed.",bank_facility_rating_letter,275,2026-01-30,https://www.indiaratings.co.in/pressReleases/GetBankFacilityDataRatingLetter?pressReleaseId=76931,"CC/WCDL | Bank of Baroda | IND A1+ | rated amount 2000 (INR million, as published)",2026-09-09T16:43:55.547143+00:00
Bajaj Finance Limited,India Ratings,CC/WCDL — Bank of Baroda,2025-06-24,200.0,,INR 2000 million,0,,IND A1+,,,,0,1,"The press release title states multiple actions (Assigned, Affirmed); which one applies to this instrument is not determinable from the facility endpoint, so it is not attributed.",bank_facility_rating_letter,235,2026-01-30,https://www.indiaratings.co.in/pressReleases/GetBankFacilityDataRatingLetter?pressReleaseId=76931,"CC/WCDL | Bank of Baroda | IND A1+ | rated amount 2000 (INR million, as published)",2026-09-09T16:43:55.547143+00:00
Bajaj Finance Limited,India Ratings,CC/WCDL — Bank of Baroda,2025-07-23,200.0,,INR 2000 million,0,,IND A1+,,,,0,1,"The press release title states multiple actions (Assigned, Affirmed); which one applies to this instrument is not determinable from the facility endpoint, so it is not attributed.",bank_facility_rating_letter,196,2026-01-30,https://www.indiaratings.co.in/pressReleases/GetBankFacilityDataRatingLetter?pressReleaseId=76931,"CC/WCDL | Bank of Baroda | IND A1+ | rated amount 2000 (INR million, as published)",2026-09-09T16:43:55.547143+00:00
Bajaj Finance Limited,India Ratings,CC/WCDL — Bank of Baroda,2025-08-29,200.0,,INR 2000 million,0,,IND A1+,,,,0,1,"The press release title states multiple actions (Assigned, Affirmed); which one applies to this instrument is not determinable from the facility endpoint, so it is not attributed.",bank_facility_rating_letter,157,2026-01-30,https://www.indiaratings.co.in/pressReleases/GetBankFacilityDataRatingLetter?pressReleaseId=76931,"CC/WCDL | Bank of Baroda | IND A1+ | rated amount 2000 (INR million, as published)",2026-09-09T16:43:55.547143+00:00
Bajaj Finance Limited,India Ratings,CC/WCDL — Bank of Baroda,2025-09-30,200.0,,INR 2000 million,0,,IND A1+,,,,0,1,"The press release title states multiple actions (Assigned, Affirmed); which one applies to this instrument is not determinable from the facility endpoint, so it is not attributed.",bank_facility_rating_letter,118,2026-01-30,https://www.indiaratings.co.in/pressReleases/GetBankFacilityDataRatingLetter?pressReleaseId=76931,"CC/WCDL | Bank of Baroda | IND A1+ | rated amount 2000 (INR million, as published)",2026-09-09T16:43:55.547143+00:00
Bajaj Finance Limited,India Ratings,CC/WCDL — Bank of Baroda,2025-12-01,200.0,,INR 2000 million,0,,IND A1+,,,,0,1,"The press release title states multiple actions (Assigned, Affirmed); which one applies to this instrument is not determinable from the facility endpoint, so it is not attributed.",bank_facility_rating_letter,79,2026-01-30,https://www.indiaratings.co.in/pressReleases/GetBankFacilityDataRatingLetter?pressReleaseId=76931,"CC/WCDL | Bank of Baroda | IND A1+ | rated amount 2000 (INR million, as published)",2026-09-09T16:43:55.547143+00:00
Bajaj Finance Limited,India Ratings,CC/WCDL — Bank of Baroda,2025-12-30,200.0,,INR 2000 million,0,,IND A1+,,,,0,1,"The press release title states multiple actions (Assigned, Affirmed); which one applies to this instrument is not determinable from the facility endpoint, so it is not attributed.",bank_facility_rating_letter,40,2026-01-30,https://www.indiaratings.co.in/pressReleases/GetBankFacilityDataRatingLetter?pressReleaseId=76931,"CC/WCDL | Bank of Baroda | IND A1+ | rated amount 2000 (INR million, as published)",2026-09-09T16:43:55.547143+00:00
Bajaj Finance Limited,India Ratings,CC/WCDL — Central Bank of India,2025-06-16,201.0,,INR 2010 million,0,,IND A1+,,,,0,1,"The press release title states multiple actions (Assigned, Affirmed); which one applies to this instrument is not determinable from the facility endpoint, so it is not attributed.",bank_facility_rating_letter,276,2026-01-30,https://www.indiaratings.co.in/pressReleases/GetBankFacilityDataRatingLetter?pressReleaseId=76931,"CC/WCDL | Central Bank of India | IND A1+ | rated amount 2010 (INR million, as published)",2026-09-09T16:43:55.547143+00:00
Bajaj Finance Limited,India Ratings,CC/WCDL — Central Bank of India,2025-06-24,201.0,,INR 2010 million,0,,IND A1+,,,,0,1,"The press release title states multiple actions (Assigned, Affirmed); which one applies to this instrument is not determinable from the facility endpoint, so it is not attributed.",bank_facility_rating_letter,236,2026-01-30,https://www.indiaratings.co.in/pressReleases/GetBankFacilityDataRatingLetter?pressReleaseId=76931,"CC/WCDL | Central Bank of India | IND A1+ | rated amount 2010 (INR million, as published)",2026-09-09T16:43:55.547143+00:00
Bajaj Finance Limited,India Ratings,CC/WCDL — Central Bank of India,2025-07-23,201.0,,INR 2010 million,0,,IND A1+,,,,0,1,"The press release title states multiple actions (Assigned, Affirmed); which one applies to this instrument is not determinable from the facility endpoint, so it is not attributed.",bank_facility_rating_letter,197,2026-01-30,https://www.indiaratings.co.in/pressReleases/GetBankFacilityDataRatingLetter?pressReleaseId=76931,"CC/WCDL | Central Bank of India | IND A1+ | rated amount 2010 (INR million, as published)",2026-09-09T16:43:55.547143+00:00
Bajaj Finance Limited,India Ratings,CC/WCDL — Central Bank of India,2025-08-29,201.0,,INR 2010 million,0,,IND A1+,,,,0,1,"The press release title states multiple actions (Assigned, Affirmed); which one applies to this instrument is not determinable from the facility endpoint, so it is not attributed.",bank_facility_rating_letter,158,2026-01-30,https://www.indiaratings.co.in/pressReleases/GetBankFacilityDataRatingLetter?pressReleaseId=76931,"CC/WCDL | Central Bank of India | IND A1+ | rated amount 2010 (INR million, as published)",2026-09-09T16:43:55.547143+00:00
Bajaj Finance Limited,India Ratings,CC/WCDL — Central Bank of India,2025-09-30,201.0,,INR 2010 million,0,,IND A1+,,,,0,1,"The press release title states multiple actions (Assigned, Affirmed); which one applies to this instrument is not determinable from the facility endpoint, so it is not attributed.",bank_facility_rating_letter,119,2026-01-30,https://www.indiaratings.co.in/pressReleases/GetBankFacilityDataRatingLetter?pressReleaseId=76931,"CC/WCDL | Central Bank of India | IND A1+ | rated amount 2010 (INR million, as published)",2026-09-09T16:43:55.547143+00:00
Bajaj Finance Limited,India Ratings,CC/WCDL — Central Bank of India,2025-12-01,201.0,,INR 2010 million,0,,IND A1+,,,,0,1,"The press release title states multiple actions (Assigned, Affirmed); which one applies to this instrument is not determinable from the facility endpoint, so it is not attributed.",bank_facility_rating_letter,80,2026-01-30,https://www.indiaratings.co.in/pressReleases/GetBankFacilityDataRatingLetter?pressReleaseId=76931,"CC/WCDL | Central Bank of India | IND A1+ | rated amount 2010 (INR million, as published)",2026-09-09T16:43:55.547143+00:00
Bajaj Finance Limited,India Ratings,CC/WCDL — Central Bank of India,2025-12-30,201.0,,INR 2010 million,0,,IND A1+,,,,0,1,"The press release title states multiple actions (Assigned, Affirmed); which one applies to this instrument is not determinable from the facility endpoint, so it is not attributed.",bank_facility_rating_letter,41,2026-01-30,https://www.indiaratings.co.in/pressReleases/GetBankFacilityDataRatingLetter?pressReleaseId=76931,"CC/WCDL | Central Bank of India | IND A1+ | rated amount 2010 (INR million, as published)",2026-09-09T16:43:55.547143+00:00
Bajaj Finance Limited,India Ratings,CC/WCDL — Citibank N.A.,2025-06-16,1.0,,INR 10 million,0,,IND A1+,,,,0,1,"The press release title states multiple actions (Assigned, Affirmed); which one applies to this instrument is not determinable from the facility endpoint, so it is not attributed.",bank_facility_rating_letter,277,2026-01-30,https://www.indiaratings.co.in/pressReleases/GetBankFacilityDataRatingLetter?pressReleaseId=76931,"CC/WCDL | Citibank N.A. | IND A1+ | rated amount 10 (INR million, as published)",2026-09-09T16:43:55.547143+00:00
Bajaj Finance Limited,India Ratings,CC/WCDL — Citibank N.A.,2025-06-24,1.0,,INR 10 million,0,,IND A1+,,,,0,1,"The press release title states multiple actions (Assigned, Affirmed); which one applies to this instrument is not determinable from the facility endpoint, so it is not attributed.",bank_facility_rating_letter,237,2026-01-30,https://www.indiaratings.co.in/pressReleases/GetBankFacilityDataRatingLetter?pressReleaseId=76931,"CC/WCDL | Citibank N.A. | IND A1+ | rated amount 10 (INR million, as published)",2026-09-09T16:43:55.547143+00:00
Bajaj Finance Limited,India Ratings,CC/WCDL — Citibank N.A.,2025-07-23,1.0,,INR 10 million,0,,IND A1+,,,,0,1,"The press release title states multiple actions (Assigned, Affirmed); which one applies to this instrument is not determinable from the facility endpoint, so it is not attributed.",bank_facility_rating_letter,198,2026-01-30,https://www.indiaratings.co.in/pressReleases/GetBankFacilityDataRatingLetter?pressReleaseId=76931,"CC/WCDL | Citibank N.A. | IND A1+ | rated amount 10 (INR million, as published)",2026-09-09T16:43:55.547143+00:00
Bajaj Finance Limited,India Ratings,CC/WCDL — Citibank N.A.,2025-08-29,1.0,,INR 10 million,0,,IND A1+,,,,0,1,"The press release title states multiple actions (Assigned, Affirmed); which one applies to this instrument is not determinable from the facility endpoint, so it is not attributed.",bank_facility_rating_letter,159,2026-01-30,https://www.indiaratings.co.in/pressReleases/GetBankFacilityDataRatingLetter?pressReleaseId=76931,"CC/WCDL | Citibank N.A. | IND A1+ | rated amount 10 (INR million, as published)",2026-09-09T16:43:55.547143+00:00
Bajaj Finance Limited,India Ratings,CC/WCDL — Citibank N.A.,2025-09-30,1.0,,INR 10 million,0,,IND A1+,,,,0,1,"The press release title states multiple actions (Assigned, Affirmed); which one applies to this instrument is not determinable from the facility endpoint, so it is not attributed.",bank_facility_rating_letter,120,2026-01-30,https://www.indiaratings.co.in/pressReleases/GetBankFacilityDataRatingLetter?pressReleaseId=76931,"CC/WCDL | Citibank N.A. | IND A1+ | rated amount 10 (INR million, as published)",2026-09-09T16:43:55.547143+00:00
Bajaj Finance Limited,India Ratings,CC/WCDL — Citibank N.A.,2025-12-01,1.0,,INR 10 million,0,,IND A1+,,,,0,1,"The press release title states multiple actions (Assigned, Affirmed); which one applies to this instrument is not determinable from the facility endpoint, so it is not attributed.",bank_facility_rating_letter,81,2026-01-30,https://www.indiaratings.co.in/pressReleases/GetBankFacilityDataRatingLetter?pressReleaseId=76931,"CC/WCDL | Citibank N.A. | IND A1+ | rated amount 10 (INR million, as published)",2026-09-09T16:43:55.547143+00:00
Bajaj Finance Limited,India Ratings,CC/WCDL — Citibank N.A.,2025-12-30,1.0,,INR 10 million,0,,IND A1+,,,,0,1,"The press release title states multiple actions (Assigned, Affirmed); which one applies to this instrument is not determinable from the facility endpoint, so it is not attributed.",bank_facility_rating_letter,42,2026-01-30,https://www.indiaratings.co.in/pressReleases/GetBankFacilityDataRatingLetter?pressReleaseId=76931,"CC/WCDL | Citibank N.A. | IND A1+ | rated amount 10 (INR million, as published)",2026-09-09T16:43:55.547143+00:00
Bajaj Finance Limited,India Ratings,CC/WCDL — IndusInd Bank Limited,2025-06-16,750.0,,INR 7500 million,0,,IND A1+,,,,0,1,"The press release title states multiple actions (Assigned, Affirmed); which one applies to this instrument is not determinable from the facility endpoint, so it is not attributed.",bank_facility_rating_letter,278,2026-01-30,https://www.indiaratings.co.in/pressReleases/GetBankFacilityDataRatingLetter?pressReleaseId=76931,"CC/WCDL | IndusInd Bank Limited | IND A1+ | rated amount 7500 (INR million, as published)",2026-09-09T16:43:55.547143+00:00
Bajaj Finance Limited,India Ratings,CC/WCDL — IndusInd Bank Limited,2025-06-24,750.0,,INR 7500 million,0,,IND A1+,,,,0,1,"The press release title states multiple actions (Assigned, Affirmed); which one applies to this instrument is not determinable from the facility endpoint, so it is not attributed.",bank_facility_rating_letter,238,2026-01-30,https://www.indiaratings.co.in/pressReleases/GetBankFacilityDataRatingLetter?pressReleaseId=76931,"CC/WCDL | IndusInd Bank Limited | IND A1+ | rated amount 7500 (INR million, as published)",2026-09-09T16:43:55.547143+00:00
Bajaj Finance Limited,India Ratings,CC/WCDL — IndusInd Bank Limited,2025-07-23,750.0,,INR 7500 million,0,,IND A1+,,,,0,1,"The press release title states multiple actions (Assigned, Affirmed); which one applies to this instrument is not determinable from the facility endpoint, so it is not attributed.",bank_facility_rating_letter,199,2026-01-30,https://www.indiaratings.co.in/pressReleases/GetBankFacilityDataRatingLetter?pressReleaseId=76931,"CC/WCDL | IndusInd Bank Limited | IND A1+ | rated amount 7500 (INR million, as published)",2026-09-09T16:43:55.547143+00:00
Bajaj Finance Limited,India Ratings,CC/WCDL — IndusInd Bank Limited,2025-08-29,750.0,,INR 7500 million,0,,IND A1+,,,,0,1,"The press release title states multiple actions (Assigned, Affirmed); which one applies to this instrument is not determinable from the facility endpoint, so it is not attributed.",bank_facility_rating_letter,160,2026-01-30,https://www.indiaratings.co.in/pressReleases/GetBankFacilityDataRatingLetter?pressReleaseId=76931,"CC/WCDL | IndusInd Bank Limited | IND A1+ | rated amount 7500 (INR million, as published)",2026-09-09T16:43:55.547143+00:00
Bajaj Finance Limited,India Ratings,CC/WCDL — IndusInd Bank Limited,2025-09-30,750.0,,INR 7500 million,0,,IND A1+,,,,0,1,"The press release title states multiple actions (Assigned, Affirmed); which one applies to this instrument is not determinable from the facility endpoint, so it is not attributed.",bank_facility_rating_letter,121,2026-01-30,https://www.indiaratings.co.in/pressReleases/GetBankFacilityDataRatingLetter?pressReleaseId=76931,"CC/WCDL | IndusInd Bank Limited | IND A1+ | rated amount 7500 (INR million, as published)",2026-09-09T16:43:55.547143+00:00
Bajaj Finance Limited,India Ratings,CC/WCDL — IndusInd Bank Limited,2025-12-01,750.0,,INR 7500 million,0,,IND A1+,,,,0,1,"The press release title states multiple actions (Assigned, Affirmed); which one applies to this instrument is not determinable from the facility endpoint, so it is not attributed.",bank_facility_rating_letter,82,2026-01-30,https://www.indiaratings.co.in/pressReleases/GetBankFacilityDataRatingLetter?pressReleaseId=76931,"CC/WCDL | IndusInd Bank Limited | IND A1+ | rated amount 7500 (INR million, as published)",2026-09-09T16:43:55.547143+00:00
Bajaj Finance Limited,India Ratings,CC/WCDL — IndusInd Bank Limited,2025-12-30,750.0,,INR 7500 million,0,,IND A1+,,,,0,1,"The press release title states multiple actions (Assigned, Affirmed); which one applies to this instrument is not determinable from the facility endpoint, so it is not attributed.",bank_facility_rating_letter,43,2026-01-30,https://www.indiaratings.co.in/pressReleases/GetBankFacilityDataRatingLetter?pressReleaseId=76931,"CC/WCDL | IndusInd Bank Limited | IND A1+ | rated amount 7500 (INR million, as published)",2026-09-09T16:43:55.547143+00:00
Bajaj Finance Limited,India Ratings,CC/WCDL — Kotak Mahindra Bank,2025-06-16,100.0,,INR 1000 million,0,,IND A1+,,,,0,1,"The press release title states multiple actions (Assigned, Affirmed); which one applies to this instrument is not determinable from the facility endpoint, so it is not attributed.",bank_facility_rating_letter,279,2026-01-30,https://www.indiaratings.co.in/pressReleases/GetBankFacilityDataRatingLetter?pressReleaseId=76931,"CC/WCDL | Kotak Mahindra Bank | IND A1+ | rated amount 1000 (INR million, as published)",2026-09-09T16:43:55.547143+00:00
Bajaj Finance Limited,India Ratings,CC/WCDL — Kotak Mahindra Bank,2025-06-24,100.0,,INR 1000 million,0,,IND A1+,,,,0,1,"The press release title states multiple actions (Assigned, Affirmed); which one applies to this instrument is not determinable from the facility endpoint, so it is not attributed.",bank_facility_rating_letter,239,2026-01-30,https://www.indiaratings.co.in/pressReleases/GetBankFacilityDataRatingLetter?pressReleaseId=76931,"CC/WCDL | Kotak Mahindra Bank | IND A1+ | rated amount 1000 (INR million, as published)",2026-09-09T16:43:55.547143+00:00
Bajaj Finance Limited,India Ratings,CC/WCDL — Kotak Mahindra Bank,2025-07-23,100.0,,INR 1000 million,0,,IND A1+,,,,0,1,"The press release title states multiple actions (Assigned, Affirmed); which one applies to this instrument is not determinable from the facility endpoint, so it is not attributed.",bank_facility_rating_letter,200,2026-01-30,https://www.indiaratings.co.in/pressReleases/GetBankFacilityDataRatingLetter?pressReleaseId=76931,"CC/WCDL | Kotak Mahindra Bank | IND A1+ | rated amount 1000 (INR million, as published)",2026-09-09T16:43:55.547143+00:00
Bajaj Finance Limited,India Ratings,CC/WCDL — Kotak Mahindra Bank,2025-08-29,100.0,,INR 1000 million,0,,IND A1+,,,,0,1,"The press release title states multiple actions (Assigned, Affirmed); which one applies to this instrument is not determinable from the facility endpoint, so it is not attributed.",bank_facility_rating_letter,161,2026-01-30,https://www.indiaratings.co.in/pressReleases/GetBankFacilityDataRatingLetter?pressReleaseId=76931,"CC/WCDL | Kotak Mahindra Bank | IND A1+ | rated amount 1000 (INR million, as published)",2026-09-09T16:43:55.547143+00:00
Bajaj Finance Limited,India Ratings,CC/WCDL — Kotak Mahindra Bank,2025-09-30,100.0,,INR 1000 million,0,,IND A1+,,,,0,1,"The press release title states multiple actions (Assigned, Affirmed); which one applies to this instrument is not determinable from the facility endpoint, so it is not attributed.",bank_facility_rating_letter,122,2026-01-30,https://www.indiaratings.co.in/pressReleases/GetBankFacilityDataRatingLetter?pressReleaseId=76931,"CC/WCDL | Kotak Mahindra Bank | IND A1+ | rated amount 1000 (INR million, as published)",2026-09-09T16:43:55.547143+00:00
Bajaj Finance Limited,India Ratings,CC/WCDL — Kotak Mahindra Bank,2025-12-01,100.0,,INR 1000 million,0,,IND A1+,,,,0,1,"The press release title states multiple actions (Assigned, Affirmed); which one applies to this instrument is not determinable from the facility endpoint, so it is not attributed.",bank_facility_rating_letter,83,2026-01-30,https://www.indiaratings.co.in/pressReleases/GetBankFacilityDataRatingLetter?pressReleaseId=76931,"CC/WCDL | Kotak Mahindra Bank | IND A1+ | rated amount 1000 (INR million, as published)",2026-09-09T16:43:55.547143+00:00
Bajaj Finance Limited,India Ratings,CC/WCDL — Kotak Mahindra Bank,2025-12-30,100.0,,INR 1000 million,0,,IND A1+,,,,0,1,"The press release title states multiple actions (Assigned, Affirmed); which one applies to this instrument is not determinable from the facility endpoint, so it is not attributed.",bank_facility_rating_letter,44,2026-01-30,https://www.indiaratings.co.in/pressReleases/GetBankFacilityDataRatingLetter?pressReleaseId=76931,"CC/WCDL | Kotak Mahindra Bank | IND A1+ | rated amount 1000 (INR million, as published)",2026-09-09T16:43:55.547143+00:00
Bajaj Finance Limited,India Ratings,CC/WCDL — Mizuho Bank Ltd,2025-06-16,100.0,,INR 1000 million,0,,IND A1+,,,,0,1,"The press release title states multiple actions (Assigned, Affirmed); which one applies to this instrument is not determinable from the facility endpoint, so it is not attributed.",bank_facility_rating_letter,280,2026-01-30,https://www.indiaratings.co.in/pressReleases/GetBankFacilityDataRatingLetter?pressReleaseId=76931,"CC/WCDL | Mizuho Bank Ltd | IND A1+ | rated amount 1000 (INR million, as published)",2026-09-09T16:43:55.547143+00:00
Bajaj Finance Limited,India Ratings,CC/WCDL — Mizuho Bank Ltd,2025-06-24,100.0,,INR 1000 million,0,,IND A1+,,,,0,1,"The press release title states multiple actions (Assigned, Affirmed); which one applies to this instrument is not determinable from the facility endpoint, so it is not attributed.",bank_facility_rating_letter,240,2026-01-30,https://www.indiaratings.co.in/pressReleases/GetBankFacilityDataRatingLetter?pressReleaseId=76931,"CC/WCDL | Mizuho Bank Ltd | IND A1+ | rated amount 1000 (INR million, as published)",2026-09-09T16:43:55.547143+00:00
Bajaj Finance Limited,India Ratings,CC/WCDL — Mizuho Bank Ltd,2025-07-23,100.0,,INR 1000 million,0,,IND A1+,,,,0,1,"The press release title states multiple actions (Assigned, Affirmed); which one applies to this instrument is not determinable from the facility endpoint, so it is not attributed.",bank_facility_rating_letter,201,2026-01-30,https://www.indiaratings.co.in/pressReleases/GetBankFacilityDataRatingLetter?pressReleaseId=76931,"CC/WCDL | Mizuho Bank Ltd | IND A1+ | rated amount 1000 (INR million, as published)",2026-09-09T16:43:55.547143+00:00
Bajaj Finance Limited,India Ratings,CC/WCDL — Mizuho Bank Ltd,2025-08-29,100.0,,INR 1000 million,0,,IND A1+,,,,0,1,"The press release title states multiple actions (Assigned, Affirmed); which one applies to this instrument is not determinable from the facility endpoint, so it is not attributed.",bank_facility_rating_letter,162,2026-01-30,https://www.indiaratings.co.in/pressReleases/GetBankFacilityDataRatingLetter?pressReleaseId=76931,"CC/WCDL | Mizuho Bank Ltd | IND A1+ | rated amount 1000 (INR million, as published)",2026-09-09T16:43:55.547143+00:00
Bajaj Finance Limited,India Ratings,CC/WCDL — Mizuho Bank Ltd,2025-09-30,500.0,,INR 5000 million,0,,IND A1+,,,,0,1,"The press release title states multiple actions (Assigned, Affirmed); which one applies to this instrument is not determinable from the facility endpoint, so it is not attributed.",bank_facility_rating_letter,123,2026-01-30,https://www.indiaratings.co.in/pressReleases/GetBankFacilityDataRatingLetter?pressReleaseId=76931,"CC/WCDL | Mizuho Bank Ltd | IND A1+ | rated amount 5000 (INR million, as published)",2026-09-09T16:43:55.547143+00:00
Bajaj Finance Limited,India Ratings,CC/WCDL — Mizuho Bank Ltd,2025-12-01,500.0,,INR 5000 million,0,,IND A1+,,,,0,1,"The press release title states multiple actions (Assigned, Affirmed); which one applies to this instrument is not determinable from the facility endpoint, so it is not attributed.",bank_facility_rating_letter,84,2026-01-30,https://www.indiaratings.co.in/pressReleases/GetBankFacilityDataRatingLetter?pressReleaseId=76931,"CC/WCDL | Mizuho Bank Ltd | IND A1+ | rated amount 5000 (INR million, as published)",2026-09-09T16:43:55.547143+00:00
Bajaj Finance Limited,India Ratings,CC/WCDL — Mizuho Bank Ltd,2025-12-30,500.0,,INR 5000 million,0,,IND A1+,,,,0,1,"The press release title states multiple actions (Assigned, Affirmed); which one applies to this instrument is not determinable from the facility endpoint, so it is not attributed.",bank_facility_rating_letter,45,2026-01-30,https://www.indiaratings.co.in/pressReleases/GetBankFacilityDataRatingLetter?pressReleaseId=76931,"CC/WCDL | Mizuho Bank Ltd | IND A1+ | rated amount 5000 (INR million, as published)",2026-09-09T16:43:55.547143+00:00
Bajaj Finance Limited,India Ratings,CC/WCDL — Yes Bank Ltd,2025-06-16,100.0,,INR 1000 million,0,,IND A1+,,,,0,1,"The press release title states multiple actions (Assigned, Affirmed); which one applies to this instrument is not determinable from the facility endpoint, so it is not attributed.",bank_facility_rating_letter,281,2026-01-30,https://www.indiaratings.co.in/pressReleases/GetBankFacilityDataRatingLetter?pressReleaseId=76931,"CC/WCDL | Yes Bank Ltd | IND A1+ | rated amount 1000 (INR million, as published)",2026-09-09T16:43:55.547143+00:00
Bajaj Finance Limited,India Ratings,CC/WCDL — Yes Bank Ltd,2025-06-24,100.0,,INR 1000 million,0,,IND A1+,,,,0,1,"The press release title states multiple actions (Assigned, Affirmed); which one applies to this instrument is not determinable from the facility endpoint, so it is not attributed.",bank_facility_rating_letter,241,2026-01-30,https://www.indiaratings.co.in/pressReleases/GetBankFacilityDataRatingLetter?pressReleaseId=76931,"CC/WCDL | Yes Bank Ltd | IND A1+ | rated amount 1000 (INR million, as published)",2026-09-09T16:43:55.547143+00:00
Bajaj Finance Limited,India Ratings,CC/WCDL — Yes Bank Ltd,2025-07-23,100.0,,INR 1000 million,0,,IND A1+,,,,0,1,"The press release title states multiple actions (Assigned, Affirmed); which one applies to this instrument is not determinable from the facility endpoint, so it is not attributed.",bank_facility_rating_letter,202,2026-01-30,https://www.indiaratings.co.in/pressReleases/GetBankFacilityDataRatingLetter?pressReleaseId=76931,"CC/WCDL | Yes Bank Ltd | IND A1+ | rated amount 1000 (INR million, as published)",2026-09-09T16:43:55.547143+00:00
Bajaj Finance Limited,India Ratings,CC/WCDL — Yes Bank Ltd,2025-08-29,100.0,,INR 1000 million,0,,IND A1+,,,,0,1,"The press release title states multiple actions (Assigned, Affirmed); which one applies to this instrument is not determinable from the facility endpoint, so it is not attributed.",bank_facility_rating_letter,163,2026-01-30,https://www.indiaratings.co.in/pressReleases/GetBankFacilityDataRatingLetter?pressReleaseId=76931,"CC/WCDL | Yes Bank Ltd | IND A1+ | rated amount 1000 (INR million, as published)",2026-09-09T16:43:55.547143+00:00
Bajaj Finance Limited,India Ratings,CC/WCDL — Yes Bank Ltd,2025-09-30,100.0,,INR 1000 million,0,,IND A1+,,,,0,1,"The press release title states multiple actions (Assigned, Affirmed); which one applies to this instrument is not determinable from the facility endpoint, so it is not attributed.",bank_facility_rating_letter,124,2026-01-30,https://www.indiaratings.co.in/pressReleases/GetBankFacilityDataRatingLetter?pressReleaseId=76931,"CC/WCDL | Yes Bank Ltd | IND A1+ | rated amount 1000 (INR million, as published)",2026-09-09T16:43:55.547143+00:00
Bajaj Finance Limited,India Ratings,CC/WCDL — Yes Bank Ltd,2025-12-01,100.0,,INR 1000 million,0,,IND A1+,,,,0,1,"The press release title states multiple actions (Assigned, Affirmed); which one applies to this instrument is not determinable from the facility endpoint, so it is not attributed.",bank_facility_rating_letter,85,2026-01-30,https://www.indiaratings.co.in/pressReleases/GetBankFacilityDataRatingLetter?pressReleaseId=76931,"CC/WCDL | Yes Bank Ltd | IND A1+ | rated amount 1000 (INR million, as published)",2026-09-09T16:43:55.547143+00:00
Bajaj Finance Limited,India Ratings,CC/WCDL — Yes Bank Ltd,2025-12-30,100.0,,INR 1000 million,0,,IND A1+,,,,0,1,"The press release title states multiple actions (Assigned, Affirmed); which one applies to this instrument is not determinable from the facility endpoint, so it is not attributed.",bank_facility_rating_letter,46,2026-01-30,https://www.indiaratings.co.in/pressReleases/GetBankFacilityDataRatingLetter?pressReleaseId=76931,"CC/WCDL | Yes Bank Ltd | IND A1+ | rated amount 1000 (INR million, as published)",2026-09-09T16:43:55.547143+00:00
Bajaj Finance Limited,India Ratings,External Commercial Borrowing — Axis Bank Limited,2026-03-30,1116.2,,INR 11162 million,0,,IND A1+,,,,0,1,"The press release title states multiple actions (Assigned, Affirmed); which one applies to this instrument is not determinable from the facility endpoint, so it is not attributed.",bank_facility_rating_letter,265,2026-08-25,https://www.indiaratings.co.in/pressReleases/GetBankFacilityDataRatingLetter?pressReleaseId=81837,"External Commercial Borrowing | Axis Bank Limited | IND A1+ | rated amount 11162 (INR million, as published)",2026-09-09T16:43:55.547143+00:00
Bajaj Finance Limited,India Ratings,External Commercial Borrowing — Axis Bank Limited,2026-04-27,1116.2,,INR 11162 million,0,,IND A1+,,,,0,1,"The press release title states multiple actions (Assigned, Affirmed); which one applies to this instrument is not determinable from the facility endpoint, so it is not attributed.",bank_facility_rating_letter,223,2026-08-25,https://www.indiaratings.co.in/pressReleases/GetBankFacilityDataRatingLetter?pressReleaseId=81837,"External Commercial Borrowing | Axis Bank Limited | IND A1+ | rated amount 11162 (INR million, as published)",2026-09-09T16:43:55.547143+00:00
Bajaj Finance Limited,India Ratings,External Commercial Borrowing — Axis Bank Limited,2026-05-26,1116.2,,INR 11162 million,0,,IND A1+,,,,0,1,"The press release title states multiple actions (Assigned, Affirmed); which one applies to this instrument is not determinable from the facility endpoint, so it is not attributed.",bank_facility_rating_letter,181,2026-08-25,https://www.indiaratings.co.in/pressReleases/GetBankFacilityDataRatingLetter?pressReleaseId=81837,"External Commercial Borrowing | Axis Bank Limited | IND A1+ | rated amount 11162 (INR million, as published)",2026-09-09T16:43:55.547143+00:00
Bajaj Finance Limited,India Ratings,External Commercial Borrowing — Axis Bank Limited,2026-06-23,1116.2,,INR 11162 million,0,,IND A1+,,,,0,1,"The press release title states multiple actions (Assigned, Affirmed); which one applies to this instrument is not determinable from the facility endpoint, so it is not attributed.",bank_facility_rating_letter,139,2026-08-25,https://www.indiaratings.co.in/pressReleases/GetBankFacilityDataRatingLetter?pressReleaseId=81837,"External Commercial Borrowing | Axis Bank Limited | IND A1+ | rated amount 11162 (INR million, as published)",2026-09-09T16:43:55.547143+00:00
Bajaj Finance Limited,India Ratings,External Commercial Borrowing — Axis Bank Limited,2026-07-23,1116.2,,INR 11162 million,0,,IND A1+,,,,0,1,"The press release title states multiple actions (Assigned, Affirmed); which one applies to this instrument is not determinable from the facility endpoint, so it is not attributed.",bank_facility_rating_letter,97,2026-08-25,https://www.indiaratings.co.in/pressReleases/GetBankFacilityDataRatingLetter?pressReleaseId=81837,"External Commercial Borrowing | Axis Bank Limited | IND A1+ | rated amount 11162 (INR million, as published)",2026-09-09T16:43:55.547143+00:00
Bajaj Finance Limited,India Ratings,External Commercial Borrowing — Axis Bank Limited,2026-08-07,1116.2,,INR 11162 million,0,,IND A1+,,,,0,1,"The press release title states multiple actions (Assigned, Affirmed); which one applies to this instrument is not determinable from the facility endpoint, so it is not attributed.",bank_facility_rating_letter,55,2026-08-25,https://www.indiaratings.co.in/pressReleases/GetBankFacilityDataRatingLetter?pressReleaseId=81837,"External Commercial Borrowing | Axis Bank Limited | IND A1+ | rated amount 11162 (INR million, as published)",2026-09-09T16:43:55.547143+00:00
Bajaj Finance Limited,India Ratings,External Commercial Borrowing — Axis Bank Limited,2026-08-25,1116.2,,INR 11162 million,0,,IND A1+,,,,0,1,"The press release title states multiple actions (Assigned, Affirmed); which one applies to this instrument is not determinable from the facility endpoint, so it is not attributed.",bank_facility_rating_letter,14,2026-08-25,https://www.indiaratings.co.in/pressReleases/GetBankFacilityDataRatingLetter?pressReleaseId=81837,"External Commercial Borrowing | Axis Bank Limited | IND A1+ | rated amount 11162 (INR million, as published)",2026-09-09T16:43:55.547143+00:00
Bajaj Finance Limited,India Ratings,External Commercial Borrowing — Bank of India,2026-03-30,629.4,,INR 6294 million,0,,IND A1+,,,,0,1,"The press release title states multiple actions (Assigned, Affirmed); which one applies to this instrument is not determinable from the facility endpoint, so it is not attributed.",bank_facility_rating_letter,266,2026-08-25,https://www.indiaratings.co.in/pressReleases/GetBankFacilityDataRatingLetter?pressReleaseId=81837,"External Commercial Borrowing | Bank of India | IND A1+ | rated amount 6294 (INR million, as published)",2026-09-09T16:43:55.547143+00:00
Bajaj Finance Limited,India Ratings,External Commercial Borrowing — Bank of India,2026-04-27,629.4,,INR 6294 million,0,,IND A1+,,,,0,1,"The press release title states multiple actions (Assigned, Affirmed); which one applies to this instrument is not determinable from the facility endpoint, so it is not attributed.",bank_facility_rating_letter,224,2026-08-25,https://www.indiaratings.co.in/pressReleases/GetBankFacilityDataRatingLetter?pressReleaseId=81837,"External Commercial Borrowing | Bank of India | IND A1+ | rated amount 6294 (INR million, as published)",2026-09-09T16:43:55.547143+00:00
Bajaj Finance Limited,India Ratings,External Commercial Borrowing — Bank of India,2026-05-26,629.4,,INR 6294 million,0,,IND A1+,,,,0,1,"The press release title states multiple actions (Assigned, Affirmed); which one applies to this instrument is not determinable from the facility endpoint, so it is not attributed.",bank_facility_rating_letter,182,2026-08-25,https://www.indiaratings.co.in/pressReleases/GetBankFacilityDataRatingLetter?pressReleaseId=81837,"External Commercial Borrowing | Bank of India | IND A1+ | rated amount 6294 (INR million, as published)",2026-09-09T16:43:55.547143+00:00
Bajaj Finance Limited,India Ratings,External Commercial Borrowing — Bank of India,2026-06-23,629.4,,INR 6294 million,0,,IND A1+,,,,0,1,"The press release title states multiple actions (Assigned, Affirmed); which one applies to this instrument is not determinable from the facility endpoint, so it is not attributed.",bank_facility_rating_letter,140,2026-08-25,https://www.indiaratings.co.in/pressReleases/GetBankFacilityDataRatingLetter?pressReleaseId=81837,"External Commercial Borrowing | Bank of India | IND A1+ | rated amount 6294 (INR million, as published)",2026-09-09T16:43:55.547143+00:00
Bajaj Finance Limited,India Ratings,External Commercial Borrowing — Bank of India,2026-07-23,629.4,,INR 6294 million,0,,IND A1+,,,,0,1,"The press release title states multiple actions (Assigned, Affirmed); which one applies to this instrument is not determinable from the facility endpoint, so it is not attributed.",bank_facility_rating_letter,98,2026-08-25,https://www.indiaratings.co.in/pressReleases/GetBankFacilityDataRatingLetter?pressReleaseId=81837,"External Commercial Borrowing | Bank of India | IND A1+ | rated amount 6294 (INR million, as published)",2026-09-09T16:43:55.547143+00:00
Bajaj Finance Limited,India Ratings,External Commercial Borrowing — Bank of India,2026-08-07,629.4,,INR 6294 million,0,,IND A1+,,,,0,1,"The press release title states multiple actions (Assigned, Affirmed); which one applies to this instrument is not determinable from the facility endpoint, so it is not attributed.",bank_facility_rating_letter,56,2026-08-25,https://www.indiaratings.co.in/pressReleases/GetBankFacilityDataRatingLetter?pressReleaseId=81837,"External Commercial Borrowing | Bank of India | IND A1+ | rated amount 6294 (INR million, as published)",2026-09-09T16:43:55.547143+00:00
Bajaj Finance Limited,India Ratings,External Commercial Borrowing — Bank of India,2026-08-25,629.4,,INR 6294 million,0,,IND A1+,,,,0,1,"The press release title states multiple actions (Assigned, Affirmed); which one applies to this instrument is not determinable from the facility endpoint, so it is not attributed.",bank_facility_rating_letter,15,2026-08-25,https://www.indiaratings.co.in/pressReleases/GetBankFacilityDataRatingLetter?pressReleaseId=81837,"External Commercial Borrowing | Bank of India | IND A1+ | rated amount 6294 (INR million, as published)",2026-09-09T16:43:55.547143+00:00
Bajaj Finance Limited,India Ratings,External Commercial Borrowing — Punjab National Bank,2025-06-16,1671.3,,INR 16713 million,0,,IND AAA,,Stable,,0,1,"The press release title states multiple actions (Assigned, Affirmed); which one applies to this instrument is not determinable from the facility endpoint, so it is not attributed.",bank_facility_rating_letter,282,2026-01-30,https://www.indiaratings.co.in/pressReleases/GetBankFacilityDataRatingLetter?pressReleaseId=76931,"External Commercial Borrowing | Punjab National Bank | IND AAA/Stable | rated amount 16713 (INR million, as published)",2026-09-09T16:43:55.547143+00:00
Bajaj Finance Limited,India Ratings,External Commercial Borrowing — Punjab National Bank,2025-06-24,1671.3,,INR 16713 million,0,,IND AAA,,Stable,,0,1,"The press release title states multiple actions (Assigned, Affirmed); which one applies to this instrument is not determinable from the facility endpoint, so it is not attributed.",bank_facility_rating_letter,242,2026-01-30,https://www.indiaratings.co.in/pressReleases/GetBankFacilityDataRatingLetter?pressReleaseId=76931,"External Commercial Borrowing | Punjab National Bank | IND AAA/Stable | rated amount 16713 (INR million, as published)",2026-09-09T16:43:55.547143+00:00
Bajaj Finance Limited,India Ratings,External Commercial Borrowing — Punjab National Bank,2025-07-23,1671.3,,INR 16713 million,0,,IND AAA,,Stable,,0,1,"The press release title states multiple actions (Assigned, Affirmed); which one applies to this instrument is not determinable from the facility endpoint, so it is not attributed.",bank_facility_rating_letter,203,2026-01-30,https://www.indiaratings.co.in/pressReleases/GetBankFacilityDataRatingLetter?pressReleaseId=76931,"External Commercial Borrowing | Punjab National Bank | IND AAA/Stable | rated amount 16713 (INR million, as published)",2026-09-09T16:43:55.547143+00:00
Bajaj Finance Limited,India Ratings,External Commercial Borrowing — Punjab National Bank,2025-08-29,1671.3,,INR 16713 million,0,,IND AAA,,Stable,,0,1,"The press release title states multiple actions (Assigned, Affirmed); which one applies to this instrument is not determinable from the facility endpoint, so it is not attributed.",bank_facility_rating_letter,164,2026-01-30,https://www.indiaratings.co.in/pressReleases/GetBankFacilityDataRatingLetter?pressReleaseId=76931,"External Commercial Borrowing | Punjab National Bank | IND AAA/Stable | rated amount 16713 (INR million, as published)",2026-09-09T16:43:55.547143+00:00
Bajaj Finance Limited,India Ratings,External Commercial Borrowing — Punjab National Bank,2025-09-30,1671.3,,INR 16713 million,0,,IND AAA,,Stable,,0,1,"The press release title states multiple actions (Assigned, Affirmed); which one applies to this instrument is not determinable from the facility endpoint, so it is not attributed.",bank_facility_rating_letter,125,2026-01-30,https://www.indiaratings.co.in/pressReleases/GetBankFacilityDataRatingLetter?pressReleaseId=76931,"External Commercial Borrowing | Punjab National Bank | IND AAA/Stable | rated amount 16713 (INR million, as published)",2026-09-09T16:43:55.547143+00:00
Bajaj Finance Limited,India Ratings,External Commercial Borrowing — Punjab National Bank,2025-12-01,1671.3,,INR 16713 million,0,,IND AAA,,Stable,,0,1,"The press release title states multiple actions (Assigned, Affirmed); which one applies to this instrument is not determinable from the facility endpoint, so it is not attributed.",bank_facility_rating_letter,86,2026-01-30,https://www.indiaratings.co.in/pressReleases/GetBankFacilityDataRatingLetter?pressReleaseId=76931,"External Commercial Borrowing | Punjab National Bank | IND AAA/Stable | rated amount 16713 (INR million, as published)",2026-09-09T16:43:55.547143+00:00
Bajaj Finance Limited,India Ratings,External Commercial Borrowing — Punjab National Bank,2025-12-30,1671.3,,INR 16713 million,0,,IND A1+,,,,0,1,"The press release title states multiple actions (Assigned, Affirmed); which one applies to this instrument is not determinable from the facility endpoint, so it is not attributed.",bank_facility_rating_letter,47,2026-01-30,https://www.indiaratings.co.in/pressReleases/GetBankFacilityDataRatingLetter?pressReleaseId=76931,"External Commercial Borrowing | Punjab National Bank | IND A1+ | rated amount 16713 (INR million, as published)",2026-09-09T16:43:55.547143+00:00
Bajaj Finance Limited,India Ratings,External Commercial Borrowing — Punjab National Bank,2026-01-30,1671.3,,INR 16713 million,0,,IND A1+,,,,0,1,"The press release title states multiple actions (Assigned, Affirmed); which one applies to this instrument is not determinable from the facility endpoint, so it is not attributed.",bank_facility_rating_letter,13,2026-01-30,https://www.indiaratings.co.in/pressReleases/GetBankFacilityDataRatingLetter?pressReleaseId=76931,"External Commercial Borrowing | Punjab National Bank | IND A1+ | rated amount 16713 (INR million, as published)",2026-09-09T16:43:55.547143+00:00
Bajaj Finance Limited,India Ratings,External Commercial Borrowing — Punjab National Bank,2026-03-10,1671.3,,INR 16713 million,0,,IND A1+,,,,0,1,"The press release title states multiple actions (Assigned, Affirmed); which one applies to this instrument is not determinable from the facility endpoint, so it is not attributed.",bank_facility_rating_letter,307,2026-08-25,https://www.indiaratings.co.in/pressReleases/GetBankFacilityDataRatingLetter?pressReleaseId=81837,"External Commercial Borrowing | Punjab National Bank | IND A1+ | rated amount 16713 (INR million, as published)",2026-09-09T16:43:55.547143+00:00
Bajaj Finance Limited,India Ratings,External Commercial Borrowing — Punjab National Bank,2026-03-30,2498.8,,INR 24988 million,0,,IND A1+,,,,0,1,"The press release title states multiple actions (Assigned, Affirmed); which one applies to this instrument is not determinable from the facility endpoint, so it is not attributed.",bank_facility_rating_letter,267,2026-08-25,https://www.indiaratings.co.in/pressReleases/GetBankFacilityDataRatingLetter?pressReleaseId=81837,"External Commercial Borrowing | Punjab National Bank | IND A1+ | rated amount 24988 (INR million, as published)",2026-09-09T16:43:55.547143+00:00
Bajaj Finance Limited,India Ratings,External Commercial Borrowing — Punjab National Bank,2026-04-27,2498.8,,INR 24988 million,0,,IND A1+,,,,0,1,"The press release title states multiple actions (Assigned, Affirmed); which one applies to this instrument is not determinable from the facility endpoint, so it is not attributed.",bank_facility_rating_letter,225,2026-08-25,https://www.indiaratings.co.in/pressReleases/GetBankFacilityDataRatingLetter?pressReleaseId=81837,"External Commercial Borrowing | Punjab National Bank | IND A1+ | rated amount 24988 (INR million, as published)",2026-09-09T16:43:55.547143+00:00
Bajaj Finance Limited,India Ratings,External Commercial Borrowing — Punjab National Bank,2026-05-26,2498.8,,INR 24988 million,0,,IND A1+,,,,0,1,"The press release title states multiple actions (Assigned, Affirmed); which one applies to this instrument is not determinable from the facility endpoint, so it is not attributed.",bank_facility_rating_letter,183,2026-08-25,https://www.indiaratings.co.in/pressReleases/GetBankFacilityDataRatingLetter?pressReleaseId=81837,"External Commercial Borrowing | Punjab National Bank | IND A1+ | rated amount 24988 (INR million, as published)",2026-09-09T16:43:55.547143+00:00
Bajaj Finance Limited,India Ratings,External Commercial Borrowing — Punjab National Bank,2026-06-23,2498.8,,INR 24988 million,0,,IND A1+,,,,0,1,"The press release title states multiple actions (Assigned, Affirmed); which one applies to this instrument is not determinable from the facility endpoint, so it is not attributed.",bank_facility_rating_letter,141,2026-08-25,https://www.indiaratings.co.in/pressReleases/GetBankFacilityDataRatingLetter?pressReleaseId=81837,"External Commercial Borrowing | Punjab National Bank | IND A1+ | rated amount 24988 (INR million, as published)",2026-09-09T16:43:55.547143+00:00
Bajaj Finance Limited,India Ratings,External Commercial Borrowing — Punjab National Bank,2026-07-23,2498.8,,INR 24988 million,0,,IND A1+,,,,0,1,"The press release title states multiple actions (Assigned, Affirmed); which one applies to this instrument is not determinable from the facility endpoint, so it is not attributed.",bank_facility_rating_letter,99,2026-08-25,https://www.indiaratings.co.in/pressReleases/GetBankFacilityDataRatingLetter?pressReleaseId=81837,"External Commercial Borrowing | Punjab National Bank | IND A1+ | rated amount 24988 (INR million, as published)",2026-09-09T16:43:55.547143+00:00
Bajaj Finance Limited,India Ratings,External Commercial Borrowing — Punjab National Bank,2026-08-07,2498.8,,INR 24988 million,0,,IND A1+,,,,0,1,"The press release title states multiple actions (Assigned, Affirmed); which one applies to this instrument is not determinable from the facility endpoint, so it is not attributed.",bank_facility_rating_letter,57,2026-08-25,https://www.indiaratings.co.in/pressReleases/GetBankFacilityDataRatingLetter?pressReleaseId=81837,"External Commercial Borrowing | Punjab National Bank | IND A1+ | rated amount 24988 (INR million, as published)",2026-09-09T16:43:55.547143+00:00
Bajaj Finance Limited,India Ratings,External Commercial Borrowing — Punjab National Bank,2026-08-25,2498.8,,INR 24988 million,0,,IND A1+,,,,0,1,"The press release title states multiple actions (Assigned, Affirmed); which one applies to this instrument is not determinable from the facility endpoint, so it is not attributed.",bank_facility_rating_letter,16,2026-08-25,https://www.indiaratings.co.in/pressReleases/GetBankFacilityDataRatingLetter?pressReleaseId=81837,"External Commercial Borrowing | Punjab National Bank | IND A1+ | rated amount 24988 (INR million, as published)",2026-09-09T16:43:55.547143+00:00
Bajaj Finance Limited,India Ratings,External Commercial Borrowing — State Bank of India,2025-06-16,4592.35,,INR 45923.5 million,0,,IND AAA,,Stable,,0,1,"The press release title states multiple actions (Assigned, Affirmed); which one applies to this instrument is not determinable from the facility endpoint, so it is not attributed.",bank_facility_rating_letter,283,2026-01-30,https://www.indiaratings.co.in/pressReleases/GetBankFacilityDataRatingLetter?pressReleaseId=76931,"External Commercial Borrowing | State Bank of India | IND AAA/Stable | rated amount 45923.5 (INR million, as published)",2026-09-09T16:43:55.547143+00:00
Bajaj Finance Limited,India Ratings,External Commercial Borrowing — State Bank of India,2025-06-24,4592.35,,INR 45923.5 million,0,,IND AAA,,Stable,,0,1,"The press release title states multiple actions (Assigned, Affirmed); which one applies to this instrument is not determinable from the facility endpoint, so it is not attributed.",bank_facility_rating_letter,243,2026-01-30,https://www.indiaratings.co.in/pressReleases/GetBankFacilityDataRatingLetter?pressReleaseId=76931,"External Commercial Borrowing | State Bank of India | IND AAA/Stable | rated amount 45923.5 (INR million, as published)",2026-09-09T16:43:55.547143+00:00
Bajaj Finance Limited,India Ratings,External Commercial Borrowing — State Bank of India,2025-07-23,4592.35,,INR 45923.5 million,0,,IND AAA,,Stable,,0,1,"The press release title states multiple actions (Assigned, Affirmed); which one applies to this instrument is not determinable from the facility endpoint, so it is not attributed.",bank_facility_rating_letter,204,2026-01-30,https://www.indiaratings.co.in/pressReleases/GetBankFacilityDataRatingLetter?pressReleaseId=76931,"External Commercial Borrowing | State Bank of India | IND AAA/Stable | rated amount 45923.5 (INR million, as published)",2026-09-09T16:43:55.547143+00:00
Bajaj Finance Limited,India Ratings,External Commercial Borrowing — State Bank of India,2025-08-29,4592.35,,INR 45923.5 million,0,,IND AAA,,Stable,,0,1,"The press release title states multiple actions (Assigned, Affirmed); which one applies to this instrument is not determinable from the facility endpoint, so it is not attributed.",bank_facility_rating_letter,165,2026-01-30,https://www.indiaratings.co.in/pressReleases/GetBankFacilityDataRatingLetter?pressReleaseId=76931,"External Commercial Borrowing | State Bank of India | IND AAA/Stable | rated amount 45923.5 (INR million, as published)",2026-09-09T16:43:55.547143+00:00
Bajaj Finance Limited,India Ratings,External Commercial Borrowing — State Bank of India,2025-09-30,4592.35,,INR 45923.5 million,0,,IND AAA,,Stable,,0,1,"The press release title states multiple actions (Assigned, Affirmed); which one applies to this instrument is not determinable from the facility endpoint, so it is not attributed.",bank_facility_rating_letter,126,2026-01-30,https://www.indiaratings.co.in/pressReleases/GetBankFacilityDataRatingLetter?pressReleaseId=76931,"External Commercial Borrowing | State Bank of India | IND AAA/Stable | rated amount 45923.5 (INR million, as published)",2026-09-09T16:43:55.547143+00:00
Bajaj Finance Limited,India Ratings,External Commercial Borrowing — State Bank of India,2025-12-01,4592.35,,INR 45923.5 million,0,,IND AAA,,Stable,,0,1,"The press release title states multiple actions (Assigned, Affirmed); which one applies to this instrument is not determinable from the facility endpoint, so it is not attributed.",bank_facility_rating_letter,87,2026-01-30,https://www.indiaratings.co.in/pressReleases/GetBankFacilityDataRatingLetter?pressReleaseId=76931,"External Commercial Borrowing | State Bank of India | IND AAA/Stable | rated amount 45923.5 (INR million, as published)",2026-09-09T16:43:55.547143+00:00
Bajaj Finance Limited,India Ratings,External Commercial Borrowing — State Bank of India,2025-12-30,4592.35,,INR 45923.5 million,0,,IND A1+,,,,0,1,"The press release title states multiple actions (Assigned, Affirmed); which one applies to this instrument is not determinable from the facility endpoint, so it is not attributed.",bank_facility_rating_letter,48,2026-01-30,https://www.indiaratings.co.in/pressReleases/GetBankFacilityDataRatingLetter?pressReleaseId=76931,"External Commercial Borrowing | State Bank of India | IND A1+ | rated amount 45923.5 (INR million, as published)",2026-09-09T16:43:55.547143+00:00
Bajaj Finance Limited,India Ratings,External Commercial Borrowing — State Bank of India,2026-01-30,4592.35,,INR 45923.5 million,0,,IND A1+,,,,0,1,"The press release title states multiple actions (Assigned, Affirmed); which one applies to this instrument is not determinable from the facility endpoint, so it is not attributed.",bank_facility_rating_letter,14,2026-01-30,https://www.indiaratings.co.in/pressReleases/GetBankFacilityDataRatingLetter?pressReleaseId=76931,"External Commercial Borrowing | State Bank of India | IND A1+ | rated amount 45923.5 (INR million, as published)",2026-09-09T16:43:55.547143+00:00
Bajaj Finance Limited,India Ratings,External Commercial Borrowing — State Bank of India,2026-03-10,4592.35,,INR 45923.5 million,0,,IND A1+,,,,0,1,"The press release title states multiple actions (Assigned, Affirmed); which one applies to this instrument is not determinable from the facility endpoint, so it is not attributed.",bank_facility_rating_letter,308,2026-08-25,https://www.indiaratings.co.in/pressReleases/GetBankFacilityDataRatingLetter?pressReleaseId=81837,"External Commercial Borrowing | State Bank of India | IND A1+ | rated amount 45923.5 (INR million, as published)",2026-09-09T16:43:55.547143+00:00
Bajaj Finance Limited,India Ratings,External Commercial Borrowing — State Bank of India,2026-03-30,7310.65,,INR 73106.5 million,0,,IND A1+,,,,0,1,"The press release title states multiple actions (Assigned, Affirmed); which one applies to this instrument is not determinable from the facility endpoint, so it is not attributed.",bank_facility_rating_letter,268,2026-08-25,https://www.indiaratings.co.in/pressReleases/GetBankFacilityDataRatingLetter?pressReleaseId=81837,"External Commercial Borrowing | State Bank of India | IND A1+ | rated amount 73106.5 (INR million, as published)",2026-09-09T16:43:55.547143+00:00
Bajaj Finance Limited,India Ratings,External Commercial Borrowing — State Bank of India,2026-04-27,7310.65,,INR 73106.5 million,0,,IND A1+,,,,0,1,"The press release title states multiple actions (Assigned, Affirmed); which one applies to this instrument is not determinable from the facility endpoint, so it is not attributed.",bank_facility_rating_letter,226,2026-08-25,https://www.indiaratings.co.in/pressReleases/GetBankFacilityDataRatingLetter?pressReleaseId=81837,"External Commercial Borrowing | State Bank of India | IND A1+ | rated amount 73106.5 (INR million, as published)",2026-09-09T16:43:55.547143+00:00
Bajaj Finance Limited,India Ratings,External Commercial Borrowing — State Bank of India,2026-05-26,7310.65,,INR 73106.5 million,0,,IND A1+,,,,0,1,"The press release title states multiple actions (Assigned, Affirmed); which one applies to this instrument is not determinable from the facility endpoint, so it is not attributed.",bank_facility_rating_letter,184,2026-08-25,https://www.indiaratings.co.in/pressReleases/GetBankFacilityDataRatingLetter?pressReleaseId=81837,"External Commercial Borrowing | State Bank of India | IND A1+ | rated amount 73106.5 (INR million, as published)",2026-09-09T16:43:55.547143+00:00
Bajaj Finance Limited,India Ratings,External Commercial Borrowing — State Bank of India,2026-06-23,7310.65,,INR 73106.5 million,0,,IND A1+,,,,0,1,"The press release title states multiple actions (Assigned, Affirmed); which one applies to this instrument is not determinable from the facility endpoint, so it is not attributed.",bank_facility_rating_letter,142,2026-08-25,https://www.indiaratings.co.in/pressReleases/GetBankFacilityDataRatingLetter?pressReleaseId=81837,"External Commercial Borrowing | State Bank of India | IND A1+ | rated amount 73106.5 (INR million, as published)",2026-09-09T16:43:55.547143+00:00
Bajaj Finance Limited,India Ratings,External Commercial Borrowing — State Bank of India,2026-07-23,7310.65,,INR 73106.5 million,0,,IND A1+,,,,0,1,"The press release title states multiple actions (Assigned, Affirmed); which one applies to this instrument is not determinable from the facility endpoint, so it is not attributed.",bank_facility_rating_letter,100,2026-08-25,https://www.indiaratings.co.in/pressReleases/GetBankFacilityDataRatingLetter?pressReleaseId=81837,"External Commercial Borrowing | State Bank of India | IND A1+ | rated amount 73106.5 (INR million, as published)",2026-09-09T16:43:55.547143+00:00
Bajaj Finance Limited,India Ratings,External Commercial Borrowing — State Bank of India,2026-08-07,7310.65,,INR 73106.5 million,0,,IND A1+,,,,0,1,"The press release title states multiple actions (Assigned, Affirmed); which one applies to this instrument is not determinable from the facility endpoint, so it is not attributed.",bank_facility_rating_letter,58,2026-08-25,https://www.indiaratings.co.in/pressReleases/GetBankFacilityDataRatingLetter?pressReleaseId=81837,"External Commercial Borrowing | State Bank of India | IND A1+ | rated amount 73106.5 (INR million, as published)",2026-09-09T16:43:55.547143+00:00
Bajaj Finance Limited,India Ratings,External Commercial Borrowing — State Bank of India,2026-08-25,7310.65,,INR 73106.5 million,0,,IND A1+,,,,0,1,"The press release title states multiple actions (Assigned, Affirmed); which one applies to this instrument is not determinable from the facility endpoint, so it is not attributed.",bank_facility_rating_letter,17,2026-08-25,https://www.indiaratings.co.in/pressReleases/GetBankFacilityDataRatingLetter?pressReleaseId=81837,"External Commercial Borrowing | State Bank of India | IND A1+ | rated amount 73106.5 (INR million, as published)",2026-09-09T16:43:55.547143+00:00
Bajaj Finance Limited,India Ratings,Line of Credit/OD — Punjab National Bank,2025-06-16,500.0,,INR 5000 million,0,,IND A1+,,,,0,1,"The press release title states multiple actions (Assigned, Affirmed); which one applies to this instrument is not determinable from the facility endpoint, so it is not attributed.",bank_facility_rating_letter,284,2026-01-30,https://www.indiaratings.co.in/pressReleases/GetBankFacilityDataRatingLetter?pressReleaseId=76931,"Line of Credit/OD | Punjab National Bank | IND A1+ | rated amount 5000 (INR million, as published)",2026-09-09T16:43:55.547143+00:00
Bajaj Finance Limited,India Ratings,Line of Credit/OD — Punjab National Bank,2025-06-24,500.0,,INR 5000 million,0,,IND A1+,,,,0,1,"The press release title states multiple actions (Assigned, Affirmed); which one applies to this instrument is not determinable from the facility endpoint, so it is not attributed.",bank_facility_rating_letter,244,2026-01-30,https://www.indiaratings.co.in/pressReleases/GetBankFacilityDataRatingLetter?pressReleaseId=76931,"Line of Credit/OD | Punjab National Bank | IND A1+ | rated amount 5000 (INR million, as published)",2026-09-09T16:43:55.547143+00:00
Bajaj Finance Limited,India Ratings,Line of Credit/OD — Punjab National Bank,2025-07-23,500.0,,INR 5000 million,0,,IND A1+,,,,0,1,"The press release title states multiple actions (Assigned, Affirmed); which one applies to this instrument is not determinable from the facility endpoint, so it is not attributed.",bank_facility_rating_letter,205,2026-01-30,https://www.indiaratings.co.in/pressReleases/GetBankFacilityDataRatingLetter?pressReleaseId=76931,"Line of Credit/OD | Punjab National Bank | IND A1+ | rated amount 5000 (INR million, as published)",2026-09-09T16:43:55.547143+00:00
Bajaj Finance Limited,India Ratings,Line of Credit/OD — Punjab National Bank,2025-08-29,500.0,,INR 5000 million,0,,IND A1+,,,,0,1,"The press release title states multiple actions (Assigned, Affirmed); which one applies to this instrument is not determinable from the facility endpoint, so it is not attributed.",bank_facility_rating_letter,166,2026-01-30,https://www.indiaratings.co.in/pressReleases/GetBankFacilityDataRatingLetter?pressReleaseId=76931,"Line of Credit/OD | Punjab National Bank | IND A1+ | rated amount 5000 (INR million, as published)",2026-09-09T16:43:55.547143+00:00
Bajaj Finance Limited,India Ratings,Line of Credit/OD — Punjab National Bank,2025-09-30,500.0,,INR 5000 million,0,,IND A1+,,,,0,1,"The press release title states multiple actions (Assigned, Affirmed); which one applies to this instrument is not determinable from the facility endpoint, so it is not attributed.",bank_facility_rating_letter,127,2026-01-30,https://www.indiaratings.co.in/pressReleases/GetBankFacilityDataRatingLetter?pressReleaseId=76931,"Line of Credit/OD | Punjab National Bank | IND A1+ | rated amount 5000 (INR million, as published)",2026-09-09T16:43:55.547143+00:00
Bajaj Finance Limited,India Ratings,Line of Credit/OD — Punjab National Bank,2025-12-01,500.0,,INR 5000 million,0,,IND A1+,,,,0,1,"The press release title states multiple actions (Assigned, Affirmed); which one applies to this instrument is not determinable from the facility endpoint, so it is not attributed.",bank_facility_rating_letter,88,2026-01-30,https://www.indiaratings.co.in/pressReleases/GetBankFacilityDataRatingLetter?pressReleaseId=76931,"Line of Credit/OD | Punjab National Bank | IND A1+ | rated amount 5000 (INR million, as published)",2026-09-09T16:43:55.547143+00:00
Bajaj Finance Limited,India Ratings,Line of Credit/OD — Punjab National Bank,2025-12-30,500.0,,INR 5000 million,0,,IND A1+,,,,0,1,"The press release title states multiple actions (Assigned, Affirmed); which one applies to this instrument is not determinable from the facility endpoint, so it is not attributed.",bank_facility_rating_letter,49,2026-01-30,https://www.indiaratings.co.in/pressReleases/GetBankFacilityDataRatingLetter?pressReleaseId=76931,"Line of Credit/OD | Punjab National Bank | IND A1+ | rated amount 5000 (INR million, as published)",2026-09-09T16:43:55.547143+00:00
Bajaj Finance Limited,India Ratings,Short term loan — Barclays Bank,2025-06-16,0.5,,INR 5 million,0,,IND A1+,,,,0,1,"The press release title states multiple actions (Assigned, Affirmed); which one applies to this instrument is not determinable from the facility endpoint, so it is not attributed.",bank_facility_rating_letter,285,2026-01-30,https://www.indiaratings.co.in/pressReleases/GetBankFacilityDataRatingLetter?pressReleaseId=76931,"Short term loan | Barclays Bank | IND A1+ | rated amount 5 (INR million, as published)",2026-09-09T16:43:55.547143+00:00
Bajaj Finance Limited,India Ratings,Short term loan — Barclays Bank,2025-06-24,0.5,,INR 5 million,0,,IND A1+,,,,0,1,"The press release title states multiple actions (Assigned, Affirmed); which one applies to this instrument is not determinable from the facility endpoint, so it is not attributed.",bank_facility_rating_letter,245,2026-01-30,https://www.indiaratings.co.in/pressReleases/GetBankFacilityDataRatingLetter?pressReleaseId=76931,"Short term loan | Barclays Bank | IND A1+ | rated amount 5 (INR million, as published)",2026-09-09T16:43:55.547143+00:00
Bajaj Finance Limited,India Ratings,Short term loan — Barclays Bank,2025-07-23,0.5,,INR 5 million,0,,IND A1+,,,,0,1,"The press release title states multiple actions (Assigned, Affirmed); which one applies to this instrument is not determinable from the facility endpoint, so it is not attributed.",bank_facility_rating_letter,206,2026-01-30,https://www.indiaratings.co.in/pressReleases/GetBankFacilityDataRatingLetter?pressReleaseId=76931,"Short term loan | Barclays Bank | IND A1+ | rated amount 5 (INR million, as published)",2026-09-09T16:43:55.547143+00:00
Bajaj Finance Limited,India Ratings,Short term loan — Barclays Bank,2025-08-29,0.5,,INR 5 million,0,,IND A1+,,,,0,1,"The press release title states multiple actions (Assigned, Affirmed); which one applies to this instrument is not determinable from the facility endpoint, so it is not attributed.",bank_facility_rating_letter,167,2026-01-30,https://www.indiaratings.co.in/pressReleases/GetBankFacilityDataRatingLetter?pressReleaseId=76931,"Short term loan | Barclays Bank | IND A1+ | rated amount 5 (INR million, as published)",2026-09-09T16:43:55.547143+00:00
Bajaj Finance Limited,India Ratings,Short term loan — Barclays Bank,2025-09-30,0.5,,INR 5 million,0,,IND A1+,,,,0,1,"The press release title states multiple actions (Assigned, Affirmed); which one applies to this instrument is not determinable from the facility endpoint, so it is not attributed.",bank_facility_rating_letter,128,2026-01-30,https://www.indiaratings.co.in/pressReleases/GetBankFacilityDataRatingLetter?pressReleaseId=76931,"Short term loan | Barclays Bank | IND A1+ | rated amount 5 (INR million, as published)",2026-09-09T16:43:55.547143+00:00
Bajaj Finance Limited,India Ratings,Short term loan — Barclays Bank,2025-12-01,0.5,,INR 5 million,0,,IND A1+,,,,0,1,"The press release title states multiple actions (Assigned, Affirmed); which one applies to this instrument is not determinable from the facility endpoint, so it is not attributed.",bank_facility_rating_letter,89,2026-01-30,https://www.indiaratings.co.in/pressReleases/GetBankFacilityDataRatingLetter?pressReleaseId=76931,"Short term loan | Barclays Bank | IND A1+ | rated amount 5 (INR million, as published)",2026-09-09T16:43:55.547143+00:00
Bajaj Finance Limited,India Ratings,Short term loan — Barclays Bank,2025-12-30,0.5,,INR 5 million,0,,IND A1+,,,,0,1,"The press release title states multiple actions (Assigned, Affirmed); which one applies to this instrument is not determinable from the facility endpoint, so it is not attributed.",bank_facility_rating_letter,50,2026-01-30,https://www.indiaratings.co.in/pressReleases/GetBankFacilityDataRatingLetter?pressReleaseId=76931,"Short term loan | Barclays Bank | IND A1+ | rated amount 5 (INR million, as published)",2026-09-09T16:43:55.547143+00:00
Bajaj Finance Limited,India Ratings,Short term loan — Deutsche Bank,2025-12-01,3300.0,,INR 33000 million,0,,IND A1+,,,,0,1,"The press release title states multiple actions (Assigned, Affirmed); which one applies to this instrument is not determinable from the facility endpoint, so it is not attributed.",bank_facility_rating_letter,90,2026-01-30,https://www.indiaratings.co.in/pressReleases/GetBankFacilityDataRatingLetter?pressReleaseId=76931,"Short term loan | Deutsche Bank | IND A1+ | rated amount 33000 (INR million, as published)",2026-09-09T16:43:55.547143+00:00
Bajaj Finance Limited,India Ratings,Short term loan — RBL Bank,2025-06-16,700.0,,INR 7000 million,0,,IND A1+,,,,0,1,"The press release title states multiple actions (Assigned, Affirmed); which one applies to this instrument is not determinable from the facility endpoint, so it is not attributed.",bank_facility_rating_letter,286,2026-01-30,https://www.indiaratings.co.in/pressReleases/GetBankFacilityDataRatingLetter?pressReleaseId=76931,"Short term loan | RBL Bank | IND A1+ | rated amount 7000 (INR million, as published)",2026-09-09T16:43:55.547143+00:00
Bajaj Finance Limited,India Ratings,Short term loan — RBL Bank,2025-06-24,700.0,,INR 7000 million,0,,IND A1+,,,,0,1,"The press release title states multiple actions (Assigned, Affirmed); which one applies to this instrument is not determinable from the facility endpoint, so it is not attributed.",bank_facility_rating_letter,246,2026-01-30,https://www.indiaratings.co.in/pressReleases/GetBankFacilityDataRatingLetter?pressReleaseId=76931,"Short term loan | RBL Bank | IND A1+ | rated amount 7000 (INR million, as published)",2026-09-09T16:43:55.547143+00:00
Bajaj Finance Limited,India Ratings,Short term loan — RBL Bank,2025-07-23,700.0,,INR 7000 million,0,,IND A1+,,,,0,1,"The press release title states multiple actions (Assigned, Affirmed); which one applies to this instrument is not determinable from the facility endpoint, so it is not attributed.",bank_facility_rating_letter,207,2026-01-30,https://www.indiaratings.co.in/pressReleases/GetBankFacilityDataRatingLetter?pressReleaseId=76931,"Short term loan | RBL Bank | IND A1+ | rated amount 7000 (INR million, as published)",2026-09-09T16:43:55.547143+00:00
Bajaj Finance Limited,India Ratings,Short term loan — RBL Bank,2025-08-29,700.0,,INR 7000 million,0,,IND A1+,,,,0,1,"The press release title states multiple actions (Assigned, Affirmed); which one applies to this instrument is not determinable from the facility endpoint, so it is not attributed.",bank_facility_rating_letter,168,2026-01-30,https://www.indiaratings.co.in/pressReleases/GetBankFacilityDataRatingLetter?pressReleaseId=76931,"Short term loan | RBL Bank | IND A1+ | rated amount 7000 (INR million, as published)",2026-09-09T16:43:55.547143+00:00
Bajaj Finance Limited,India Ratings,Short term loan — RBL Bank,2025-09-30,700.0,,INR 7000 million,0,,IND A1+,,,,0,1,"The press release title states multiple actions (Assigned, Affirmed); which one applies to this instrument is not determinable from the facility endpoint, so it is not attributed.",bank_facility_rating_letter,129,2026-01-30,https://www.indiaratings.co.in/pressReleases/GetBankFacilityDataRatingLetter?pressReleaseId=76931,"Short term loan | RBL Bank | IND A1+ | rated amount 7000 (INR million, as published)",2026-09-09T16:43:55.547143+00:00
Bajaj Finance Limited,India Ratings,Short term loan — RBL Bank,2025-12-01,700.0,,INR 7000 million,0,,IND A1+,,,,0,1,"The press release title states multiple actions (Assigned, Affirmed); which one applies to this instrument is not determinable from the facility endpoint, so it is not attributed.",bank_facility_rating_letter,91,2026-01-30,https://www.indiaratings.co.in/pressReleases/GetBankFacilityDataRatingLetter?pressReleaseId=76931,"Short term loan | RBL Bank | IND A1+ | rated amount 7000 (INR million, as published)",2026-09-09T16:43:55.547143+00:00
Bajaj Finance Limited,India Ratings,Short term loan — RBL Bank,2025-12-30,700.0,,INR 7000 million,0,,IND A1+,,,,0,1,"The press release title states multiple actions (Assigned, Affirmed); which one applies to this instrument is not determinable from the facility endpoint, so it is not attributed.",bank_facility_rating_letter,51,2026-01-30,https://www.indiaratings.co.in/pressReleases/GetBankFacilityDataRatingLetter?pressReleaseId=76931,"Short term loan | RBL Bank | IND A1+ | rated amount 7000 (INR million, as published)",2026-09-09T16:43:55.547143+00:00
Bajaj Finance Limited,India Ratings,Short term loan — Standard Chartered bank,2025-06-16,10.0,,INR 100 million,0,,IND A1+,,,,0,1,"The press release title states multiple actions (Assigned, Affirmed); which one applies to this instrument is not determinable from the facility endpoint, so it is not attributed.",bank_facility_rating_letter,287,2026-01-30,https://www.indiaratings.co.in/pressReleases/GetBankFacilityDataRatingLetter?pressReleaseId=76931,"Short term loan | Standard Chartered bank | IND A1+ | rated amount 100 (INR million, as published)",2026-09-09T16:43:55.547143+00:00
Bajaj Finance Limited,India Ratings,Short term loan — Standard Chartered bank,2025-06-24,10.0,,INR 100 million,0,,IND A1+,,,,0,1,"The press release title states multiple actions (Assigned, Affirmed); which one applies to this instrument is not determinable from the facility endpoint, so it is not attributed.",bank_facility_rating_letter,247,2026-01-30,https://www.indiaratings.co.in/pressReleases/GetBankFacilityDataRatingLetter?pressReleaseId=76931,"Short term loan | Standard Chartered bank | IND A1+ | rated amount 100 (INR million, as published)",2026-09-09T16:43:55.547143+00:00
Bajaj Finance Limited,India Ratings,Short term loan — Standard Chartered bank,2025-07-23,10.0,,INR 100 million,0,,IND A1+,,,,0,1,"The press release title states multiple actions (Assigned, Affirmed); which one applies to this instrument is not determinable from the facility endpoint, so it is not attributed.",bank_facility_rating_letter,208,2026-01-30,https://www.indiaratings.co.in/pressReleases/GetBankFacilityDataRatingLetter?pressReleaseId=76931,"Short term loan | Standard Chartered bank | IND A1+ | rated amount 100 (INR million, as published)",2026-09-09T16:43:55.547143+00:00
Bajaj Finance Limited,India Ratings,Short term loan — Standard Chartered bank,2025-08-29,10.0,,INR 100 million,0,,IND A1+,,,,0,1,"The press release title states multiple actions (Assigned, Affirmed); which one applies to this instrument is not determinable from the facility endpoint, so it is not attributed.",bank_facility_rating_letter,169,2026-01-30,https://www.indiaratings.co.in/pressReleases/GetBankFacilityDataRatingLetter?pressReleaseId=76931,"Short term loan | Standard Chartered bank | IND A1+ | rated amount 100 (INR million, as published)",2026-09-09T16:43:55.547143+00:00
Bajaj Finance Limited,India Ratings,Short term loan — Standard Chartered bank,2025-09-30,10.0,,INR 100 million,0,,IND A1+,,,,0,1,"The press release title states multiple actions (Assigned, Affirmed); which one applies to this instrument is not determinable from the facility endpoint, so it is not attributed.",bank_facility_rating_letter,130,2026-01-30,https://www.indiaratings.co.in/pressReleases/GetBankFacilityDataRatingLetter?pressReleaseId=76931,"Short term loan | Standard Chartered bank | IND A1+ | rated amount 100 (INR million, as published)",2026-09-09T16:43:55.547143+00:00
Bajaj Finance Limited,India Ratings,Short term loan — Standard Chartered bank,2025-12-01,10.0,,INR 100 million,0,,IND A1+,,,,0,1,"The press release title states multiple actions (Assigned, Affirmed); which one applies to this instrument is not determinable from the facility endpoint, so it is not attributed.",bank_facility_rating_letter,92,2026-01-30,https://www.indiaratings.co.in/pressReleases/GetBankFacilityDataRatingLetter?pressReleaseId=76931,"Short term loan | Standard Chartered bank | IND A1+ | rated amount 100 (INR million, as published)",2026-09-09T16:43:55.547143+00:00
Bajaj Finance Limited,India Ratings,Short term loan — Standard Chartered bank,2025-12-30,10.0,,INR 100 million,0,,IND A1+,,,,0,1,"The press release title states multiple actions (Assigned, Affirmed); which one applies to this instrument is not determinable from the facility endpoint, so it is not attributed.",bank_facility_rating_letter,52,2026-01-30,https://www.indiaratings.co.in/pressReleases/GetBankFacilityDataRatingLetter?pressReleaseId=76931,"Short term loan | Standard Chartered bank | IND A1+ | rated amount 100 (INR million, as published)",2026-09-09T16:43:55.547143+00:00
Bajaj Finance Limited,India Ratings,Short term loan — Union Bank of India,2025-12-01,500.0,,INR 5000 million,0,,IND A1+,,,,0,1,"The press release title states multiple actions (Assigned, Affirmed); which one applies to this instrument is not determinable from the facility endpoint, so it is not attributed.",bank_facility_rating_letter,93,2026-01-30,https://www.indiaratings.co.in/pressReleases/GetBankFacilityDataRatingLetter?pressReleaseId=76931,"Short term loan | Union Bank of India | IND A1+ | rated amount 5000 (INR million, as published)",2026-09-09T16:43:55.547143+00:00
Bajaj Finance Limited,India Ratings,Short term loans — Deutsche Bank,2025-06-16,2300.0,,INR 23000 million,0,,IND A1+,,,,0,1,"The press release title states multiple actions (Assigned, Affirmed); which one applies to this instrument is not determinable from the facility endpoint, so it is not attributed.",bank_facility_rating_letter,288,2026-01-30,https://www.indiaratings.co.in/pressReleases/GetBankFacilityDataRatingLetter?pressReleaseId=76931,"Short term loans | Deutsche Bank | IND A1+ | rated amount 23000 (INR million, as published)",2026-09-09T16:43:55.547143+00:00
Bajaj Finance Limited,India Ratings,Short term loans — Deutsche Bank,2025-06-24,2300.0,,INR 23000 million,0,,IND A1+,,,,0,1,"The press release title states multiple actions (Assigned, Affirmed); which one applies to this instrument is not determinable from the facility endpoint, so it is not attributed.",bank_facility_rating_letter,248,2026-01-30,https://www.indiaratings.co.in/pressReleases/GetBankFacilityDataRatingLetter?pressReleaseId=76931,"Short term loans | Deutsche Bank | IND A1+ | rated amount 23000 (INR million, as published)",2026-09-09T16:43:55.547143+00:00
Bajaj Finance Limited,India Ratings,Short term loans — Deutsche Bank,2025-07-23,2300.0,,INR 23000 million,0,,IND A1+,,,,0,1,"The press release title states multiple actions (Assigned, Affirmed); which one applies to this instrument is not determinable from the facility endpoint, so it is not attributed.",bank_facility_rating_letter,209,2026-01-30,https://www.indiaratings.co.in/pressReleases/GetBankFacilityDataRatingLetter?pressReleaseId=76931,"Short term loans | Deutsche Bank | IND A1+ | rated amount 23000 (INR million, as published)",2026-09-09T16:43:55.547143+00:00
Bajaj Finance Limited,India Ratings,Short term loans — Deutsche Bank,2025-08-29,2300.0,,INR 23000 million,0,,IND A1+,,,,0,1,"The press release title states multiple actions (Assigned, Affirmed); which one applies to this instrument is not determinable from the facility endpoint, so it is not attributed.",bank_facility_rating_letter,170,2026-01-30,https://www.indiaratings.co.in/pressReleases/GetBankFacilityDataRatingLetter?pressReleaseId=76931,"Short term loans | Deutsche Bank | IND A1+ | rated amount 23000 (INR million, as published)",2026-09-09T16:43:55.547143+00:00
Bajaj Finance Limited,India Ratings,Short term loans — Deutsche Bank,2025-09-30,3300.0,,INR 33000 million,0,,IND A1+,,,,0,1,"The press release title states multiple actions (Assigned, Affirmed); which one applies to this instrument is not determinable from the facility endpoint, so it is not attributed.",bank_facility_rating_letter,131,2026-01-30,https://www.indiaratings.co.in/pressReleases/GetBankFacilityDataRatingLetter?pressReleaseId=76931,"Short term loans | Deutsche Bank | IND A1+ | rated amount 33000 (INR million, as published)",2026-09-09T16:43:55.547143+00:00
Bajaj Finance Limited,India Ratings,Short term loans — Deutsche Bank,2025-12-30,2800.0,,INR 28000 million,0,,IND A1+,,,,0,1,"The press release title states multiple actions (Assigned, Affirmed); which one applies to this instrument is not determinable from the facility endpoint, so it is not attributed.",bank_facility_rating_letter,53,2026-01-30,https://www.indiaratings.co.in/pressReleases/GetBankFacilityDataRatingLetter?pressReleaseId=76931,"Short term loans | Deutsche Bank | IND A1+ | rated amount 28000 (INR million, as published)",2026-09-09T16:43:55.547143+00:00
Bajaj Finance Limited,India Ratings,Short term loans — Deutsche Bank,2026-01-30,3300.0,,INR 33000 million,0,,IND A1+,,,,0,1,"The press release title states multiple actions (Assigned, Affirmed); which one applies to this instrument is not determinable from the facility endpoint, so it is not attributed.",bank_facility_rating_letter,15,2026-01-30,https://www.indiaratings.co.in/pressReleases/GetBankFacilityDataRatingLetter?pressReleaseId=76931,"Short term loans | Deutsche Bank | IND A1+ | rated amount 33000 (INR million, as published)",2026-09-09T16:43:55.547143+00:00
Bajaj Finance Limited,India Ratings,Short term loans — Deutsche Bank,2026-03-10,3300.0,,INR 33000 million,0,,IND A1+,,,,0,1,"The press release title states multiple actions (Assigned, Affirmed); which one applies to this instrument is not determinable from the facility endpoint, so it is not attributed.",bank_facility_rating_letter,309,2026-08-25,https://www.indiaratings.co.in/pressReleases/GetBankFacilityDataRatingLetter?pressReleaseId=81837,"Short term loans | Deutsche Bank | IND A1+ | rated amount 33000 (INR million, as published)",2026-09-09T16:43:55.547143+00:00
Bajaj Finance Limited,India Ratings,Short term loans — Deutsche Bank,2026-03-30,3300.0,,INR 33000 million,0,,IND A1+,,,,0,1,"The press release title states multiple actions (Assigned, Affirmed); which one applies to this instrument is not determinable from the facility endpoint, so it is not attributed.",bank_facility_rating_letter,269,2026-08-25,https://www.indiaratings.co.in/pressReleases/GetBankFacilityDataRatingLetter?pressReleaseId=81837,"Short term loans | Deutsche Bank | IND A1+ | rated amount 33000 (INR million, as published)",2026-09-09T16:43:55.547143+00:00
Bajaj Finance Limited,India Ratings,Short term loans — Deutsche Bank,2026-04-27,3300.0,,INR 33000 million,0,,IND A1+,,,,0,1,"The press release title states multiple actions (Assigned, Affirmed); which one applies to this instrument is not determinable from the facility endpoint, so it is not attributed.",bank_facility_rating_letter,227,2026-08-25,https://www.indiaratings.co.in/pressReleases/GetBankFacilityDataRatingLetter?pressReleaseId=81837,"Short term loans | Deutsche Bank | IND A1+ | rated amount 33000 (INR million, as published)",2026-09-09T16:43:55.547143+00:00
Bajaj Finance Limited,India Ratings,Short term loans — Deutsche Bank,2026-05-26,5000.0,,INR 50000 million,0,,IND A1+,,,,0,1,"The press release title states multiple actions (Assigned, Affirmed); which one applies to this instrument is not determinable from the facility endpoint, so it is not attributed.",bank_facility_rating_letter,185,2026-08-25,https://www.indiaratings.co.in/pressReleases/GetBankFacilityDataRatingLetter?pressReleaseId=81837,"Short term loans | Deutsche Bank | IND A1+ | rated amount 50000 (INR million, as published)",2026-09-09T16:43:55.547143+00:00
Bajaj Finance Limited,India Ratings,Short term loans — Deutsche Bank,2026-06-23,5000.0,,INR 50000 million,0,,IND A1+,,,,0,1,"The press release title states multiple actions (Assigned, Affirmed); which one applies to this instrument is not determinable from the facility endpoint, so it is not attributed.",bank_facility_rating_letter,143,2026-08-25,https://www.indiaratings.co.in/pressReleases/GetBankFacilityDataRatingLetter?pressReleaseId=81837,"Short term loans | Deutsche Bank | IND A1+ | rated amount 50000 (INR million, as published)",2026-09-09T16:43:55.547143+00:00
Bajaj Finance Limited,India Ratings,Short term loans — Deutsche Bank,2026-07-23,5000.0,,INR 50000 million,0,,IND A1+,,,,0,1,"The press release title states multiple actions (Assigned, Affirmed); which one applies to this instrument is not determinable from the facility endpoint, so it is not attributed.",bank_facility_rating_letter,101,2026-08-25,https://www.indiaratings.co.in/pressReleases/GetBankFacilityDataRatingLetter?pressReleaseId=81837,"Short term loans | Deutsche Bank | IND A1+ | rated amount 50000 (INR million, as published)",2026-09-09T16:43:55.547143+00:00
Bajaj Finance Limited,India Ratings,Short term loans — Deutsche Bank,2026-08-07,5000.0,,INR 50000 million,0,,IND A1+,,,,0,1,"The press release title states multiple actions (Assigned, Affirmed); which one applies to this instrument is not determinable from the facility endpoint, so it is not attributed.",bank_facility_rating_letter,59,2026-08-25,https://www.indiaratings.co.in/pressReleases/GetBankFacilityDataRatingLetter?pressReleaseId=81837,"Short term loans | Deutsche Bank | IND A1+ | rated amount 50000 (INR million, as published)",2026-09-09T16:43:55.547143+00:00
Bajaj Finance Limited,India Ratings,Short term loans — Deutsche Bank,2026-08-25,3300.0,,INR 33000 million,0,,IND A1+,,,,0,1,"The press release title states multiple actions (Assigned, Affirmed); which one applies to this instrument is not determinable from the facility endpoint, so it is not attributed.",bank_facility_rating_letter,18,2026-08-25,https://www.indiaratings.co.in/pressReleases/GetBankFacilityDataRatingLetter?pressReleaseId=81837,"Short term loans | Deutsche Bank | IND A1+ | rated amount 33000 (INR million, as published)",2026-09-09T16:43:55.547143+00:00
Bajaj Finance Limited,India Ratings,Short term loans — Sumitomo Mitsui Banking Corporation,2026-03-30,900.0,,INR 9000 million,0,,IND A1+,,,,0,1,"The press release title states multiple actions (Assigned, Affirmed); which one applies to this instrument is not determinable from the facility endpoint, so it is not attributed.",bank_facility_rating_letter,270,2026-08-25,https://www.indiaratings.co.in/pressReleases/GetBankFacilityDataRatingLetter?pressReleaseId=81837,"Short term loans | Sumitomo Mitsui Banking Corporation | IND A1+ | rated amount 9000 (INR million, as published)",2026-09-09T16:43:55.547143+00:00
Bajaj Finance Limited,India Ratings,Short term loans — Sumitomo Mitsui Banking Corporation,2026-04-27,900.0,,INR 9000 million,0,,IND A1+,,,,0,1,"The press release title states multiple actions (Assigned, Affirmed); which one applies to this instrument is not determinable from the facility endpoint, so it is not attributed.",bank_facility_rating_letter,228,2026-08-25,https://www.indiaratings.co.in/pressReleases/GetBankFacilityDataRatingLetter?pressReleaseId=81837,"Short term loans | Sumitomo Mitsui Banking Corporation | IND A1+ | rated amount 9000 (INR million, as published)",2026-09-09T16:43:55.547143+00:00
Bajaj Finance Limited,India Ratings,Short term loans — Sumitomo Mitsui Banking Corporation,2026-05-26,1650.0,,INR 16500 million,0,,IND A1+,,,,0,1,"The press release title states multiple actions (Assigned, Affirmed); which one applies to this instrument is not determinable from the facility endpoint, so it is not attributed.",bank_facility_rating_letter,186,2026-08-25,https://www.indiaratings.co.in/pressReleases/GetBankFacilityDataRatingLetter?pressReleaseId=81837,"Short term loans | Sumitomo Mitsui Banking Corporation | IND A1+ | rated amount 16500 (INR million, as published)",2026-09-09T16:43:55.547143+00:00
Bajaj Finance Limited,India Ratings,Short term loans — Sumitomo Mitsui Banking Corporation,2026-06-23,1650.0,,INR 16500 million,0,,IND A1+,,,,0,1,"The press release title states multiple actions (Assigned, Affirmed); which one applies to this instrument is not determinable from the facility endpoint, so it is not attributed.",bank_facility_rating_letter,144,2026-08-25,https://www.indiaratings.co.in/pressReleases/GetBankFacilityDataRatingLetter?pressReleaseId=81837,"Short term loans | Sumitomo Mitsui Banking Corporation | IND A1+ | rated amount 16500 (INR million, as published)",2026-09-09T16:43:55.547143+00:00
Bajaj Finance Limited,India Ratings,Short term loans — Sumitomo Mitsui Banking Corporation,2026-07-23,1650.0,,INR 16500 million,0,,IND A1+,,,,0,1,"The press release title states multiple actions (Assigned, Affirmed); which one applies to this instrument is not determinable from the facility endpoint, so it is not attributed.",bank_facility_rating_letter,102,2026-08-25,https://www.indiaratings.co.in/pressReleases/GetBankFacilityDataRatingLetter?pressReleaseId=81837,"Short term loans | Sumitomo Mitsui Banking Corporation | IND A1+ | rated amount 16500 (INR million, as published)",2026-09-09T16:43:55.547143+00:00
Bajaj Finance Limited,India Ratings,Short term loans — Sumitomo Mitsui Banking Corporation,2026-08-07,1650.0,,INR 16500 million,0,,IND A1+,,,,0,1,"The press release title states multiple actions (Assigned, Affirmed); which one applies to this instrument is not determinable from the facility endpoint, so it is not attributed.",bank_facility_rating_letter,60,2026-08-25,https://www.indiaratings.co.in/pressReleases/GetBankFacilityDataRatingLetter?pressReleaseId=81837,"Short term loans | Sumitomo Mitsui Banking Corporation | IND A1+ | rated amount 16500 (INR million, as published)",2026-09-09T16:43:55.547143+00:00
Bajaj Finance Limited,India Ratings,Short term loans — Sumitomo Mitsui Banking Corporation,2026-08-25,1650.0,,INR 16500 million,0,,IND A1+,,,,0,1,"The press release title states multiple actions (Assigned, Affirmed); which one applies to this instrument is not determinable from the facility endpoint, so it is not attributed.",bank_facility_rating_letter,19,2026-08-25,https://www.indiaratings.co.in/pressReleases/GetBankFacilityDataRatingLetter?pressReleaseId=81837,"Short term loans | Sumitomo Mitsui Banking Corporation | IND A1+ | rated amount 16500 (INR million, as published)",2026-09-09T16:43:55.547143+00:00
Bajaj Finance Limited,India Ratings,Short term loans — Union Bank of India,2025-06-16,500.0,,INR 5000 million,0,,IND A1+,,,,0,1,"The press release title states multiple actions (Assigned, Affirmed); which one applies to this instrument is not determinable from the facility endpoint, so it is not attributed.",bank_facility_rating_letter,289,2026-01-30,https://www.indiaratings.co.in/pressReleases/GetBankFacilityDataRatingLetter?pressReleaseId=76931,"Short term loans | Union Bank of India | IND A1+ | rated amount 5000 (INR million, as published)",2026-09-09T16:43:55.547143+00:00
Bajaj Finance Limited,India Ratings,Short term loans — Union Bank of India,2025-06-24,500.0,,INR 5000 million,0,,IND A1+,,,,0,1,"The press release title states multiple actions (Assigned, Affirmed); which one applies to this instrument is not determinable from the facility endpoint, so it is not attributed.",bank_facility_rating_letter,249,2026-01-30,https://www.indiaratings.co.in/pressReleases/GetBankFacilityDataRatingLetter?pressReleaseId=76931,"Short term loans | Union Bank of India | IND A1+ | rated amount 5000 (INR million, as published)",2026-09-09T16:43:55.547143+00:00
Bajaj Finance Limited,India Ratings,Short term loans — Union Bank of India,2025-07-23,500.0,,INR 5000 million,0,,IND A1+,,,,0,1,"The press release title states multiple actions (Assigned, Affirmed); which one applies to this instrument is not determinable from the facility endpoint, so it is not attributed.",bank_facility_rating_letter,210,2026-01-30,https://www.indiaratings.co.in/pressReleases/GetBankFacilityDataRatingLetter?pressReleaseId=76931,"Short term loans | Union Bank of India | IND A1+ | rated amount 5000 (INR million, as published)",2026-09-09T16:43:55.547143+00:00
Bajaj Finance Limited,India Ratings,Short term loans — Union Bank of India,2025-08-29,500.0,,INR 5000 million,0,,IND A1+,,,,0,1,"The press release title states multiple actions (Assigned, Affirmed); which one applies to this instrument is not determinable from the facility endpoint, so it is not attributed.",bank_facility_rating_letter,171,2026-01-30,https://www.indiaratings.co.in/pressReleases/GetBankFacilityDataRatingLetter?pressReleaseId=76931,"Short term loans | Union Bank of India | IND A1+ | rated amount 5000 (INR million, as published)",2026-09-09T16:43:55.547143+00:00
Bajaj Finance Limited,India Ratings,Short term loans — Union Bank of India,2025-09-30,500.0,,INR 5000 million,0,,IND A1+,,,,0,1,"The press release title states multiple actions (Assigned, Affirmed); which one applies to this instrument is not determinable from the facility endpoint, so it is not attributed.",bank_facility_rating_letter,132,2026-01-30,https://www.indiaratings.co.in/pressReleases/GetBankFacilityDataRatingLetter?pressReleaseId=76931,"Short term loans | Union Bank of India | IND A1+ | rated amount 5000 (INR million, as published)",2026-09-09T16:43:55.547143+00:00
Bajaj Finance Limited,India Ratings,Short term loans — Union Bank of India,2025-12-30,500.0,,INR 5000 million,0,,IND A1+,,,,0,1,"The press release title states multiple actions (Assigned, Affirmed); which one applies to this instrument is not determinable from the facility endpoint, so it is not attributed.",bank_facility_rating_letter,54,2026-01-30,https://www.indiaratings.co.in/pressReleases/GetBankFacilityDataRatingLetter?pressReleaseId=76931,"Short term loans | Union Bank of India | IND A1+ | rated amount 5000 (INR million, as published)",2026-09-09T16:43:55.547143+00:00
Bajaj Finance Limited,India Ratings,Term Loan — Axis Bank Limited,2025-06-16,2000.0,,INR 20000 million,0,,IND AAA,,Stable,,0,1,"The press release title states multiple actions (Assigned, Affirmed); which one applies to this instrument is not determinable from the facility endpoint, so it is not attributed.",bank_facility_rating_letter,290,2026-01-30,https://www.indiaratings.co.in/pressReleases/GetBankFacilityDataRatingLetter?pressReleaseId=76931,"Term Loan | Axis Bank Limited | IND AAA/Stable | rated amount 20000 (INR million, as published)",2026-09-09T16:43:55.547143+00:00
Bajaj Finance Limited,India Ratings,Term Loan — Axis Bank Limited,2025-06-24,2000.0,,INR 20000 million,0,,IND AAA,,Stable,,0,1,"The press release title states multiple actions (Assigned, Affirmed); which one applies to this instrument is not determinable from the facility endpoint, so it is not attributed.",bank_facility_rating_letter,250,2026-01-30,https://www.indiaratings.co.in/pressReleases/GetBankFacilityDataRatingLetter?pressReleaseId=76931,"Term Loan | Axis Bank Limited | IND AAA/Stable | rated amount 20000 (INR million, as published)",2026-09-09T16:43:55.547143+00:00
Bajaj Finance Limited,India Ratings,Term Loan — Axis Bank Limited,2025-07-23,2000.0,,INR 20000 million,0,,IND AAA,,Stable,,0,1,"The press release title states multiple actions (Assigned, Affirmed); which one applies to this instrument is not determinable from the facility endpoint, so it is not attributed.",bank_facility_rating_letter,211,2026-01-30,https://www.indiaratings.co.in/pressReleases/GetBankFacilityDataRatingLetter?pressReleaseId=76931,"Term Loan | Axis Bank Limited | IND AAA/Stable | rated amount 20000 (INR million, as published)",2026-09-09T16:43:55.547143+00:00
Bajaj Finance Limited,India Ratings,Term Loan — Axis Bank Limited,2025-09-30,2000.0,,INR 20000 million,0,,IND AAA,,Stable,,0,1,"The press release title states multiple actions (Assigned, Affirmed); which one applies to this instrument is not determinable from the facility endpoint, so it is not attributed.",bank_facility_rating_letter,133,2026-01-30,https://www.indiaratings.co.in/pressReleases/GetBankFacilityDataRatingLetter?pressReleaseId=76931,"Term Loan | Axis Bank Limited | IND AAA/Stable | rated amount 20000 (INR million, as published)",2026-09-09T16:43:55.547143+00:00
Bajaj Finance Limited,India Ratings,Term Loan — Axis Bank Limited,2025-12-01,2000.0,,INR 20000 million,0,,IND AAA,,Stable,,0,1,"The press release title states multiple actions (Assigned, Affirmed); which one applies to this instrument is not determinable from the facility endpoint, so it is not attributed.",bank_facility_rating_letter,94,2026-01-30,https://www.indiaratings.co.in/pressReleases/GetBankFacilityDataRatingLetter?pressReleaseId=76931,"Term Loan | Axis Bank Limited | IND AAA/Stable | rated amount 20000 (INR million, as published)",2026-09-09T16:43:55.547143+00:00
Bajaj Finance Limited,India Ratings,Term Loan — Axis Bank Limited,2025-12-30,2500.0,,INR 25000 million,0,,IND AAA,,Stable,,0,1,"The press release title states multiple actions (Assigned, Affirmed); which one applies to this instrument is not determinable from the facility endpoint, so it is not attributed.",bank_facility_rating_letter,55,2026-01-30,https://www.indiaratings.co.in/pressReleases/GetBankFacilityDataRatingLetter?pressReleaseId=76931,"Term Loan | Axis Bank Limited | IND AAA/Stable | rated amount 25000 (INR million, as published)",2026-09-09T16:43:55.547143+00:00
Bajaj Finance Limited,India Ratings,Term Loan — Axis Bank Limited,2026-01-30,3000.0,,INR 30000 million,0,,IND AAA,,Stable,,0,1,"The press release title states multiple actions (Assigned, Affirmed); which one applies to this instrument is not determinable from the facility endpoint, so it is not attributed.",bank_facility_rating_letter,16,2026-01-30,https://www.indiaratings.co.in/pressReleases/GetBankFacilityDataRatingLetter?pressReleaseId=76931,"Term Loan | Axis Bank Limited | IND AAA/Stable | rated amount 30000 (INR million, as published)",2026-09-09T16:43:55.547143+00:00
Bajaj Finance Limited,India Ratings,Term Loan — Axis Bank Limited,2026-03-10,3000.0,,INR 30000 million,0,,IND AAA,,Stable,,0,1,"The press release title states multiple actions (Assigned, Affirmed); which one applies to this instrument is not determinable from the facility endpoint, so it is not attributed.",bank_facility_rating_letter,310,2026-08-25,https://www.indiaratings.co.in/pressReleases/GetBankFacilityDataRatingLetter?pressReleaseId=81837,"Term Loan | Axis Bank Limited | IND AAA/Stable | rated amount 30000 (INR million, as published)",2026-09-09T16:43:55.547143+00:00
Bajaj Finance Limited,India Ratings,Term Loan — Axis Bank Limited,2026-03-30,3000.0,,INR 30000 million,0,,IND AAA,,Stable,,0,1,"The press release title states multiple actions (Assigned, Affirmed); which one applies to this instrument is not determinable from the facility endpoint, so it is not attributed.",bank_facility_rating_letter,271,2026-08-25,https://www.indiaratings.co.in/pressReleases/GetBankFacilityDataRatingLetter?pressReleaseId=81837,"Term Loan | Axis Bank Limited | IND AAA/Stable | rated amount 30000 (INR million, as published)",2026-09-09T16:43:55.547143+00:00
Bajaj Finance Limited,India Ratings,Term Loan — Axis Bank Limited,2026-04-27,3000.0,,INR 30000 million,0,,IND AAA,,Stable,,0,1,"The press release title states multiple actions (Assigned, Affirmed); which one applies to this instrument is not determinable from the facility endpoint, so it is not attributed.",bank_facility_rating_letter,229,2026-08-25,https://www.indiaratings.co.in/pressReleases/GetBankFacilityDataRatingLetter?pressReleaseId=81837,"Term Loan | Axis Bank Limited | IND AAA/Stable | rated amount 30000 (INR million, as published)",2026-09-09T16:43:55.547143+00:00
Bajaj Finance Limited,India Ratings,Term Loan — Axis Bank Limited,2026-05-26,3000.0,,INR 30000 million,0,,IND AAA,,Stable,,0,1,"The press release title states multiple actions (Assigned, Affirmed); which one applies to this instrument is not determinable from the facility endpoint, so it is not attributed.",bank_facility_rating_letter,187,2026-08-25,https://www.indiaratings.co.in/pressReleases/GetBankFacilityDataRatingLetter?pressReleaseId=81837,"Term Loan | Axis Bank Limited | IND AAA/Stable | rated amount 30000 (INR million, as published)",2026-09-09T16:43:55.547143+00:00
Bajaj Finance Limited,India Ratings,Term Loan — Axis Bank Limited,2026-06-23,3000.0,,INR 30000 million,0,,IND AAA,,Stable,,0,1,"The press release title states multiple actions (Assigned, Affirmed); which one applies to this instrument is not determinable from the facility endpoint, so it is not attributed.",bank_facility_rating_letter,145,2026-08-25,https://www.indiaratings.co.in/pressReleases/GetBankFacilityDataRatingLetter?pressReleaseId=81837,"Term Loan | Axis Bank Limited | IND AAA/Stable | rated amount 30000 (INR million, as published)",2026-09-09T16:43:55.547143+00:00
Bajaj Finance Limited,India Ratings,Term Loan — Axis Bank Limited,2026-07-23,3000.0,,INR 30000 million,0,,IND AAA,,Stable,,0,1,"The press release title states multiple actions (Assigned, Affirmed); which one applies to this instrument is not determinable from the facility endpoint, so it is not attributed.",bank_facility_rating_letter,103,2026-08-25,https://www.indiaratings.co.in/pressReleases/GetBankFacilityDataRatingLetter?pressReleaseId=81837,"Term Loan | Axis Bank Limited | IND AAA/Stable | rated amount 30000 (INR million, as published)",2026-09-09T16:43:55.547143+00:00
Bajaj Finance Limited,India Ratings,Term Loan — Axis Bank Limited,2026-08-07,3000.0,,INR 30000 million,0,,IND AAA,,Stable,,0,1,"The press release title states multiple actions (Assigned, Affirmed); which one applies to this instrument is not determinable from the facility endpoint, so it is not attributed.",bank_facility_rating_letter,61,2026-08-25,https://www.indiaratings.co.in/pressReleases/GetBankFacilityDataRatingLetter?pressReleaseId=81837,"Term Loan | Axis Bank Limited | IND AAA/Stable | rated amount 30000 (INR million, as published)",2026-09-09T16:43:55.547143+00:00
Bajaj Finance Limited,India Ratings,Term Loan — Axis Bank Limited,2026-08-25,3500.0,,INR 35000 million,0,,IND AAA,,Stable,,0,1,"The press release title states multiple actions (Assigned, Affirmed); which one applies to this instrument is not determinable from the facility endpoint, so it is not attributed.",bank_facility_rating_letter,20,2026-08-25,https://www.indiaratings.co.in/pressReleases/GetBankFacilityDataRatingLetter?pressReleaseId=81837,"Term Loan | Axis Bank Limited | IND AAA/Stable | rated amount 35000 (INR million, as published)",2026-09-09T16:43:55.547143+00:00
Bajaj Finance Limited,India Ratings,Term Loan — Bandhan Bank,2025-06-16,500.0,,INR 5000 million,0,,IND AAA,,Stable,,0,1,"The press release title states multiple actions (Assigned, Affirmed); which one applies to this instrument is not determinable from the facility endpoint, so it is not attributed.",bank_facility_rating_letter,291,2026-01-30,https://www.indiaratings.co.in/pressReleases/GetBankFacilityDataRatingLetter?pressReleaseId=76931,"Term Loan | Bandhan Bank | IND AAA/Stable | rated amount 5000 (INR million, as published)",2026-09-09T16:43:55.547143+00:00
Bajaj Finance Limited,India Ratings,Term Loan — Bandhan Bank,2025-06-24,500.0,,INR 5000 million,0,,IND AAA,,Stable,,0,1,"The press release title states multiple actions (Assigned, Affirmed); which one applies to this instrument is not determinable from the facility endpoint, so it is not attributed.",bank_facility_rating_letter,251,2026-01-30,https://www.indiaratings.co.in/pressReleases/GetBankFacilityDataRatingLetter?pressReleaseId=76931,"Term Loan | Bandhan Bank | IND AAA/Stable | rated amount 5000 (INR million, as published)",2026-09-09T16:43:55.547143+00:00
Bajaj Finance Limited,India Ratings,Term Loan — Bandhan Bank,2025-07-23,500.0,,INR 5000 million,0,,IND AAA,,Stable,,0,1,"The press release title states multiple actions (Assigned, Affirmed); which one applies to this instrument is not determinable from the facility endpoint, so it is not attributed.",bank_facility_rating_letter,212,2026-01-30,https://www.indiaratings.co.in/pressReleases/GetBankFacilityDataRatingLetter?pressReleaseId=76931,"Term Loan | Bandhan Bank | IND AAA/Stable | rated amount 5000 (INR million, as published)",2026-09-09T16:43:55.547143+00:00
Bajaj Finance Limited,India Ratings,Term Loan — Bandhan Bank,2025-08-29,500.0,,INR 5000 million,0,,IND AAA,,Stable,,0,1,"The press release title states multiple actions (Assigned, Affirmed); which one applies to this instrument is not determinable from the facility endpoint, so it is not attributed.",bank_facility_rating_letter,172,2026-01-30,https://www.indiaratings.co.in/pressReleases/GetBankFacilityDataRatingLetter?pressReleaseId=76931,"Term Loan | Bandhan Bank | IND AAA/Stable | rated amount 5000 (INR million, as published)",2026-09-09T16:43:55.547143+00:00
Bajaj Finance Limited,India Ratings,Term Loan — Bandhan Bank,2025-09-30,500.0,,INR 5000 million,0,,IND AAA,,Stable,,0,1,"The press release title states multiple actions (Assigned, Affirmed); which one applies to this instrument is not determinable from the facility endpoint, so it is not attributed.",bank_facility_rating_letter,134,2026-01-30,https://www.indiaratings.co.in/pressReleases/GetBankFacilityDataRatingLetter?pressReleaseId=76931,"Term Loan | Bandhan Bank | IND AAA/Stable | rated amount 5000 (INR million, as published)",2026-09-09T16:43:55.547143+00:00
Bajaj Finance Limited,India Ratings,Term Loan — Bandhan Bank,2025-12-01,500.0,,INR 5000 million,0,,IND AAA,,Stable,,0,1,"The press release title states multiple actions (Assigned, Affirmed); which one applies to this instrument is not determinable from the facility endpoint, so it is not attributed.",bank_facility_rating_letter,95,2026-01-30,https://www.indiaratings.co.in/pressReleases/GetBankFacilityDataRatingLetter?pressReleaseId=76931,"Term Loan | Bandhan Bank | IND AAA/Stable | rated amount 5000 (INR million, as published)",2026-09-09T16:43:55.547143+00:00
Bajaj Finance Limited,India Ratings,Term Loan — Bandhan Bank,2025-12-30,500.0,,INR 5000 million,0,,IND AAA,,Stable,,0,1,"The press release title states multiple actions (Assigned, Affirmed); which one applies to this instrument is not determinable from the facility endpoint, so it is not attributed.",bank_facility_rating_letter,56,2026-01-30,https://www.indiaratings.co.in/pressReleases/GetBankFacilityDataRatingLetter?pressReleaseId=76931,"Term Loan | Bandhan Bank | IND AAA/Stable | rated amount 5000 (INR million, as published)",2026-09-09T16:43:55.547143+00:00
Bajaj Finance Limited,India Ratings,Term Loan — Bandhan Bank,2026-01-30,500.0,,INR 5000 million,0,,IND AAA,,Stable,,0,1,"The press release title states multiple actions (Assigned, Affirmed); which one applies to this instrument is not determinable from the facility endpoint, so it is not attributed.",bank_facility_rating_letter,17,2026-01-30,https://www.indiaratings.co.in/pressReleases/GetBankFacilityDataRatingLetter?pressReleaseId=76931,"Term Loan | Bandhan Bank | IND AAA/Stable | rated amount 5000 (INR million, as published)",2026-09-09T16:43:55.547143+00:00
Bajaj Finance Limited,India Ratings,Term Loan — Bandhan Bank,2026-03-10,500.0,,INR 5000 million,0,,IND AAA,,Stable,,0,1,"The press release title states multiple actions (Assigned, Affirmed); which one applies to this instrument is not determinable from the facility endpoint, so it is not attributed.",bank_facility_rating_letter,311,2026-08-25,https://www.indiaratings.co.in/pressReleases/GetBankFacilityDataRatingLetter?pressReleaseId=81837,"Term Loan | Bandhan Bank | IND AAA/Stable | rated amount 5000 (INR million, as published)",2026-09-09T16:43:55.547143+00:00
Bajaj Finance Limited,India Ratings,Term Loan — Bandhan Bank,2026-03-30,500.0,,INR 5000 million,0,,IND AAA,,Stable,,0,1,"The press release title states multiple actions (Assigned, Affirmed); which one applies to this instrument is not determinable from the facility endpoint, so it is not attributed.",bank_facility_rating_letter,272,2026-08-25,https://www.indiaratings.co.in/pressReleases/GetBankFacilityDataRatingLetter?pressReleaseId=81837,"Term Loan | Bandhan Bank | IND AAA/Stable | rated amount 5000 (INR million, as published)",2026-09-09T16:43:55.547143+00:00
Bajaj Finance Limited,India Ratings,Term Loan — Bandhan Bank,2026-04-27,500.0,,INR 5000 million,0,,IND AAA,,Stable,,0,1,"The press release title states multiple actions (Assigned, Affirmed); which one applies to this instrument is not determinable from the facility endpoint, so it is not attributed.",bank_facility_rating_letter,230,2026-08-25,https://www.indiaratings.co.in/pressReleases/GetBankFacilityDataRatingLetter?pressReleaseId=81837,"Term Loan | Bandhan Bank | IND AAA/Stable | rated amount 5000 (INR million, as published)",2026-09-09T16:43:55.547143+00:00
Bajaj Finance Limited,India Ratings,Term Loan — Bandhan Bank,2026-05-26,500.0,,INR 5000 million,0,,IND AAA,,Stable,,0,1,"The press release title states multiple actions (Assigned, Affirmed); which one applies to this instrument is not determinable from the facility endpoint, so it is not attributed.",bank_facility_rating_letter,188,2026-08-25,https://www.indiaratings.co.in/pressReleases/GetBankFacilityDataRatingLetter?pressReleaseId=81837,"Term Loan | Bandhan Bank | IND AAA/Stable | rated amount 5000 (INR million, as published)",2026-09-09T16:43:55.547143+00:00
Bajaj Finance Limited,India Ratings,Term Loan — Bandhan Bank,2026-06-23,500.0,,INR 5000 million,0,,IND AAA,,Stable,,0,1,"The press release title states multiple actions (Assigned, Affirmed); which one applies to this instrument is not determinable from the facility endpoint, so it is not attributed.",bank_facility_rating_letter,146,2026-08-25,https://www.indiaratings.co.in/pressReleases/GetBankFacilityDataRatingLetter?pressReleaseId=81837,"Term Loan | Bandhan Bank | IND AAA/Stable | rated amount 5000 (INR million, as published)",2026-09-09T16:43:55.547143+00:00
Bajaj Finance Limited,India Ratings,Term Loan — Bandhan Bank,2026-07-23,500.0,,INR 5000 million,0,,IND AAA,,Stable,,0,1,"The press release title states multiple actions (Assigned, Affirmed); which one applies to this instrument is not determinable from the facility endpoint, so it is not attributed.",bank_facility_rating_letter,104,2026-08-25,https://www.indiaratings.co.in/pressReleases/GetBankFacilityDataRatingLetter?pressReleaseId=81837,"Term Loan | Bandhan Bank | IND AAA/Stable | rated amount 5000 (INR million, as published)",2026-09-09T16:43:55.547143+00:00
Bajaj Finance Limited,India Ratings,Term Loan — Bandhan Bank,2026-08-07,500.0,,INR 5000 million,0,,IND AAA,,Stable,,0,1,"The press release title states multiple actions (Assigned, Affirmed); which one applies to this instrument is not determinable from the facility endpoint, so it is not attributed.",bank_facility_rating_letter,62,2026-08-25,https://www.indiaratings.co.in/pressReleases/GetBankFacilityDataRatingLetter?pressReleaseId=81837,"Term Loan | Bandhan Bank | IND AAA/Stable | rated amount 5000 (INR million, as published)",2026-09-09T16:43:55.547143+00:00
Bajaj Finance Limited,India Ratings,Term Loan — Bandhan Bank,2026-08-25,500.0,,INR 5000 million,0,,IND AAA,,Stable,,0,1,"The press release title states multiple actions (Assigned, Affirmed); which one applies to this instrument is not determinable from the facility endpoint, so it is not attributed.",bank_facility_rating_letter,21,2026-08-25,https://www.indiaratings.co.in/pressReleases/GetBankFacilityDataRatingLetter?pressReleaseId=81837,"Term Loan | Bandhan Bank | IND AAA/Stable | rated amount 5000 (INR million, as published)",2026-09-09T16:43:55.547143+00:00
Bajaj Finance Limited,India Ratings,Term Loan — Bank of America,2025-06-16,800.0,,INR 8000 million,0,,IND AAA,,Stable,,0,1,"The press release title states multiple actions (Assigned, Affirmed); which one applies to this instrument is not determinable from the facility endpoint, so it is not attributed.",bank_facility_rating_letter,292,2026-01-30,https://www.indiaratings.co.in/pressReleases/GetBankFacilityDataRatingLetter?pressReleaseId=76931,"Term Loan | Bank of America | IND AAA/Stable | rated amount 8000 (INR million, as published)",2026-09-09T16:43:55.547143+00:00
Bajaj Finance Limited,India Ratings,Term Loan — Bank of America,2025-06-24,800.0,,INR 8000 million,0,,IND AAA,,Stable,,0,1,"The press release title states multiple actions (Assigned, Affirmed); which one applies to this instrument is not determinable from the facility endpoint, so it is not attributed.",bank_facility_rating_letter,252,2026-01-30,https://www.indiaratings.co.in/pressReleases/GetBankFacilityDataRatingLetter?pressReleaseId=76931,"Term Loan | Bank of America | IND AAA/Stable | rated amount 8000 (INR million, as published)",2026-09-09T16:43:55.547143+00:00
Bajaj Finance Limited,India Ratings,Term Loan — Bank of America,2025-07-23,500.0,,INR 5000 million,0,,IND AAA,,Stable,,0,1,"The press release title states multiple actions (Assigned, Affirmed); which one applies to this instrument is not determinable from the facility endpoint, so it is not attributed.",bank_facility_rating_letter,213,2026-01-30,https://www.indiaratings.co.in/pressReleases/GetBankFacilityDataRatingLetter?pressReleaseId=76931,"Term Loan | Bank of America | IND AAA/Stable | rated amount 5000 (INR million, as published)",2026-09-09T16:43:55.547143+00:00
Bajaj Finance Limited,India Ratings,Term Loan — Bank of America,2025-08-29,500.0,,INR 5000 million,0,,IND AAA,,Stable,,0,1,"The press release title states multiple actions (Assigned, Affirmed); which one applies to this instrument is not determinable from the facility endpoint, so it is not attributed.",bank_facility_rating_letter,173,2026-01-30,https://www.indiaratings.co.in/pressReleases/GetBankFacilityDataRatingLetter?pressReleaseId=76931,"Term Loan | Bank of America | IND AAA/Stable | rated amount 5000 (INR million, as published)",2026-09-09T16:43:55.547143+00:00
Bajaj Finance Limited,India Ratings,Term Loan — Bank of America,2025-09-30,500.0,,INR 5000 million,0,,IND AAA,,Stable,,0,1,"The press release title states multiple actions (Assigned, Affirmed); which one applies to this instrument is not determinable from the facility endpoint, so it is not attributed.",bank_facility_rating_letter,135,2026-01-30,https://www.indiaratings.co.in/pressReleases/GetBankFacilityDataRatingLetter?pressReleaseId=76931,"Term Loan | Bank of America | IND AAA/Stable | rated amount 5000 (INR million, as published)",2026-09-09T16:43:55.547143+00:00
Bajaj Finance Limited,India Ratings,Term Loan — Bank of America,2025-12-01,1015.0,,INR 10150 million,0,,IND AAA,,Stable,,0,1,"The press release title states multiple actions (Assigned, Affirmed); which one applies to this instrument is not determinable from the facility endpoint, so it is not attributed.",bank_facility_rating_letter,96,2026-01-30,https://www.indiaratings.co.in/pressReleases/GetBankFacilityDataRatingLetter?pressReleaseId=76931,"Term Loan | Bank of America | IND AAA/Stable | rated amount 10150 (INR million, as published)",2026-09-09T16:43:55.547143+00:00
Bajaj Finance Limited,India Ratings,Term Loan — Bank of America,2025-12-30,1015.0,,INR 10150 million,0,,IND AAA,,Stable,,0,1,"The press release title states multiple actions (Assigned, Affirmed); which one applies to this instrument is not determinable from the facility endpoint, so it is not attributed.",bank_facility_rating_letter,57,2026-01-30,https://www.indiaratings.co.in/pressReleases/GetBankFacilityDataRatingLetter?pressReleaseId=76931,"Term Loan | Bank of America | IND AAA/Stable | rated amount 10150 (INR million, as published)",2026-09-09T16:43:55.547143+00:00
Bajaj Finance Limited,India Ratings,Term Loan — Bank of America,2026-01-30,1015.0,,INR 10150 million,0,,IND AAA,,Stable,,0,1,"The press release title states multiple actions (Assigned, Affirmed); which one applies to this instrument is not determinable from the facility endpoint, so it is not attributed.",bank_facility_rating_letter,18,2026-01-30,https://www.indiaratings.co.in/pressReleases/GetBankFacilityDataRatingLetter?pressReleaseId=76931,"Term Loan | Bank of America | IND AAA/Stable | rated amount 10150 (INR million, as published)",2026-09-09T16:43:55.547143+00:00
Bajaj Finance Limited,India Ratings,Term Loan — Bank of America,2026-03-10,1015.0,,INR 10150 million,0,,IND AAA,,Stable,,0,1,"The press release title states multiple actions (Assigned, Affirmed); which one applies to this instrument is not determinable from the facility endpoint, so it is not attributed.",bank_facility_rating_letter,312,2026-08-25,https://www.indiaratings.co.in/pressReleases/GetBankFacilityDataRatingLetter?pressReleaseId=81837,"Term Loan | Bank of America | IND AAA/Stable | rated amount 10150 (INR million, as published)",2026-09-09T16:43:55.547143+00:00
Bajaj Finance Limited,India Ratings,Term Loan — Bank of America,2026-03-30,2415.0,,INR 24150 million,0,,IND AAA,,Stable,,0,1,"The press release title states multiple actions (Assigned, Affirmed); which one applies to this instrument is not determinable from the facility endpoint, so it is not attributed.",bank_facility_rating_letter,273,2026-08-25,https://www.indiaratings.co.in/pressReleases/GetBankFacilityDataRatingLetter?pressReleaseId=81837,"Term Loan | Bank of America | IND AAA/Stable | rated amount 24150 (INR million, as published)",2026-09-09T16:43:55.547143+00:00
Bajaj Finance Limited,India Ratings,Term Loan — Bank of America,2026-04-27,1915.0,,INR 19150 million,0,,IND AAA,,Stable,,0,1,"The press release title states multiple actions (Assigned, Affirmed); which one applies to this instrument is not determinable from the facility endpoint, so it is not attributed.",bank_facility_rating_letter,231,2026-08-25,https://www.indiaratings.co.in/pressReleases/GetBankFacilityDataRatingLetter?pressReleaseId=81837,"Term Loan | Bank of America | IND AAA/Stable | rated amount 19150 (INR million, as published)",2026-09-09T16:43:55.547143+00:00
Bajaj Finance Limited,India Ratings,Term Loan — Bank of America,2026-05-26,1915.0,,INR 19150 million,0,,IND AAA,,Stable,,0,1,"The press release title states multiple actions (Assigned, Affirmed); which one applies to this instrument is not determinable from the facility endpoint, so it is not attributed.",bank_facility_rating_letter,189,2026-08-25,https://www.indiaratings.co.in/pressReleases/GetBankFacilityDataRatingLetter?pressReleaseId=81837,"Term Loan | Bank of America | IND AAA/Stable | rated amount 19150 (INR million, as published)",2026-09-09T16:43:55.547143+00:00
Bajaj Finance Limited,India Ratings,Term Loan — Bank of America,2026-06-23,1915.0,,INR 19150 million,0,,IND AAA,,Stable,,0,1,"The press release title states multiple actions (Assigned, Affirmed); which one applies to this instrument is not determinable from the facility endpoint, so it is not attributed.",bank_facility_rating_letter,147,2026-08-25,https://www.indiaratings.co.in/pressReleases/GetBankFacilityDataRatingLetter?pressReleaseId=81837,"Term Loan | Bank of America | IND AAA/Stable | rated amount 19150 (INR million, as published)",2026-09-09T16:43:55.547143+00:00
Bajaj Finance Limited,India Ratings,Term Loan — Bank of America,2026-07-23,1915.0,,INR 19150 million,0,,IND AAA,,Stable,,0,1,"The press release title states multiple actions (Assigned, Affirmed); which one applies to this instrument is not determinable from the facility endpoint, so it is not attributed.",bank_facility_rating_letter,105,2026-08-25,https://www.indiaratings.co.in/pressReleases/GetBankFacilityDataRatingLetter?pressReleaseId=81837,"Term Loan | Bank of America | IND AAA/Stable | rated amount 19150 (INR million, as published)",2026-09-09T16:43:55.547143+00:00
Bajaj Finance Limited,India Ratings,Term Loan — Bank of America,2026-08-07,1915.0,,INR 19150 million,0,,IND AAA,,Stable,,0,1,"The press release title states multiple actions (Assigned, Affirmed); which one applies to this instrument is not determinable from the facility endpoint, so it is not attributed.",bank_facility_rating_letter,63,2026-08-25,https://www.indiaratings.co.in/pressReleases/GetBankFacilityDataRatingLetter?pressReleaseId=81837,"Term Loan | Bank of America | IND AAA/Stable | rated amount 19150 (INR million, as published)",2026-09-09T16:43:55.547143+00:00
Bajaj Finance Limited,India Ratings,Term Loan — Bank of America,2026-08-25,1915.0,,INR 19150 million,0,,IND AAA,,Stable,,0,1,"The press release title states multiple actions (Assigned, Affirmed); which one applies to this instrument is not determinable from the facility endpoint, so it is not attributed.",bank_facility_rating_letter,22,2026-08-25,https://www.indiaratings.co.in/pressReleases/GetBankFacilityDataRatingLetter?pressReleaseId=81837,"Term Loan | Bank of America | IND AAA/Stable | rated amount 19150 (INR million, as published)",2026-09-09T16:43:55.547143+00:00
Bajaj Finance Limited,India Ratings,Term Loan — Bank of Baroda,2025-06-16,9000.0,,INR 90000 million,0,,IND AAA,,Stable,,0,1,"The press release title states multiple actions (Assigned, Affirmed); which one applies to this instrument is not determinable from the facility endpoint, so it is not attributed.",bank_facility_rating_letter,293,2026-01-30,https://www.indiaratings.co.in/pressReleases/GetBankFacilityDataRatingLetter?pressReleaseId=76931,"Term Loan | Bank of Baroda | IND AAA/Stable | rated amount 90000 (INR million, as published)",2026-09-09T16:43:55.547143+00:00
Bajaj Finance Limited,India Ratings,Term Loan — Bank of Baroda,2025-06-24,9000.0,,INR 90000 million,0,,IND AAA,,Stable,,0,1,"The press release title states multiple actions (Assigned, Affirmed); which one applies to this instrument is not determinable from the facility endpoint, so it is not attributed.",bank_facility_rating_letter,253,2026-01-30,https://www.indiaratings.co.in/pressReleases/GetBankFacilityDataRatingLetter?pressReleaseId=76931,"Term Loan | Bank of Baroda | IND AAA/Stable | rated amount 90000 (INR million, as published)",2026-09-09T16:43:55.547143+00:00
Bajaj Finance Limited,India Ratings,Term Loan — Bank of Baroda,2025-07-23,9000.0,,INR 90000 million,0,,IND AAA,,Stable,,0,1,"The press release title states multiple actions (Assigned, Affirmed); which one applies to this instrument is not determinable from the facility endpoint, so it is not attributed.",bank_facility_rating_letter,214,2026-01-30,https://www.indiaratings.co.in/pressReleases/GetBankFacilityDataRatingLetter?pressReleaseId=76931,"Term Loan | Bank of Baroda | IND AAA/Stable | rated amount 90000 (INR million, as published)",2026-09-09T16:43:55.547143+00:00
Bajaj Finance Limited,India Ratings,Term Loan — Bank of Baroda,2025-08-29,9000.0,,INR 90000 million,0,,IND AAA,,Stable,,0,1,"The press release title states multiple actions (Assigned, Affirmed); which one applies to this instrument is not determinable from the facility endpoint, so it is not attributed.",bank_facility_rating_letter,174,2026-01-30,https://www.indiaratings.co.in/pressReleases/GetBankFacilityDataRatingLetter?pressReleaseId=76931,"Term Loan | Bank of Baroda | IND AAA/Stable | rated amount 90000 (INR million, as published)",2026-09-09T16:43:55.547143+00:00
Bajaj Finance Limited,India Ratings,Term Loan — Bank of Baroda,2025-09-30,9000.0,,INR 90000 million,0,,IND AAA,,Stable,,0,1,"The press release title states multiple actions (Assigned, Affirmed); which one applies to this instrument is not determinable from the facility endpoint, so it is not attributed.",bank_facility_rating_letter,136,2026-01-30,https://www.indiaratings.co.in/pressReleases/GetBankFacilityDataRatingLetter?pressReleaseId=76931,"Term Loan | Bank of Baroda | IND AAA/Stable | rated amount 90000 (INR million, as published)",2026-09-09T16:43:55.547143+00:00
Bajaj Finance Limited,India Ratings,Term Loan — Bank of Baroda,2025-12-01,9500.0,,INR 95000 million,0,,IND AAA,,Stable,,0,1,"The press release title states multiple actions (Assigned, Affirmed); which one applies to this instrument is not determinable from the facility endpoint, so it is not attributed.",bank_facility_rating_letter,97,2026-01-30,https://www.indiaratings.co.in/pressReleases/GetBankFacilityDataRatingLetter?pressReleaseId=76931,"Term Loan | Bank of Baroda | IND AAA/Stable | rated amount 95000 (INR million, as published)",2026-09-09T16:43:55.547143+00:00
Bajaj Finance Limited,India Ratings,Term Loan — Bank of Baroda,2025-12-30,11000.0,,INR 110000 million,0,,IND AAA,,Stable,,0,1,"The press release title states multiple actions (Assigned, Affirmed); which one applies to this instrument is not determinable from the facility endpoint, so it is not attributed.",bank_facility_rating_letter,58,2026-01-30,https://www.indiaratings.co.in/pressReleases/GetBankFacilityDataRatingLetter?pressReleaseId=76931,"Term Loan | Bank of Baroda | IND AAA/Stable | rated amount 110000 (INR million, as published)",2026-09-09T16:43:55.547143+00:00
Bajaj Finance Limited,India Ratings,Term Loan — Bank of Baroda,2026-01-30,11000.0,,INR 110000 million,0,,IND AAA,,Stable,,0,1,"The press release title states multiple actions (Assigned, Affirmed); which one applies to this instrument is not determinable from the facility endpoint, so it is not attributed.",bank_facility_rating_letter,19,2026-01-30,https://www.indiaratings.co.in/pressReleases/GetBankFacilityDataRatingLetter?pressReleaseId=76931,"Term Loan | Bank of Baroda | IND AAA/Stable | rated amount 110000 (INR million, as published)",2026-09-09T16:43:55.547143+00:00
Bajaj Finance Limited,India Ratings,Term Loan — Bank of Baroda,2026-03-10,11000.0,,INR 110000 million,0,,IND AAA,,Stable,,0,1,"The press release title states multiple actions (Assigned, Affirmed); which one applies to this instrument is not determinable from the facility endpoint, so it is not attributed.",bank_facility_rating_letter,313,2026-08-25,https://www.indiaratings.co.in/pressReleases/GetBankFacilityDataRatingLetter?pressReleaseId=81837,"Term Loan | Bank of Baroda | IND AAA/Stable | rated amount 110000 (INR million, as published)",2026-09-09T16:43:55.547143+00:00
Bajaj Finance Limited,India Ratings,Term Loan — Bank of Baroda,2026-03-30,11000.0,,INR 110000 million,0,,IND AAA,,Stable,,0,1,"The press release title states multiple actions (Assigned, Affirmed); which one applies to this instrument is not determinable from the facility endpoint, so it is not attributed.",bank_facility_rating_letter,274,2026-08-25,https://www.indiaratings.co.in/pressReleases/GetBankFacilityDataRatingLetter?pressReleaseId=81837,"Term Loan | Bank of Baroda | IND AAA/Stable | rated amount 110000 (INR million, as published)",2026-09-09T16:43:55.547143+00:00
Bajaj Finance Limited,India Ratings,Term Loan — Bank of Baroda,2026-04-27,11000.0,,INR 110000 million,0,,IND AAA,,Stable,,0,1,"The press release title states multiple actions (Assigned, Affirmed); which one applies to this instrument is not determinable from the facility endpoint, so it is not attributed.",bank_facility_rating_letter,232,2026-08-25,https://www.indiaratings.co.in/pressReleases/GetBankFacilityDataRatingLetter?pressReleaseId=81837,"Term Loan | Bank of Baroda | IND AAA/Stable | rated amount 110000 (INR million, as published)",2026-09-09T16:43:55.547143+00:00
Bajaj Finance Limited,India Ratings,Term Loan — Bank of Baroda,2026-05-26,11000.0,,INR 110000 million,0,,IND AAA,,Stable,,0,1,"The press release title states multiple actions (Assigned, Affirmed); which one applies to this instrument is not determinable from the facility endpoint, so it is not attributed.",bank_facility_rating_letter,190,2026-08-25,https://www.indiaratings.co.in/pressReleases/GetBankFacilityDataRatingLetter?pressReleaseId=81837,"Term Loan | Bank of Baroda | IND AAA/Stable | rated amount 110000 (INR million, as published)",2026-09-09T16:43:55.547143+00:00
Bajaj Finance Limited,India Ratings,Term Loan — Bank of Baroda,2026-06-23,11000.0,,INR 110000 million,0,,IND AAA,,Stable,,0,1,"The press release title states multiple actions (Assigned, Affirmed); which one applies to this instrument is not determinable from the facility endpoint, so it is not attributed.",bank_facility_rating_letter,148,2026-08-25,https://www.indiaratings.co.in/pressReleases/GetBankFacilityDataRatingLetter?pressReleaseId=81837,"Term Loan | Bank of Baroda | IND AAA/Stable | rated amount 110000 (INR million, as published)",2026-09-09T16:43:55.547143+00:00
Bajaj Finance Limited,India Ratings,Term Loan — Bank of Baroda,2026-07-23,11000.0,,INR 110000 million,0,,IND AAA,,Stable,,0,1,"The press release title states multiple actions (Assigned, Affirmed); which one applies to this instrument is not determinable from the facility endpoint, so it is not attributed.",bank_facility_rating_letter,106,2026-08-25,https://www.indiaratings.co.in/pressReleases/GetBankFacilityDataRatingLetter?pressReleaseId=81837,"Term Loan | Bank of Baroda | IND AAA/Stable | rated amount 110000 (INR million, as published)",2026-09-09T16:43:55.547143+00:00
Bajaj Finance Limited,India Ratings,Term Loan — Bank of Baroda,2026-08-07,11000.0,,INR 110000 million,0,,IND AAA,,Stable,,0,1,"The press release title states multiple actions (Assigned, Affirmed); which one applies to this instrument is not determinable from the facility endpoint, so it is not attributed.",bank_facility_rating_letter,64,2026-08-25,https://www.indiaratings.co.in/pressReleases/GetBankFacilityDataRatingLetter?pressReleaseId=81837,"Term Loan | Bank of Baroda | IND AAA/Stable | rated amount 110000 (INR million, as published)",2026-09-09T16:43:55.547143+00:00
Bajaj Finance Limited,India Ratings,Term Loan — Bank of Baroda,2026-08-25,11000.0,,INR 110000 million,0,,IND AAA,,Stable,,0,1,"The press release title states multiple actions (Assigned, Affirmed); which one applies to this instrument is not determinable from the facility endpoint, so it is not attributed.",bank_facility_rating_letter,23,2026-08-25,https://www.indiaratings.co.in/pressReleases/GetBankFacilityDataRatingLetter?pressReleaseId=81837,"Term Loan | Bank of Baroda | IND AAA/Stable | rated amount 110000 (INR million, as published)",2026-09-09T16:43:55.547143+00:00
Bajaj Finance Limited,India Ratings,Term Loan — Bank of India,2025-06-16,500.0,,INR 5000 million,0,,IND AAA,,Stable,,0,1,"The press release title states multiple actions (Assigned, Affirmed); which one applies to this instrument is not determinable from the facility endpoint, so it is not attributed.",bank_facility_rating_letter,294,2026-01-30,https://www.indiaratings.co.in/pressReleases/GetBankFacilityDataRatingLetter?pressReleaseId=76931,"Term Loan | Bank of India | IND AAA/Stable | rated amount 5000 (INR million, as published)",2026-09-09T16:43:55.547143+00:00
Bajaj Finance Limited,India Ratings,Term Loan — Bank of India,2025-06-24,500.0,,INR 5000 million,0,,IND AAA,,Stable,,0,1,"The press release title states multiple actions (Assigned, Affirmed); which one applies to this instrument is not determinable from the facility endpoint, so it is not attributed.",bank_facility_rating_letter,254,2026-01-30,https://www.indiaratings.co.in/pressReleases/GetBankFacilityDataRatingLetter?pressReleaseId=76931,"Term Loan | Bank of India | IND AAA/Stable | rated amount 5000 (INR million, as published)",2026-09-09T16:43:55.547143+00:00
Bajaj Finance Limited,India Ratings,Term Loan — Bank of India,2025-07-23,500.0,,INR 5000 million,0,,IND AAA,,Stable,,0,1,"The press release title states multiple actions (Assigned, Affirmed); which one applies to this instrument is not determinable from the facility endpoint, so it is not attributed.",bank_facility_rating_letter,215,2026-01-30,https://www.indiaratings.co.in/pressReleases/GetBankFacilityDataRatingLetter?pressReleaseId=76931,"Term Loan | Bank of India | IND AAA/Stable | rated amount 5000 (INR million, as published)",2026-09-09T16:43:55.547143+00:00
Bajaj Finance Limited,India Ratings,Term Loan — Bank of India,2025-08-29,500.0,,INR 5000 million,0,,IND AAA,,Stable,,0,1,"The press release title states multiple actions (Assigned, Affirmed); which one applies to this instrument is not determinable from the facility endpoint, so it is not attributed.",bank_facility_rating_letter,175,2026-01-30,https://www.indiaratings.co.in/pressReleases/GetBankFacilityDataRatingLetter?pressReleaseId=76931,"Term Loan | Bank of India | IND AAA/Stable | rated amount 5000 (INR million, as published)",2026-09-09T16:43:55.547143+00:00
Bajaj Finance Limited,India Ratings,Term Loan — Bank of India,2025-09-30,500.0,,INR 5000 million,0,,IND AAA,,Stable,,0,1,"The press release title states multiple actions (Assigned, Affirmed); which one applies to this instrument is not determinable from the facility endpoint, so it is not attributed.",bank_facility_rating_letter,137,2026-01-30,https://www.indiaratings.co.in/pressReleases/GetBankFacilityDataRatingLetter?pressReleaseId=76931,"Term Loan | Bank of India | IND AAA/Stable | rated amount 5000 (INR million, as published)",2026-09-09T16:43:55.547143+00:00
Bajaj Finance Limited,India Ratings,Term Loan — Bank of India,2025-12-01,500.0,,INR 5000 million,0,,IND AAA,,Stable,,0,1,"The press release title states multiple actions (Assigned, Affirmed); which one applies to this instrument is not determinable from the facility endpoint, so it is not attributed.",bank_facility_rating_letter,98,2026-01-30,https://www.indiaratings.co.in/pressReleases/GetBankFacilityDataRatingLetter?pressReleaseId=76931,"Term Loan | Bank of India | IND AAA/Stable | rated amount 5000 (INR million, as published)",2026-09-09T16:43:55.547143+00:00
Bajaj Finance Limited,India Ratings,Term Loan — Bank of India,2025-12-30,500.0,,INR 5000 million,0,,IND AAA,,Stable,,0,1,"The press release title states multiple actions (Assigned, Affirmed); which one applies to this instrument is not determinable from the facility endpoint, so it is not attributed.",bank_facility_rating_letter,59,2026-01-30,https://www.indiaratings.co.in/pressReleases/GetBankFacilityDataRatingLetter?pressReleaseId=76931,"Term Loan | Bank of India | IND AAA/Stable | rated amount 5000 (INR million, as published)",2026-09-09T16:43:55.547143+00:00
Bajaj Finance Limited,India Ratings,Term Loan — Bank of India,2026-01-30,500.0,,INR 5000 million,0,,IND AAA,,Stable,,0,1,"The press release title states multiple actions (Assigned, Affirmed); which one applies to this instrument is not determinable from the facility endpoint, so it is not attributed.",bank_facility_rating_letter,20,2026-01-30,https://www.indiaratings.co.in/pressReleases/GetBankFacilityDataRatingLetter?pressReleaseId=76931,"Term Loan | Bank of India | IND AAA/Stable | rated amount 5000 (INR million, as published)",2026-09-09T16:43:55.547143+00:00
Bajaj Finance Limited,India Ratings,Term Loan — Bank of India,2026-03-10,500.0,,INR 5000 million,0,,IND AAA,,Stable,,0,1,"The press release title states multiple actions (Assigned, Affirmed); which one applies to this instrument is not determinable from the facility endpoint, so it is not attributed.",bank_facility_rating_letter,314,2026-08-25,https://www.indiaratings.co.in/pressReleases/GetBankFacilityDataRatingLetter?pressReleaseId=81837,"Term Loan | Bank of India | IND AAA/Stable | rated amount 5000 (INR million, as published)",2026-09-09T16:43:55.547143+00:00
Bajaj Finance Limited,India Ratings,Term Loan — Bank of India,2026-03-30,500.0,,INR 5000 million,0,,IND AAA,,Stable,,0,1,"The press release title states multiple actions (Assigned, Affirmed); which one applies to this instrument is not determinable from the facility endpoint, so it is not attributed.",bank_facility_rating_letter,275,2026-08-25,https://www.indiaratings.co.in/pressReleases/GetBankFacilityDataRatingLetter?pressReleaseId=81837,"Term Loan | Bank of India | IND AAA/Stable | rated amount 5000 (INR million, as published)",2026-09-09T16:43:55.547143+00:00
Bajaj Finance Limited,India Ratings,Term Loan — CTBC Bank,2025-06-24,100.0,,INR 1000 million,0,,IND AAA,,Stable,,0,1,"The press release title states multiple actions (Assigned, Affirmed); which one applies to this instrument is not determinable from the facility endpoint, so it is not attributed.",bank_facility_rating_letter,257,2026-01-30,https://www.indiaratings.co.in/pressReleases/GetBankFacilityDataRatingLetter?pressReleaseId=76931,"Term Loan | CTBC Bank | IND AAA/Stable | rated amount 1000 (INR million, as published)",2026-09-09T16:43:55.547143+00:00
Bajaj Finance Limited,India Ratings,Term Loan — CTBC Bank,2025-07-23,100.0,,INR 1000 million,0,,IND AAA,,Stable,,0,1,"The press release title states multiple actions (Assigned, Affirmed); which one applies to this instrument is not determinable from the facility endpoint, so it is not attributed.",bank_facility_rating_letter,217,2026-01-30,https://www.indiaratings.co.in/pressReleases/GetBankFacilityDataRatingLetter?pressReleaseId=76931,"Term Loan | CTBC Bank | IND AAA/Stable | rated amount 1000 (INR million, as published)",2026-09-09T16:43:55.547143+00:00
Bajaj Finance Limited,India Ratings,Term Loan — CTBC Bank,2025-08-29,100.0,,INR 1000 million,0,,IND AAA,,Stable,,0,1,"The press release title states multiple actions (Assigned, Affirmed); which one applies to this instrument is not determinable from the facility endpoint, so it is not attributed.",bank_facility_rating_letter,178,2026-01-30,https://www.indiaratings.co.in/pressReleases/GetBankFacilityDataRatingLetter?pressReleaseId=76931,"Term Loan | CTBC Bank | IND AAA/Stable | rated amount 1000 (INR million, as published)",2026-09-09T16:43:55.547143+00:00
Bajaj Finance Limited,India Ratings,Term Loan — CTBC Bank,2025-09-30,100.0,,INR 1000 million,0,,IND AAA,,Stable,,0,1,"The press release title states multiple actions (Assigned, Affirmed); which one applies to this instrument is not determinable from the facility endpoint, so it is not attributed.",bank_facility_rating_letter,139,2026-01-30,https://www.indiaratings.co.in/pressReleases/GetBankFacilityDataRatingLetter?pressReleaseId=76931,"Term Loan | CTBC Bank | IND AAA/Stable | rated amount 1000 (INR million, as published)",2026-09-09T16:43:55.547143+00:00
Bajaj Finance Limited,India Ratings,Term Loan — CTBC Bank,2025-12-01,100.0,,INR 1000 million,0,,IND AAA,,Stable,,0,1,"The press release title states multiple actions (Assigned, Affirmed); which one applies to this instrument is not determinable from the facility endpoint, so it is not attributed.",bank_facility_rating_letter,100,2026-01-30,https://www.indiaratings.co.in/pressReleases/GetBankFacilityDataRatingLetter?pressReleaseId=76931,"Term Loan | CTBC Bank | IND AAA/Stable | rated amount 1000 (INR million, as published)",2026-09-09T16:43:55.547143+00:00
Bajaj Finance Limited,India Ratings,Term Loan — CTBC Bank,2025-12-30,100.0,,INR 1000 million,0,,IND AAA,,Stable,,0,1,"The press release title states multiple actions (Assigned, Affirmed); which one applies to this instrument is not determinable from the facility endpoint, so it is not attributed.",bank_facility_rating_letter,61,2026-01-30,https://www.indiaratings.co.in/pressReleases/GetBankFacilityDataRatingLetter?pressReleaseId=76931,"Term Loan | CTBC Bank | IND AAA/Stable | rated amount 1000 (INR million, as published)",2026-09-09T16:43:55.547143+00:00
Bajaj Finance Limited,India Ratings,Term Loan — CTBC Bank,2026-01-30,100.0,,INR 1000 million,0,,IND AAA,,Stable,,0,1,"The press release title states multiple actions (Assigned, Affirmed); which one applies to this instrument is not determinable from the facility endpoint, so it is not attributed.",bank_facility_rating_letter,22,2026-01-30,https://www.indiaratings.co.in/pressReleases/GetBankFacilityDataRatingLetter?pressReleaseId=76931,"Term Loan | CTBC Bank | IND AAA/Stable | rated amount 1000 (INR million, as published)",2026-09-09T16:43:55.547143+00:00
Bajaj Finance Limited,India Ratings,Term Loan — CTBC Bank,2026-03-10,100.0,,INR 1000 million,0,,IND AAA,,Stable,,0,1,"The press release title states multiple actions (Assigned, Affirmed); which one applies to this instrument is not determinable from the facility endpoint, so it is not attributed.",bank_facility_rating_letter,316,2026-08-25,https://www.indiaratings.co.in/pressReleases/GetBankFacilityDataRatingLetter?pressReleaseId=81837,"Term Loan | CTBC Bank | IND AAA/Stable | rated amount 1000 (INR million, as published)",2026-09-09T16:43:55.547143+00:00
Bajaj Finance Limited,India Ratings,Term Loan — CTBC Bank,2026-03-30,100.0,,INR 1000 million,0,,IND AAA,,Stable,,0,1,"The press release title states multiple actions (Assigned, Affirmed); which one applies to this instrument is not determinable from the facility endpoint, so it is not attributed.",bank_facility_rating_letter,277,2026-08-25,https://www.indiaratings.co.in/pressReleases/GetBankFacilityDataRatingLetter?pressReleaseId=81837,"Term Loan | CTBC Bank | IND AAA/Stable | rated amount 1000 (INR million, as published)",2026-09-09T16:43:55.547143+00:00
Bajaj Finance Limited,India Ratings,Term Loan — CTBC Bank,2026-04-27,100.0,,INR 1000 million,0,,IND AAA,,Stable,,0,1,"The press release title states multiple actions (Assigned, Affirmed); which one applies to this instrument is not determinable from the facility endpoint, so it is not attributed.",bank_facility_rating_letter,234,2026-08-25,https://www.indiaratings.co.in/pressReleases/GetBankFacilityDataRatingLetter?pressReleaseId=81837,"Term Loan | CTBC Bank | IND AAA/Stable | rated amount 1000 (INR million, as published)",2026-09-09T16:43:55.547143+00:00
Bajaj Finance Limited,India Ratings,Term Loan — CTBC Bank,2026-05-26,100.0,,INR 1000 million,0,,IND AAA,,Stable,,0,1,"The press release title states multiple actions (Assigned, Affirmed); which one applies to this instrument is not determinable from the facility endpoint, so it is not attributed.",bank_facility_rating_letter,192,2026-08-25,https://www.indiaratings.co.in/pressReleases/GetBankFacilityDataRatingLetter?pressReleaseId=81837,"Term Loan | CTBC Bank | IND AAA/Stable | rated amount 1000 (INR million, as published)",2026-09-09T16:43:55.547143+00:00
Bajaj Finance Limited,India Ratings,Term Loan — CTBC Bank,2026-06-23,100.0,,INR 1000 million,0,,IND AAA,,Stable,,0,1,"The press release title states multiple actions (Assigned, Affirmed); which one applies to this instrument is not determinable from the facility endpoint, so it is not attributed.",bank_facility_rating_letter,150,2026-08-25,https://www.indiaratings.co.in/pressReleases/GetBankFacilityDataRatingLetter?pressReleaseId=81837,"Term Loan | CTBC Bank | IND AAA/Stable | rated amount 1000 (INR million, as published)",2026-09-09T16:43:55.547143+00:00
Bajaj Finance Limited,India Ratings,Term Loan — CTBC Bank,2026-07-23,100.0,,INR 1000 million,0,,IND AAA,,Stable,,0,1,"The press release title states multiple actions (Assigned, Affirmed); which one applies to this instrument is not determinable from the facility endpoint, so it is not attributed.",bank_facility_rating_letter,108,2026-08-25,https://www.indiaratings.co.in/pressReleases/GetBankFacilityDataRatingLetter?pressReleaseId=81837,"Term Loan | CTBC Bank | IND AAA/Stable | rated amount 1000 (INR million, as published)",2026-09-09T16:43:55.547143+00:00
Bajaj Finance Limited,India Ratings,Term Loan — CTBC Bank,2026-08-07,100.0,,INR 1000 million,0,,IND AAA,,Stable,,0,1,"The press release title states multiple actions (Assigned, Affirmed); which one applies to this instrument is not determinable from the facility endpoint, so it is not attributed.",bank_facility_rating_letter,66,2026-08-25,https://www.indiaratings.co.in/pressReleases/GetBankFacilityDataRatingLetter?pressReleaseId=81837,"Term Loan | CTBC Bank | IND AAA/Stable | rated amount 1000 (INR million, as published)",2026-09-09T16:43:55.547143+00:00
Bajaj Finance Limited,India Ratings,Term Loan — CTBC Bank,2026-08-25,100.0,,INR 1000 million,0,,IND AAA,,Stable,,0,1,"The press release title states multiple actions (Assigned, Affirmed); which one applies to this instrument is not determinable from the facility endpoint, so it is not attributed.",bank_facility_rating_letter,25,2026-08-25,https://www.indiaratings.co.in/pressReleases/GetBankFacilityDataRatingLetter?pressReleaseId=81837,"Term Loan | CTBC Bank | IND AAA/Stable | rated amount 1000 (INR million, as published)",2026-09-09T16:43:55.547143+00:00
Bajaj Finance Limited,India Ratings,Term Loan — Canara Bank,2025-06-16,3000.0,,INR 30000 million,0,,IND AAA,,Stable,,0,1,"The press release title states multiple actions (Assigned, Affirmed); which one applies to this instrument is not determinable from the facility endpoint, so it is not attributed.",bank_facility_rating_letter,295,2026-01-30,https://www.indiaratings.co.in/pressReleases/GetBankFacilityDataRatingLetter?pressReleaseId=76931,"Term Loan | Canara Bank | IND AAA/Stable | rated amount 30000 (INR million, as published)",2026-09-09T16:43:55.547143+00:00
Bajaj Finance Limited,India Ratings,Term Loan — Canara Bank,2025-06-24,2000.0,,INR 20000 million,0,,IND AAA,,Stable,,0,1,"The press release title states multiple actions (Assigned, Affirmed); which one applies to this instrument is not determinable from the facility endpoint, so it is not attributed.",bank_facility_rating_letter,255,2026-01-30,https://www.indiaratings.co.in/pressReleases/GetBankFacilityDataRatingLetter?pressReleaseId=76931,"Term Loan | Canara Bank | IND AAA/Stable | rated amount 20000 (INR million, as published)",2026-09-09T16:43:55.547143+00:00
Bajaj Finance Limited,India Ratings,Term Loan — Canara Bank,2025-07-23,1500.0,,INR 15000 million,0,,IND AAA,,Stable,,0,1,"The press release title states multiple actions (Assigned, Affirmed); which one applies to this instrument is not determinable from the facility endpoint, so it is not attributed.",bank_facility_rating_letter,216,2026-01-30,https://www.indiaratings.co.in/pressReleases/GetBankFacilityDataRatingLetter?pressReleaseId=76931,"Term Loan | Canara Bank | IND AAA/Stable | rated amount 15000 (INR million, as published)",2026-09-09T16:43:55.547143+00:00
Bajaj Finance Limited,India Ratings,Term Loan — Canara Bank,2025-08-29,1500.0,,INR 15000 million,0,,IND AAA,,Stable,,0,1,"The press release title states multiple actions (Assigned, Affirmed); which one applies to this instrument is not determinable from the facility endpoint, so it is not attributed.",bank_facility_rating_letter,176,2026-01-30,https://www.indiaratings.co.in/pressReleases/GetBankFacilityDataRatingLetter?pressReleaseId=76931,"Term Loan | Canara Bank | IND AAA/Stable | rated amount 15000 (INR million, as published)",2026-09-09T16:43:55.547143+00:00
Bajaj Finance Limited,India Ratings,Term Loan — Canara Bank,2025-08-29,2000.0,,INR 20000 million,0,,IND AAA,,Stable,,0,1,"The press release title states multiple actions (Assigned, Affirmed); which one applies to this instrument is not determinable from the facility endpoint, so it is not attributed.",bank_facility_rating_letter,177,2026-01-30,https://www.indiaratings.co.in/pressReleases/GetBankFacilityDataRatingLetter?pressReleaseId=76931,"Term Loan | Canara Bank | IND AAA/Stable | rated amount 20000 (INR million, as published)",2026-09-09T16:43:55.547143+00:00
Bajaj Finance Limited,India Ratings,Term Loan — Canara Bank,2025-09-30,2500.0,,INR 25000 million,0,,IND AAA,,Stable,,0,1,"The press release title states multiple actions (Assigned, Affirmed); which one applies to this instrument is not determinable from the facility endpoint, so it is not attributed.",bank_facility_rating_letter,138,2026-01-30,https://www.indiaratings.co.in/pressReleases/GetBankFacilityDataRatingLetter?pressReleaseId=76931,"Term Loan | Canara Bank | IND AAA/Stable | rated amount 25000 (INR million, as published)",2026-09-09T16:43:55.547143+00:00
Bajaj Finance Limited,India Ratings,Term Loan — Canara Bank,2025-12-01,2500.0,,INR 25000 million,0,,IND AAA,,Stable,,0,1,"The press release title states multiple actions (Assigned, Affirmed); which one applies to this instrument is not determinable from the facility endpoint, so it is not attributed.",bank_facility_rating_letter,99,2026-01-30,https://www.indiaratings.co.in/pressReleases/GetBankFacilityDataRatingLetter?pressReleaseId=76931,"Term Loan | Canara Bank | IND AAA/Stable | rated amount 25000 (INR million, as published)",2026-09-09T16:43:55.547143+00:00
Bajaj Finance Limited,India Ratings,Term Loan — Canara Bank,2025-12-30,2500.0,,INR 25000 million,0,,IND AAA,,Stable,,0,1,"The press release title states multiple actions (Assigned, Affirmed); which one applies to this instrument is not determinable from the facility endpoint, so it is not attributed.",bank_facility_rating_letter,60,2026-01-30,https://www.indiaratings.co.in/pressReleases/GetBankFacilityDataRatingLetter?pressReleaseId=76931,"Term Loan | Canara Bank | IND AAA/Stable | rated amount 25000 (INR million, as published)",2026-09-09T16:43:55.547143+00:00
Bajaj Finance Limited,India Ratings,Term Loan — Canara Bank,2026-01-30,2500.0,,INR 25000 million,0,,IND AAA,,Stable,,0,1,"The press release title states multiple actions (Assigned, Affirmed); which one applies to this instrument is not determinable from the facility endpoint, so it is not attributed.",bank_facility_rating_letter,21,2026-01-30,https://www.indiaratings.co.in/pressReleases/GetBankFacilityDataRatingLetter?pressReleaseId=76931,"Term Loan | Canara Bank | IND AAA/Stable | rated amount 25000 (INR million, as published)",2026-09-09T16:43:55.547143+00:00
Bajaj Finance Limited,India Ratings,Term Loan — Canara Bank,2026-03-10,2500.0,,INR 25000 million,0,,IND AAA,,Stable,,0,1,"The press release title states multiple actions (Assigned, Affirmed); which one applies to this instrument is not determinable from the facility endpoint, so it is not attributed.",bank_facility_rating_letter,315,2026-08-25,https://www.indiaratings.co.in/pressReleases/GetBankFacilityDataRatingLetter?pressReleaseId=81837,"Term Loan | Canara Bank | IND AAA/Stable | rated amount 25000 (INR million, as published)",2026-09-09T16:43:55.547143+00:00
Bajaj Finance Limited,India Ratings,Term Loan — Canara Bank,2026-03-30,2500.0,,INR 25000 million,0,,IND AAA,,Stable,,0,1,"The press release title states multiple actions (Assigned, Affirmed); which one applies to this instrument is not determinable from the facility endpoint, so it is not attributed.",bank_facility_rating_letter,276,2026-08-25,https://www.indiaratings.co.in/pressReleases/GetBankFacilityDataRatingLetter?pressReleaseId=81837,"Term Loan | Canara Bank | IND AAA/Stable | rated amount 25000 (INR million, as published)",2026-09-09T16:43:55.547143+00:00
Bajaj Finance Limited,India Ratings,Term Loan — Canara Bank,2026-04-27,2500.0,,INR 25000 million,0,,IND AAA,,Stable,,0,1,"The press release title states multiple actions (Assigned, Affirmed); which one applies to this instrument is not determinable from the facility endpoint, so it is not attributed.",bank_facility_rating_letter,233,2026-08-25,https://www.indiaratings.co.in/pressReleases/GetBankFacilityDataRatingLetter?pressReleaseId=81837,"Term Loan | Canara Bank | IND AAA/Stable | rated amount 25000 (INR million, as published)",2026-09-09T16:43:55.547143+00:00
Bajaj Finance Limited,India Ratings,Term Loan — Canara Bank,2026-05-26,2500.0,,INR 25000 million,0,,IND AAA,,Stable,,0,1,"The press release title states multiple actions (Assigned, Affirmed); which one applies to this instrument is not determinable from the facility endpoint, so it is not attributed.",bank_facility_rating_letter,191,2026-08-25,https://www.indiaratings.co.in/pressReleases/GetBankFacilityDataRatingLetter?pressReleaseId=81837,"Term Loan | Canara Bank | IND AAA/Stable | rated amount 25000 (INR million, as published)",2026-09-09T16:43:55.547143+00:00
Bajaj Finance Limited,India Ratings,Term Loan — Canara Bank,2026-06-23,2500.0,,INR 25000 million,0,,IND AAA,,Stable,,0,1,"The press release title states multiple actions (Assigned, Affirmed); which one applies to this instrument is not determinable from the facility endpoint, so it is not attributed.",bank_facility_rating_letter,149,2026-08-25,https://www.indiaratings.co.in/pressReleases/GetBankFacilityDataRatingLetter?pressReleaseId=81837,"Term Loan | Canara Bank | IND AAA/Stable | rated amount 25000 (INR million, as published)",2026-09-09T16:43:55.547143+00:00
Bajaj Finance Limited,India Ratings,Term Loan — Canara Bank,2026-07-23,2500.0,,INR 25000 million,0,,IND AAA,,Stable,,0,1,"The press release title states multiple actions (Assigned, Affirmed); which one applies to this instrument is not determinable from the facility endpoint, so it is not attributed.",bank_facility_rating_letter,107,2026-08-25,https://www.indiaratings.co.in/pressReleases/GetBankFacilityDataRatingLetter?pressReleaseId=81837,"Term Loan | Canara Bank | IND AAA/Stable | rated amount 25000 (INR million, as published)",2026-09-09T16:43:55.547143+00:00
Bajaj Finance Limited,India Ratings,Term Loan — Canara Bank,2026-08-07,2500.0,,INR 25000 million,0,,IND AAA,,Stable,,0,1,"The press release title states multiple actions (Assigned, Affirmed); which one applies to this instrument is not determinable from the facility endpoint, so it is not attributed.",bank_facility_rating_letter,65,2026-08-25,https://www.indiaratings.co.in/pressReleases/GetBankFacilityDataRatingLetter?pressReleaseId=81837,"Term Loan | Canara Bank | IND AAA/Stable | rated amount 25000 (INR million, as published)",2026-09-09T16:43:55.547143+00:00
Bajaj Finance Limited,India Ratings,Term Loan — Canara Bank,2026-08-25,2500.0,,INR 25000 million,0,,IND AAA,,Stable,,0,1,"The press release title states multiple actions (Assigned, Affirmed); which one applies to this instrument is not determinable from the facility endpoint, so it is not attributed.",bank_facility_rating_letter,24,2026-08-25,https://www.indiaratings.co.in/pressReleases/GetBankFacilityDataRatingLetter?pressReleaseId=81837,"Term Loan | Canara Bank | IND AAA/Stable | rated amount 25000 (INR million, as published)",2026-09-09T16:43:55.547143+00:00
Bajaj Finance Limited,India Ratings,Term Loan — Central Bank of India,2025-06-16,500.0,,INR 5000 million,0,,IND AAA,,Stable,,0,1,"The press release title states multiple actions (Assigned, Affirmed); which one applies to this instrument is not determinable from the facility endpoint, so it is not attributed.",bank_facility_rating_letter,296,2026-01-30,https://www.indiaratings.co.in/pressReleases/GetBankFacilityDataRatingLetter?pressReleaseId=76931,"Term Loan | Central Bank of India | IND AAA/Stable | rated amount 5000 (INR million, as published)",2026-09-09T16:43:55.547143+00:00
Bajaj Finance Limited,India Ratings,Term Loan — Central Bank of India,2025-06-24,500.0,,INR 5000 million,0,,IND AAA,,Stable,,0,1,"The press release title states multiple actions (Assigned, Affirmed); which one applies to this instrument is not determinable from the facility endpoint, so it is not attributed.",bank_facility_rating_letter,256,2026-01-30,https://www.indiaratings.co.in/pressReleases/GetBankFacilityDataRatingLetter?pressReleaseId=76931,"Term Loan | Central Bank of India | IND AAA/Stable | rated amount 5000 (INR million, as published)",2026-09-09T16:43:55.547143+00:00
Bajaj Finance Limited,India Ratings,Term Loan — HDFC Bank Limited,2025-06-16,3000.0,,INR 30000 million,0,,IND AAA,,Stable,,0,1,"The press release title states multiple actions (Assigned, Affirmed); which one applies to this instrument is not determinable from the facility endpoint, so it is not attributed.",bank_facility_rating_letter,298,2026-01-30,https://www.indiaratings.co.in/pressReleases/GetBankFacilityDataRatingLetter?pressReleaseId=76931,"Term Loan | HDFC Bank Limited | IND AAA/Stable | rated amount 30000 (INR million, as published)",2026-09-09T16:43:55.547143+00:00
Bajaj Finance Limited,India Ratings,Term Loan — HDFC Bank Limited,2025-06-24,3000.0,,INR 30000 million,0,,IND AAA,,Stable,,0,1,"The press release title states multiple actions (Assigned, Affirmed); which one applies to this instrument is not determinable from the facility endpoint, so it is not attributed.",bank_facility_rating_letter,258,2026-01-30,https://www.indiaratings.co.in/pressReleases/GetBankFacilityDataRatingLetter?pressReleaseId=76931,"Term Loan | HDFC Bank Limited | IND AAA/Stable | rated amount 30000 (INR million, as published)",2026-09-09T16:43:55.547143+00:00
Bajaj Finance Limited,India Ratings,Term Loan — HDFC Bank Limited,2025-07-23,3000.0,,INR 30000 million,0,,IND AAA,,Stable,,0,1,"The press release title states multiple actions (Assigned, Affirmed); which one applies to this instrument is not determinable from the facility endpoint, so it is not attributed.",bank_facility_rating_letter,218,2026-01-30,https://www.indiaratings.co.in/pressReleases/GetBankFacilityDataRatingLetter?pressReleaseId=76931,"Term Loan | HDFC Bank Limited | IND AAA/Stable | rated amount 30000 (INR million, as published)",2026-09-09T16:43:55.547143+00:00
Bajaj Finance Limited,India Ratings,Term Loan — HDFC Bank Limited,2025-08-29,3000.0,,INR 30000 million,0,,IND AAA,,Stable,,0,1,"The press release title states multiple actions (Assigned, Affirmed); which one applies to this instrument is not determinable from the facility endpoint, so it is not attributed.",bank_facility_rating_letter,179,2026-01-30,https://www.indiaratings.co.in/pressReleases/GetBankFacilityDataRatingLetter?pressReleaseId=76931,"Term Loan | HDFC Bank Limited | IND AAA/Stable | rated amount 30000 (INR million, as published)",2026-09-09T16:43:55.547143+00:00
Bajaj Finance Limited,India Ratings,Term Loan — HDFC Bank Limited,2025-09-30,3000.0,,INR 30000 million,0,,IND AAA,,Stable,,0,1,"The press release title states multiple actions (Assigned, Affirmed); which one applies to this instrument is not determinable from the facility endpoint, so it is not attributed.",bank_facility_rating_letter,140,2026-01-30,https://www.indiaratings.co.in/pressReleases/GetBankFacilityDataRatingLetter?pressReleaseId=76931,"Term Loan | HDFC Bank Limited | IND AAA/Stable | rated amount 30000 (INR million, as published)",2026-09-09T16:43:55.547143+00:00
Bajaj Finance Limited,India Ratings,Term Loan — HDFC Bank Limited,2025-12-01,2000.0,,INR 20000 million,0,,IND AAA,,Stable,,0,1,"The press release title states multiple actions (Assigned, Affirmed); which one applies to this instrument is not determinable from the facility endpoint, so it is not attributed.",bank_facility_rating_letter,101,2026-01-30,https://www.indiaratings.co.in/pressReleases/GetBankFacilityDataRatingLetter?pressReleaseId=76931,"Term Loan | HDFC Bank Limited | IND AAA/Stable | rated amount 20000 (INR million, as published)",2026-09-09T16:43:55.547143+00:00
Bajaj Finance Limited,India Ratings,Term Loan — HDFC Bank Limited,2025-12-30,2000.0,,INR 20000 million,0,,IND AAA,,Stable,,0,1,"The press release title states multiple actions (Assigned, Affirmed); which one applies to this instrument is not determinable from the facility endpoint, so it is not attributed.",bank_facility_rating_letter,62,2026-01-30,https://www.indiaratings.co.in/pressReleases/GetBankFacilityDataRatingLetter?pressReleaseId=76931,"Term Loan | HDFC Bank Limited | IND AAA/Stable | rated amount 20000 (INR million, as published)",2026-09-09T16:43:55.547143+00:00
Bajaj Finance Limited,India Ratings,Term Loan — HDFC Bank Limited,2026-01-30,2000.0,,INR 20000 million,0,,IND AAA,,Stable,,0,1,"The press release title states multiple actions (Assigned, Affirmed); which one applies to this instrument is not determinable from the facility endpoint, so it is not attributed.",bank_facility_rating_letter,23,2026-01-30,https://www.indiaratings.co.in/pressReleases/GetBankFacilityDataRatingLetter?pressReleaseId=76931,"Term Loan | HDFC Bank Limited | IND AAA/Stable | rated amount 20000 (INR million, as published)",2026-09-09T16:43:55.547143+00:00
Bajaj Finance Limited,India Ratings,Term Loan — HDFC Bank Limited,2026-03-10,2000.0,,INR 20000 million,0,,IND AAA,,Stable,,0,1,"The press release title states multiple actions (Assigned, Affirmed); which one applies to this instrument is not determinable from the facility endpoint, so it is not attributed.",bank_facility_rating_letter,317,2026-08-25,https://www.indiaratings.co.in/pressReleases/GetBankFacilityDataRatingLetter?pressReleaseId=81837,"Term Loan | HDFC Bank Limited | IND AAA/Stable | rated amount 20000 (INR million, as published)",2026-09-09T16:43:55.547143+00:00
Bajaj Finance Limited,India Ratings,Term Loan — HDFC Bank Limited,2026-03-30,2000.0,,INR 20000 million,0,,IND AAA,,Stable,,0,1,"The press release title states multiple actions (Assigned, Affirmed); which one applies to this instrument is not determinable from the facility endpoint, so it is not attributed.",bank_facility_rating_letter,278,2026-08-25,https://www.indiaratings.co.in/pressReleases/GetBankFacilityDataRatingLetter?pressReleaseId=81837,"Term Loan | HDFC Bank Limited | IND AAA/Stable | rated amount 20000 (INR million, as published)",2026-09-09T16:43:55.547143+00:00
Bajaj Finance Limited,India Ratings,Term Loan — HDFC Bank Limited,2026-04-27,1500.0,,INR 15000 million,0,,IND AAA,,Stable,,0,1,"The press release title states multiple actions (Assigned, Affirmed); which one applies to this instrument is not determinable from the facility endpoint, so it is not attributed.",bank_facility_rating_letter,235,2026-08-25,https://www.indiaratings.co.in/pressReleases/GetBankFacilityDataRatingLetter?pressReleaseId=81837,"Term Loan | HDFC Bank Limited | IND AAA/Stable | rated amount 15000 (INR million, as published)",2026-09-09T16:43:55.547143+00:00
Bajaj Finance Limited,India Ratings,Term Loan — HDFC Bank Limited,2026-05-26,1500.0,,INR 15000 million,0,,IND AAA,,Stable,,0,1,"The press release title states multiple actions (Assigned, Affirmed); which one applies to this instrument is not determinable from the facility endpoint, so it is not attributed.",bank_facility_rating_letter,193,2026-08-25,https://www.indiaratings.co.in/pressReleases/GetBankFacilityDataRatingLetter?pressReleaseId=81837,"Term Loan | HDFC Bank Limited | IND AAA/Stable | rated amount 15000 (INR million, as published)",2026-09-09T16:43:55.547143+00:00
Bajaj Finance Limited,India Ratings,Term Loan — HDFC Bank Limited,2026-06-23,1500.0,,INR 15000 million,0,,IND AAA,,Stable,,0,1,"The press release title states multiple actions (Assigned, Affirmed); which one applies to this instrument is not determinable from the facility endpoint, so it is not attributed.",bank_facility_rating_letter,151,2026-08-25,https://www.indiaratings.co.in/pressReleases/GetBankFacilityDataRatingLetter?pressReleaseId=81837,"Term Loan | HDFC Bank Limited | IND AAA/Stable | rated amount 15000 (INR million, as published)",2026-09-09T16:43:55.547143+00:00
Bajaj Finance Limited,India Ratings,Term Loan — HDFC Bank Limited,2026-07-23,1500.0,,INR 15000 million,0,,IND AAA,,Stable,,0,1,"The press release title states multiple actions (Assigned, Affirmed); which one applies to this instrument is not determinable from the facility endpoint, so it is not attributed.",bank_facility_rating_letter,109,2026-08-25,https://www.indiaratings.co.in/pressReleases/GetBankFacilityDataRatingLetter?pressReleaseId=81837,"Term Loan | HDFC Bank Limited | IND AAA/Stable | rated amount 15000 (INR million, as published)",2026-09-09T16:43:55.547143+00:00
Bajaj Finance Limited,India Ratings,Term Loan — HDFC Bank Limited,2026-08-07,1500.0,,INR 15000 million,0,,IND AAA,,Stable,,0,1,"The press release title states multiple actions (Assigned, Affirmed); which one applies to this instrument is not determinable from the facility endpoint, so it is not attributed.",bank_facility_rating_letter,67,2026-08-25,https://www.indiaratings.co.in/pressReleases/GetBankFacilityDataRatingLetter?pressReleaseId=81837,"Term Loan | HDFC Bank Limited | IND AAA/Stable | rated amount 15000 (INR million, as published)",2026-09-09T16:43:55.547143+00:00
Bajaj Finance Limited,India Ratings,Term Loan — HDFC Bank Limited,2026-08-25,1500.0,,INR 15000 million,0,,IND AAA,,Stable,,0,1,"The press release title states multiple actions (Assigned, Affirmed); which one applies to this instrument is not determinable from the facility endpoint, so it is not attributed.",bank_facility_rating_letter,26,2026-08-25,https://www.indiaratings.co.in/pressReleases/GetBankFacilityDataRatingLetter?pressReleaseId=81837,"Term Loan | HDFC Bank Limited | IND AAA/Stable | rated amount 15000 (INR million, as published)",2026-09-09T16:43:55.547143+00:00
Bajaj Finance Limited,India Ratings,Term Loan — ICICI Bank,2025-06-16,1750.0,,INR 17500 million,0,,IND AAA,,Stable,,0,1,"The press release title states multiple actions (Assigned, Affirmed); which one applies to this instrument is not determinable from the facility endpoint, so it is not attributed.",bank_facility_rating_letter,299,2026-01-30,https://www.indiaratings.co.in/pressReleases/GetBankFacilityDataRatingLetter?pressReleaseId=76931,"Term Loan | ICICI Bank | IND AAA/Stable | rated amount 17500 (INR million, as published)",2026-09-09T16:43:55.547143+00:00
Bajaj Finance Limited,India Ratings,Term Loan — ICICI Bank,2025-06-24,1750.0,,INR 17500 million,0,,IND AAA,,Stable,,0,1,"The press release title states multiple actions (Assigned, Affirmed); which one applies to this instrument is not determinable from the facility endpoint, so it is not attributed.",bank_facility_rating_letter,259,2026-01-30,https://www.indiaratings.co.in/pressReleases/GetBankFacilityDataRatingLetter?pressReleaseId=76931,"Term Loan | ICICI Bank | IND AAA/Stable | rated amount 17500 (INR million, as published)",2026-09-09T16:43:55.547143+00:00
Bajaj Finance Limited,India Ratings,Term Loan — ICICI Bank,2025-07-23,1750.0,,INR 17500 million,0,,IND AAA,,Stable,,0,1,"The press release title states multiple actions (Assigned, Affirmed); which one applies to this instrument is not determinable from the facility endpoint, so it is not attributed.",bank_facility_rating_letter,219,2026-01-30,https://www.indiaratings.co.in/pressReleases/GetBankFacilityDataRatingLetter?pressReleaseId=76931,"Term Loan | ICICI Bank | IND AAA/Stable | rated amount 17500 (INR million, as published)",2026-09-09T16:43:55.547143+00:00
Bajaj Finance Limited,India Ratings,Term Loan — ICICI Bank,2025-08-29,1750.0,,INR 17500 million,0,,IND AAA,,Stable,,0,1,"The press release title states multiple actions (Assigned, Affirmed); which one applies to this instrument is not determinable from the facility endpoint, so it is not attributed.",bank_facility_rating_letter,180,2026-01-30,https://www.indiaratings.co.in/pressReleases/GetBankFacilityDataRatingLetter?pressReleaseId=76931,"Term Loan | ICICI Bank | IND AAA/Stable | rated amount 17500 (INR million, as published)",2026-09-09T16:43:55.547143+00:00
Bajaj Finance Limited,India Ratings,Term Loan — ICICI Bank,2025-09-30,1750.0,,INR 17500 million,0,,IND AAA,,Stable,,0,1,"The press release title states multiple actions (Assigned, Affirmed); which one applies to this instrument is not determinable from the facility endpoint, so it is not attributed.",bank_facility_rating_letter,141,2026-01-30,https://www.indiaratings.co.in/pressReleases/GetBankFacilityDataRatingLetter?pressReleaseId=76931,"Term Loan | ICICI Bank | IND AAA/Stable | rated amount 17500 (INR million, as published)",2026-09-09T16:43:55.547143+00:00
Bajaj Finance Limited,India Ratings,Term Loan — ICICI Bank,2025-12-01,1750.0,,INR 17500 million,0,,IND AAA,,Stable,,0,1,"The press release title states multiple actions (Assigned, Affirmed); which one applies to this instrument is not determinable from the facility endpoint, so it is not attributed.",bank_facility_rating_letter,102,2026-01-30,https://www.indiaratings.co.in/pressReleases/GetBankFacilityDataRatingLetter?pressReleaseId=76931,"Term Loan | ICICI Bank | IND AAA/Stable | rated amount 17500 (INR million, as published)",2026-09-09T16:43:55.547143+00:00
Bajaj Finance Limited,India Ratings,Term Loan — ICICI Bank,2025-12-30,1750.0,,INR 17500 million,0,,IND AAA,,Stable,,0,1,"The press release title states multiple actions (Assigned, Affirmed); which one applies to this instrument is not determinable from the facility endpoint, so it is not attributed.",bank_facility_rating_letter,63,2026-01-30,https://www.indiaratings.co.in/pressReleases/GetBankFacilityDataRatingLetter?pressReleaseId=76931,"Term Loan | ICICI Bank | IND AAA/Stable | rated amount 17500 (INR million, as published)",2026-09-09T16:43:55.547143+00:00
Bajaj Finance Limited,India Ratings,Term Loan — ICICI Bank,2026-01-30,1750.0,,INR 17500 million,0,,IND AAA,,Stable,,0,1,"The press release title states multiple actions (Assigned, Affirmed); which one applies to this instrument is not determinable from the facility endpoint, so it is not attributed.",bank_facility_rating_letter,24,2026-01-30,https://www.indiaratings.co.in/pressReleases/GetBankFacilityDataRatingLetter?pressReleaseId=76931,"Term Loan | ICICI Bank | IND AAA/Stable | rated amount 17500 (INR million, as published)",2026-09-09T16:43:55.547143+00:00
Bajaj Finance Limited,India Ratings,Term Loan — ICICI Bank,2026-03-10,1750.0,,INR 17500 million,0,,IND AAA,,Stable,,0,1,"The press release title states multiple actions (Assigned, Affirmed); which one applies to this instrument is not determinable from the facility endpoint, so it is not attributed.",bank_facility_rating_letter,318,2026-08-25,https://www.indiaratings.co.in/pressReleases/GetBankFacilityDataRatingLetter?pressReleaseId=81837,"Term Loan | ICICI Bank | IND AAA/Stable | rated amount 17500 (INR million, as published)",2026-09-09T16:43:55.547143+00:00
Bajaj Finance Limited,India Ratings,Term Loan — ICICI Bank,2026-03-30,1750.0,,INR 17500 million,0,,IND AAA,,Stable,,0,1,"The press release title states multiple actions (Assigned, Affirmed); which one applies to this instrument is not determinable from the facility endpoint, so it is not attributed.",bank_facility_rating_letter,279,2026-08-25,https://www.indiaratings.co.in/pressReleases/GetBankFacilityDataRatingLetter?pressReleaseId=81837,"Term Loan | ICICI Bank | IND AAA/Stable | rated amount 17500 (INR million, as published)",2026-09-09T16:43:55.547143+00:00
Bajaj Finance Limited,India Ratings,Term Loan — ICICI Bank,2026-04-27,1750.0,,INR 17500 million,0,,IND AAA,,Stable,,0,1,"The press release title states multiple actions (Assigned, Affirmed); which one applies to this instrument is not determinable from the facility endpoint, so it is not attributed.",bank_facility_rating_letter,236,2026-08-25,https://www.indiaratings.co.in/pressReleases/GetBankFacilityDataRatingLetter?pressReleaseId=81837,"Term Loan | ICICI Bank | IND AAA/Stable | rated amount 17500 (INR million, as published)",2026-09-09T16:43:55.547143+00:00
Bajaj Finance Limited,India Ratings,Term Loan — ICICI Bank,2026-05-26,2750.0,,INR 27500 million,0,,IND AAA,,Stable,,0,1,"The press release title states multiple actions (Assigned, Affirmed); which one applies to this instrument is not determinable from the facility endpoint, so it is not attributed.",bank_facility_rating_letter,194,2026-08-25,https://www.indiaratings.co.in/pressReleases/GetBankFacilityDataRatingLetter?pressReleaseId=81837,"Term Loan | ICICI Bank | IND AAA/Stable | rated amount 27500 (INR million, as published)",2026-09-09T16:43:55.547143+00:00
Bajaj Finance Limited,India Ratings,Term Loan — ICICI Bank,2026-06-23,1750.0,,INR 17500 million,0,,IND AAA,,Stable,,0,1,"The press release title states multiple actions (Assigned, Affirmed); which one applies to this instrument is not determinable from the facility endpoint, so it is not attributed.",bank_facility_rating_letter,152,2026-08-25,https://www.indiaratings.co.in/pressReleases/GetBankFacilityDataRatingLetter?pressReleaseId=81837,"Term Loan | ICICI Bank | IND AAA/Stable | rated amount 17500 (INR million, as published)",2026-09-09T16:43:55.547143+00:00
Bajaj Finance Limited,India Ratings,Term Loan — ICICI Bank,2026-07-23,1750.0,,INR 17500 million,0,,IND AAA,,Stable,,0,1,"The press release title states multiple actions (Assigned, Affirmed); which one applies to this instrument is not determinable from the facility endpoint, so it is not attributed.",bank_facility_rating_letter,110,2026-08-25,https://www.indiaratings.co.in/pressReleases/GetBankFacilityDataRatingLetter?pressReleaseId=81837,"Term Loan | ICICI Bank | IND AAA/Stable | rated amount 17500 (INR million, as published)",2026-09-09T16:43:55.547143+00:00
Bajaj Finance Limited,India Ratings,Term Loan — ICICI Bank,2026-08-07,1750.0,,INR 17500 million,0,,IND AAA,,Stable,,0,1,"The press release title states multiple actions (Assigned, Affirmed); which one applies to this instrument is not determinable from the facility endpoint, so it is not attributed.",bank_facility_rating_letter,68,2026-08-25,https://www.indiaratings.co.in/pressReleases/GetBankFacilityDataRatingLetter?pressReleaseId=81837,"Term Loan | ICICI Bank | IND AAA/Stable | rated amount 17500 (INR million, as published)",2026-09-09T16:43:55.547143+00:00
Bajaj Finance Limited,India Ratings,Term Loan — ICICI Bank,2026-08-25,1750.0,,INR 17500 million,0,,IND AAA,,Stable,,0,1,"The press release title states multiple actions (Assigned, Affirmed); which one applies to this instrument is not determinable from the facility endpoint, so it is not attributed.",bank_facility_rating_letter,27,2026-08-25,https://www.indiaratings.co.in/pressReleases/GetBankFacilityDataRatingLetter?pressReleaseId=81837,"Term Loan | ICICI Bank | IND AAA/Stable | rated amount 17500 (INR million, as published)",2026-09-09T16:43:55.547143+00:00
Bajaj Finance Limited,India Ratings,Term Loan — IDBI Bank,2025-06-16,150.0,,INR 1500 million,0,,IND AAA,,Stable,,0,1,"The press release title states multiple actions (Assigned, Affirmed); which one applies to this instrument is not determinable from the facility endpoint, so it is not attributed.",bank_facility_rating_letter,300,2026-01-30,https://www.indiaratings.co.in/pressReleases/GetBankFacilityDataRatingLetter?pressReleaseId=76931,"Term Loan | IDBI Bank | IND AAA/Stable | rated amount 1500 (INR million, as published)",2026-09-09T16:43:55.547143+00:00
Bajaj Finance Limited,India Ratings,Term Loan — IDBI Bank,2025-06-24,150.0,,INR 1500 million,0,,IND AAA,,Stable,,0,1,"The press release title states multiple actions (Assigned, Affirmed); which one applies to this instrument is not determinable from the facility endpoint, so it is not attributed.",bank_facility_rating_letter,260,2026-01-30,https://www.indiaratings.co.in/pressReleases/GetBankFacilityDataRatingLetter?pressReleaseId=76931,"Term Loan | IDBI Bank | IND AAA/Stable | rated amount 1500 (INR million, as published)",2026-09-09T16:43:55.547143+00:00
Bajaj Finance Limited,India Ratings,Term Loan — IDBI Bank,2025-07-23,150.0,,INR 1500 million,0,,IND AAA,,Stable,,0,1,"The press release title states multiple actions (Assigned, Affirmed); which one applies to this instrument is not determinable from the facility endpoint, so it is not attributed.",bank_facility_rating_letter,220,2026-01-30,https://www.indiaratings.co.in/pressReleases/GetBankFacilityDataRatingLetter?pressReleaseId=76931,"Term Loan | IDBI Bank | IND AAA/Stable | rated amount 1500 (INR million, as published)",2026-09-09T16:43:55.547143+00:00
Bajaj Finance Limited,India Ratings,Term Loan — IDBI Bank,2025-08-29,150.0,,INR 1500 million,0,,IND AAA,,Stable,,0,1,"The press release title states multiple actions (Assigned, Affirmed); which one applies to this instrument is not determinable from the facility endpoint, so it is not attributed.",bank_facility_rating_letter,181,2026-01-30,https://www.indiaratings.co.in/pressReleases/GetBankFacilityDataRatingLetter?pressReleaseId=76931,"Term Loan | IDBI Bank | IND AAA/Stable | rated amount 1500 (INR million, as published)",2026-09-09T16:43:55.547143+00:00
Bajaj Finance Limited,India Ratings,Term Loan — IDBI Bank,2025-09-30,150.0,,INR 1500 million,0,,IND AAA,,Stable,,0,1,"The press release title states multiple actions (Assigned, Affirmed); which one applies to this instrument is not determinable from the facility endpoint, so it is not attributed.",bank_facility_rating_letter,142,2026-01-30,https://www.indiaratings.co.in/pressReleases/GetBankFacilityDataRatingLetter?pressReleaseId=76931,"Term Loan | IDBI Bank | IND AAA/Stable | rated amount 1500 (INR million, as published)",2026-09-09T16:43:55.547143+00:00
Bajaj Finance Limited,India Ratings,Term Loan — IDBI Bank,2025-12-01,150.0,,INR 1500 million,0,,IND AAA,,Stable,,0,1,"The press release title states multiple actions (Assigned, Affirmed); which one applies to this instrument is not determinable from the facility endpoint, so it is not attributed.",bank_facility_rating_letter,103,2026-01-30,https://www.indiaratings.co.in/pressReleases/GetBankFacilityDataRatingLetter?pressReleaseId=76931,"Term Loan | IDBI Bank | IND AAA/Stable | rated amount 1500 (INR million, as published)",2026-09-09T16:43:55.547143+00:00
Bajaj Finance Limited,India Ratings,Term Loan — IDBI Bank,2025-12-30,150.0,,INR 1500 million,0,,IND AAA,,Stable,,0,1,"The press release title states multiple actions (Assigned, Affirmed); which one applies to this instrument is not determinable from the facility endpoint, so it is not attributed.",bank_facility_rating_letter,64,2026-01-30,https://www.indiaratings.co.in/pressReleases/GetBankFacilityDataRatingLetter?pressReleaseId=76931,"Term Loan | IDBI Bank | IND AAA/Stable | rated amount 1500 (INR million, as published)",2026-09-09T16:43:55.547143+00:00
Bajaj Finance Limited,India Ratings,Term Loan — IDBI Bank,2026-01-30,150.0,,INR 1500 million,0,,IND AAA,,Stable,,0,1,"The press release title states multiple actions (Assigned, Affirmed); which one applies to this instrument is not determinable from the facility endpoint, so it is not attributed.",bank_facility_rating_letter,25,2026-01-30,https://www.indiaratings.co.in/pressReleases/GetBankFacilityDataRatingLetter?pressReleaseId=76931,"Term Loan | IDBI Bank | IND AAA/Stable | rated amount 1500 (INR million, as published)",2026-09-09T16:43:55.547143+00:00
Bajaj Finance Limited,India Ratings,Term Loan — IDBI Bank,2026-03-10,180.0,,INR 1800 million,0,,IND AAA,,Stable,,0,1,"The press release title states multiple actions (Assigned, Affirmed); which one applies to this instrument is not determinable from the facility endpoint, so it is not attributed.",bank_facility_rating_letter,319,2026-08-25,https://www.indiaratings.co.in/pressReleases/GetBankFacilityDataRatingLetter?pressReleaseId=81837,"Term Loan | IDBI Bank | IND AAA/Stable | rated amount 1800 (INR million, as published)",2026-09-09T16:43:55.547143+00:00
Bajaj Finance Limited,India Ratings,Term Loan — IDBI Bank,2026-03-30,950.0,,INR 9500 million,0,,IND AAA,,Stable,,0,1,"The press release title states multiple actions (Assigned, Affirmed); which one applies to this instrument is not determinable from the facility endpoint, so it is not attributed.",bank_facility_rating_letter,280,2026-08-25,https://www.indiaratings.co.in/pressReleases/GetBankFacilityDataRatingLetter?pressReleaseId=81837,"Term Loan | IDBI Bank | IND AAA/Stable | rated amount 9500 (INR million, as published)",2026-09-09T16:43:55.547143+00:00
Bajaj Finance Limited,India Ratings,Term Loan — IDBI Bank,2026-04-27,950.0,,INR 9500 million,0,,IND AAA,,Stable,,0,1,"The press release title states multiple actions (Assigned, Affirmed); which one applies to this instrument is not determinable from the facility endpoint, so it is not attributed.",bank_facility_rating_letter,237,2026-08-25,https://www.indiaratings.co.in/pressReleases/GetBankFacilityDataRatingLetter?pressReleaseId=81837,"Term Loan | IDBI Bank | IND AAA/Stable | rated amount 9500 (INR million, as published)",2026-09-09T16:43:55.547143+00:00
Bajaj Finance Limited,India Ratings,Term Loan — IDBI Bank,2026-05-26,450.0,,INR 4500 million,0,,IND AAA,,Stable,,0,1,"The press release title states multiple actions (Assigned, Affirmed); which one applies to this instrument is not determinable from the facility endpoint, so it is not attributed.",bank_facility_rating_letter,195,2026-08-25,https://www.indiaratings.co.in/pressReleases/GetBankFacilityDataRatingLetter?pressReleaseId=81837,"Term Loan | IDBI Bank | IND AAA/Stable | rated amount 4500 (INR million, as published)",2026-09-09T16:43:55.547143+00:00
Bajaj Finance Limited,India Ratings,Term Loan — IDBI Bank,2026-06-23,450.0,,INR 4500 million,0,,IND AAA,,Stable,,0,1,"The press release title states multiple actions (Assigned, Affirmed); which one applies to this instrument is not determinable from the facility endpoint, so it is not attributed.",bank_facility_rating_letter,153,2026-08-25,https://www.indiaratings.co.in/pressReleases/GetBankFacilityDataRatingLetter?pressReleaseId=81837,"Term Loan | IDBI Bank | IND AAA/Stable | rated amount 4500 (INR million, as published)",2026-09-09T16:43:55.547143+00:00
Bajaj Finance Limited,India Ratings,Term Loan — IDBI Bank,2026-07-23,450.0,,INR 4500 million,0,,IND AAA,,Stable,,0,1,"The press release title states multiple actions (Assigned, Affirmed); which one applies to this instrument is not determinable from the facility endpoint, so it is not attributed.",bank_facility_rating_letter,111,2026-08-25,https://www.indiaratings.co.in/pressReleases/GetBankFacilityDataRatingLetter?pressReleaseId=81837,"Term Loan | IDBI Bank | IND AAA/Stable | rated amount 4500 (INR million, as published)",2026-09-09T16:43:55.547143+00:00
Bajaj Finance Limited,India Ratings,Term Loan — IDBI Bank,2026-08-07,450.0,,INR 4500 million,0,,IND AAA,,Stable,,0,1,"The press release title states multiple actions (Assigned, Affirmed); which one applies to this instrument is not determinable from the facility endpoint, so it is not attributed.",bank_facility_rating_letter,69,2026-08-25,https://www.indiaratings.co.in/pressReleases/GetBankFacilityDataRatingLetter?pressReleaseId=81837,"Term Loan | IDBI Bank | IND AAA/Stable | rated amount 4500 (INR million, as published)",2026-09-09T16:43:55.547143+00:00
Bajaj Finance Limited,India Ratings,Term Loan — IDBI Bank,2026-08-25,450.0,,INR 4500 million,0,,IND AAA,,Stable,,0,1,"The press release title states multiple actions (Assigned, Affirmed); which one applies to this instrument is not determinable from the facility endpoint, so it is not attributed.",bank_facility_rating_letter,28,2026-08-25,https://www.indiaratings.co.in/pressReleases/GetBankFacilityDataRatingLetter?pressReleaseId=81837,"Term Loan | IDBI Bank | IND AAA/Stable | rated amount 4500 (INR million, as published)",2026-09-09T16:43:55.547143+00:00
Bajaj Finance Limited,India Ratings,Term Loan — Indian Bank,2025-06-16,1700.0,,INR 17000 million,0,,IND AAA,,Stable,,0,1,"The press release title states multiple actions (Assigned, Affirmed); which one applies to this instrument is not determinable from the facility endpoint, so it is not attributed.",bank_facility_rating_letter,301,2026-01-30,https://www.indiaratings.co.in/pressReleases/GetBankFacilityDataRatingLetter?pressReleaseId=76931,"Term Loan | Indian Bank | IND AAA/Stable | rated amount 17000 (INR million, as published)",2026-09-09T16:43:55.547143+00:00
Bajaj Finance Limited,India Ratings,Term Loan — Indian Bank,2025-06-24,1700.0,,INR 17000 million,0,,IND AAA,,Stable,,0,1,"The press release title states multiple actions (Assigned, Affirmed); which one applies to this instrument is not determinable from the facility endpoint, so it is not attributed.",bank_facility_rating_letter,261,2026-01-30,https://www.indiaratings.co.in/pressReleases/GetBankFacilityDataRatingLetter?pressReleaseId=76931,"Term Loan | Indian Bank | IND AAA/Stable | rated amount 17000 (INR million, as published)",2026-09-09T16:43:55.547143+00:00
Bajaj Finance Limited,India Ratings,Term Loan — Indian Bank,2025-07-23,1700.0,,INR 17000 million,0,,IND AAA,,Stable,,0,1,"The press release title states multiple actions (Assigned, Affirmed); which one applies to this instrument is not determinable from the facility endpoint, so it is not attributed.",bank_facility_rating_letter,221,2026-01-30,https://www.indiaratings.co.in/pressReleases/GetBankFacilityDataRatingLetter?pressReleaseId=76931,"Term Loan | Indian Bank | IND AAA/Stable | rated amount 17000 (INR million, as published)",2026-09-09T16:43:55.547143+00:00
Bajaj Finance Limited,India Ratings,Term Loan — Indian Bank,2025-08-29,1700.0,,INR 17000 million,0,,IND AAA,,Stable,,0,1,"The press release title states multiple actions (Assigned, Affirmed); which one applies to this instrument is not determinable from the facility endpoint, so it is not attributed.",bank_facility_rating_letter,182,2026-01-30,https://www.indiaratings.co.in/pressReleases/GetBankFacilityDataRatingLetter?pressReleaseId=76931,"Term Loan | Indian Bank | IND AAA/Stable | rated amount 17000 (INR million, as published)",2026-09-09T16:43:55.547143+00:00
Bajaj Finance Limited,India Ratings,Term Loan — Indian Bank,2025-09-30,1700.0,,INR 17000 million,0,,IND AAA,,Stable,,0,1,"The press release title states multiple actions (Assigned, Affirmed); which one applies to this instrument is not determinable from the facility endpoint, so it is not attributed.",bank_facility_rating_letter,143,2026-01-30,https://www.indiaratings.co.in/pressReleases/GetBankFacilityDataRatingLetter?pressReleaseId=76931,"Term Loan | Indian Bank | IND AAA/Stable | rated amount 17000 (INR million, as published)",2026-09-09T16:43:55.547143+00:00
Bajaj Finance Limited,India Ratings,Term Loan — Indian Bank,2025-12-01,3000.0,,INR 30000 million,0,,IND AAA,,Stable,,0,1,"The press release title states multiple actions (Assigned, Affirmed); which one applies to this instrument is not determinable from the facility endpoint, so it is not attributed.",bank_facility_rating_letter,104,2026-01-30,https://www.indiaratings.co.in/pressReleases/GetBankFacilityDataRatingLetter?pressReleaseId=76931,"Term Loan | Indian Bank | IND AAA/Stable | rated amount 30000 (INR million, as published)",2026-09-09T16:43:55.547143+00:00
Bajaj Finance Limited,India Ratings,Term Loan — Indian Bank,2025-12-30,3000.0,,INR 30000 million,0,,IND AAA,,Stable,,0,1,"The press release title states multiple actions (Assigned, Affirmed); which one applies to this instrument is not determinable from the facility endpoint, so it is not attributed.",bank_facility_rating_letter,65,2026-01-30,https://www.indiaratings.co.in/pressReleases/GetBankFacilityDataRatingLetter?pressReleaseId=76931,"Term Loan | Indian Bank | IND AAA/Stable | rated amount 30000 (INR million, as published)",2026-09-09T16:43:55.547143+00:00
Bajaj Finance Limited,India Ratings,Term Loan — Indian Bank,2026-01-30,3000.0,,INR 30000 million,0,,IND AAA,,Stable,,0,1,"The press release title states multiple actions (Assigned, Affirmed); which one applies to this instrument is not determinable from the facility endpoint, so it is not attributed.",bank_facility_rating_letter,26,2026-01-30,https://www.indiaratings.co.in/pressReleases/GetBankFacilityDataRatingLetter?pressReleaseId=76931,"Term Loan | Indian Bank | IND AAA/Stable | rated amount 30000 (INR million, as published)",2026-09-09T16:43:55.547143+00:00
Bajaj Finance Limited,India Ratings,Term Loan — Indian Bank,2026-03-10,3000.0,,INR 30000 million,0,,IND AAA,,Stable,,0,1,"The press release title states multiple actions (Assigned, Affirmed); which one applies to this instrument is not determinable from the facility endpoint, so it is not attributed.",bank_facility_rating_letter,320,2026-08-25,https://www.indiaratings.co.in/pressReleases/GetBankFacilityDataRatingLetter?pressReleaseId=81837,"Term Loan | Indian Bank | IND AAA/Stable | rated amount 30000 (INR million, as published)",2026-09-09T16:43:55.547143+00:00
Bajaj Finance Limited,India Ratings,Term Loan — Indian Bank,2026-03-30,3000.0,,INR 30000 million,0,,IND AAA,,Stable,,0,1,"The press release title states multiple actions (Assigned, Affirmed); which one applies to this instrument is not determinable from the facility endpoint, so it is not attributed.",bank_facility_rating_letter,281,2026-08-25,https://www.indiaratings.co.in/pressReleases/GetBankFacilityDataRatingLetter?pressReleaseId=81837,"Term Loan | Indian Bank | IND AAA/Stable | rated amount 30000 (INR million, as published)",2026-09-09T16:43:55.547143+00:00
Bajaj Finance Limited,India Ratings,Term Loan — Indian Bank,2026-04-27,3000.0,,INR 30000 million,0,,IND AAA,,Stable,,0,1,"The press release title states multiple actions (Assigned, Affirmed); which one applies to this instrument is not determinable from the facility endpoint, so it is not attributed.",bank_facility_rating_letter,238,2026-08-25,https://www.indiaratings.co.in/pressReleases/GetBankFacilityDataRatingLetter?pressReleaseId=81837,"Term Loan | Indian Bank | IND AAA/Stable | rated amount 30000 (INR million, as published)",2026-09-09T16:43:55.547143+00:00
Bajaj Finance Limited,India Ratings,Term Loan — Indian Bank,2026-05-26,5000.0,,INR 50000 million,0,,IND AAA,,Stable,,0,1,"The press release title states multiple actions (Assigned, Affirmed); which one applies to this instrument is not determinable from the facility endpoint, so it is not attributed.",bank_facility_rating_letter,196,2026-08-25,https://www.indiaratings.co.in/pressReleases/GetBankFacilityDataRatingLetter?pressReleaseId=81837,"Term Loan | Indian Bank | IND AAA/Stable | rated amount 50000 (INR million, as published)",2026-09-09T16:43:55.547143+00:00
Bajaj Finance Limited,India Ratings,Term Loan — Indian Bank,2026-06-23,5000.0,,INR 50000 million,0,,IND AAA,,Stable,,0,1,"The press release title states multiple actions (Assigned, Affirmed); which one applies to this instrument is not determinable from the facility endpoint, so it is not attributed.",bank_facility_rating_letter,154,2026-08-25,https://www.indiaratings.co.in/pressReleases/GetBankFacilityDataRatingLetter?pressReleaseId=81837,"Term Loan | Indian Bank | IND AAA/Stable | rated amount 50000 (INR million, as published)",2026-09-09T16:43:55.547143+00:00
Bajaj Finance Limited,India Ratings,Term Loan — Indian Bank,2026-07-23,5000.0,,INR 50000 million,0,,IND AAA,,Stable,,0,1,"The press release title states multiple actions (Assigned, Affirmed); which one applies to this instrument is not determinable from the facility endpoint, so it is not attributed.",bank_facility_rating_letter,112,2026-08-25,https://www.indiaratings.co.in/pressReleases/GetBankFacilityDataRatingLetter?pressReleaseId=81837,"Term Loan | Indian Bank | IND AAA/Stable | rated amount 50000 (INR million, as published)",2026-09-09T16:43:55.547143+00:00
Bajaj Finance Limited,India Ratings,Term Loan — Indian Bank,2026-08-07,5000.0,,INR 50000 million,0,,IND AAA,,Stable,,0,1,"The press release title states multiple actions (Assigned, Affirmed); which one applies to this instrument is not determinable from the facility endpoint, so it is not attributed.",bank_facility_rating_letter,70,2026-08-25,https://www.indiaratings.co.in/pressReleases/GetBankFacilityDataRatingLetter?pressReleaseId=81837,"Term Loan | Indian Bank | IND AAA/Stable | rated amount 50000 (INR million, as published)",2026-09-09T16:43:55.547143+00:00
Bajaj Finance Limited,India Ratings,Term Loan — Indian Bank,2026-08-25,5000.0,,INR 50000 million,0,,IND AAA,,Stable,,0,1,"The press release title states multiple actions (Assigned, Affirmed); which one applies to this instrument is not determinable from the facility endpoint, so it is not attributed.",bank_facility_rating_letter,29,2026-08-25,https://www.indiaratings.co.in/pressReleases/GetBankFacilityDataRatingLetter?pressReleaseId=81837,"Term Loan | Indian Bank | IND AAA/Stable | rated amount 50000 (INR million, as published)",2026-09-09T16:43:55.547143+00:00
Bajaj Finance Limited,India Ratings,Term Loan — IndusInd Bank Limited,2025-06-16,950.0,,INR 9500 million,0,,IND AAA,,Stable,,0,1,"The press release title states multiple actions (Assigned, Affirmed); which one applies to this instrument is not determinable from the facility endpoint, so it is not attributed.",bank_facility_rating_letter,302,2026-01-30,https://www.indiaratings.co.in/pressReleases/GetBankFacilityDataRatingLetter?pressReleaseId=76931,"Term Loan | IndusInd Bank Limited | IND AAA/Stable | rated amount 9500 (INR million, as published)",2026-09-09T16:43:55.547143+00:00
Bajaj Finance Limited,India Ratings,Term Loan — IndusInd Bank Limited,2025-06-24,950.0,,INR 9500 million,0,,IND AAA,,Stable,,0,1,"The press release title states multiple actions (Assigned, Affirmed); which one applies to this instrument is not determinable from the facility endpoint, so it is not attributed.",bank_facility_rating_letter,262,2026-01-30,https://www.indiaratings.co.in/pressReleases/GetBankFacilityDataRatingLetter?pressReleaseId=76931,"Term Loan | IndusInd Bank Limited | IND AAA/Stable | rated amount 9500 (INR million, as published)",2026-09-09T16:43:55.547143+00:00
Bajaj Finance Limited,India Ratings,Term Loan — IndusInd Bank Limited,2025-07-23,950.0,,INR 9500 million,0,,IND AAA,,Stable,,0,1,"The press release title states multiple actions (Assigned, Affirmed); which one applies to this instrument is not determinable from the facility endpoint, so it is not attributed.",bank_facility_rating_letter,222,2026-01-30,https://www.indiaratings.co.in/pressReleases/GetBankFacilityDataRatingLetter?pressReleaseId=76931,"Term Loan | IndusInd Bank Limited | IND AAA/Stable | rated amount 9500 (INR million, as published)",2026-09-09T16:43:55.547143+00:00
Bajaj Finance Limited,India Ratings,Term Loan — IndusInd Bank Limited,2025-08-29,950.0,,INR 9500 million,0,,IND AAA,,Stable,,0,1,"The press release title states multiple actions (Assigned, Affirmed); which one applies to this instrument is not determinable from the facility endpoint, so it is not attributed.",bank_facility_rating_letter,183,2026-01-30,https://www.indiaratings.co.in/pressReleases/GetBankFacilityDataRatingLetter?pressReleaseId=76931,"Term Loan | IndusInd Bank Limited | IND AAA/Stable | rated amount 9500 (INR million, as published)",2026-09-09T16:43:55.547143+00:00
Bajaj Finance Limited,India Ratings,Term Loan — IndusInd Bank Limited,2025-09-30,950.0,,INR 9500 million,0,,IND AAA,,Stable,,0,1,"The press release title states multiple actions (Assigned, Affirmed); which one applies to this instrument is not determinable from the facility endpoint, so it is not attributed.",bank_facility_rating_letter,144,2026-01-30,https://www.indiaratings.co.in/pressReleases/GetBankFacilityDataRatingLetter?pressReleaseId=76931,"Term Loan | IndusInd Bank Limited | IND AAA/Stable | rated amount 9500 (INR million, as published)",2026-09-09T16:43:55.547143+00:00
Bajaj Finance Limited,India Ratings,Term Loan — IndusInd Bank Limited,2025-12-01,950.0,,INR 9500 million,0,,IND AAA,,Stable,,0,1,"The press release title states multiple actions (Assigned, Affirmed); which one applies to this instrument is not determinable from the facility endpoint, so it is not attributed.",bank_facility_rating_letter,105,2026-01-30,https://www.indiaratings.co.in/pressReleases/GetBankFacilityDataRatingLetter?pressReleaseId=76931,"Term Loan | IndusInd Bank Limited | IND AAA/Stable | rated amount 9500 (INR million, as published)",2026-09-09T16:43:55.547143+00:00
Bajaj Finance Limited,India Ratings,Term Loan — IndusInd Bank Limited,2025-12-30,950.0,,INR 9500 million,0,,IND AAA,,Stable,,0,1,"The press release title states multiple actions (Assigned, Affirmed); which one applies to this instrument is not determinable from the facility endpoint, so it is not attributed.",bank_facility_rating_letter,66,2026-01-30,https://www.indiaratings.co.in/pressReleases/GetBankFacilityDataRatingLetter?pressReleaseId=76931,"Term Loan | IndusInd Bank Limited | IND AAA/Stable | rated amount 9500 (INR million, as published)",2026-09-09T16:43:55.547143+00:00
Bajaj Finance Limited,India Ratings,Term Loan — IndusInd Bank Limited,2026-01-30,950.0,,INR 9500 million,0,,IND AAA,,Stable,,0,1,"The press release title states multiple actions (Assigned, Affirmed); which one applies to this instrument is not determinable from the facility endpoint, so it is not attributed.",bank_facility_rating_letter,27,2026-01-30,https://www.indiaratings.co.in/pressReleases/GetBankFacilityDataRatingLetter?pressReleaseId=76931,"Term Loan | IndusInd Bank Limited | IND AAA/Stable | rated amount 9500 (INR million, as published)",2026-09-09T16:43:55.547143+00:00
Bajaj Finance Limited,India Ratings,Term Loan — IndusInd Bank Limited,2026-03-10,950.0,,INR 9500 million,0,,IND AAA,,Stable,,0,1,"The press release title states multiple actions (Assigned, Affirmed); which one applies to this instrument is not determinable from the facility endpoint, so it is not attributed.",bank_facility_rating_letter,321,2026-08-25,https://www.indiaratings.co.in/pressReleases/GetBankFacilityDataRatingLetter?pressReleaseId=81837,"Term Loan | IndusInd Bank Limited | IND AAA/Stable | rated amount 9500 (INR million, as published)",2026-09-09T16:43:55.547143+00:00
Bajaj Finance Limited,India Ratings,Term Loan — IndusInd Bank Limited,2026-03-30,950.0,,INR 9500 million,0,,IND AAA,,Stable,,0,1,"The press release title states multiple actions (Assigned, Affirmed); which one applies to this instrument is not determinable from the facility endpoint, so it is not attributed.",bank_facility_rating_letter,282,2026-08-25,https://www.indiaratings.co.in/pressReleases/GetBankFacilityDataRatingLetter?pressReleaseId=81837,"Term Loan | IndusInd Bank Limited | IND AAA/Stable | rated amount 9500 (INR million, as published)",2026-09-09T16:43:55.547143+00:00
Bajaj Finance Limited,India Ratings,Term Loan — IndusInd Bank Limited,2026-04-27,950.0,,INR 9500 million,0,,IND AAA,,Stable,,0,1,"The press release title states multiple actions (Assigned, Affirmed); which one applies to this instrument is not determinable from the facility endpoint, so it is not attributed.",bank_facility_rating_letter,239,2026-08-25,https://www.indiaratings.co.in/pressReleases/GetBankFacilityDataRatingLetter?pressReleaseId=81837,"Term Loan | IndusInd Bank Limited | IND AAA/Stable | rated amount 9500 (INR million, as published)",2026-09-09T16:43:55.547143+00:00
Bajaj Finance Limited,India Ratings,Term Loan — IndusInd Bank Limited,2026-05-26,1450.0,,INR 14500 million,0,,IND AAA,,Stable,,0,1,"The press release title states multiple actions (Assigned, Affirmed); which one applies to this instrument is not determinable from the facility endpoint, so it is not attributed.",bank_facility_rating_letter,197,2026-08-25,https://www.indiaratings.co.in/pressReleases/GetBankFacilityDataRatingLetter?pressReleaseId=81837,"Term Loan | IndusInd Bank Limited | IND AAA/Stable | rated amount 14500 (INR million, as published)",2026-09-09T16:43:55.547143+00:00
Bajaj Finance Limited,India Ratings,Term Loan — IndusInd Bank Limited,2026-06-23,1450.0,,INR 14500 million,0,,IND AAA,,Stable,,0,1,"The press release title states multiple actions (Assigned, Affirmed); which one applies to this instrument is not determinable from the facility endpoint, so it is not attributed.",bank_facility_rating_letter,155,2026-08-25,https://www.indiaratings.co.in/pressReleases/GetBankFacilityDataRatingLetter?pressReleaseId=81837,"Term Loan | IndusInd Bank Limited | IND AAA/Stable | rated amount 14500 (INR million, as published)",2026-09-09T16:43:55.547143+00:00
Bajaj Finance Limited,India Ratings,Term Loan — IndusInd Bank Limited,2026-07-23,1450.0,,INR 14500 million,0,,IND AAA,,Stable,,0,1,"The press release title states multiple actions (Assigned, Affirmed); which one applies to this instrument is not determinable from the facility endpoint, so it is not attributed.",bank_facility_rating_letter,113,2026-08-25,https://www.indiaratings.co.in/pressReleases/GetBankFacilityDataRatingLetter?pressReleaseId=81837,"Term Loan | IndusInd Bank Limited | IND AAA/Stable | rated amount 14500 (INR million, as published)",2026-09-09T16:43:55.547143+00:00
Bajaj Finance Limited,India Ratings,Term Loan — IndusInd Bank Limited,2026-08-07,1450.0,,INR 14500 million,0,,IND AAA,,Stable,,0,1,"The press release title states multiple actions (Assigned, Affirmed); which one applies to this instrument is not determinable from the facility endpoint, so it is not attributed.",bank_facility_rating_letter,71,2026-08-25,https://www.indiaratings.co.in/pressReleases/GetBankFacilityDataRatingLetter?pressReleaseId=81837,"Term Loan | IndusInd Bank Limited | IND AAA/Stable | rated amount 14500 (INR million, as published)",2026-09-09T16:43:55.547143+00:00
Bajaj Finance Limited,India Ratings,Term Loan — IndusInd Bank Limited,2026-08-25,1000.0,,INR 10000 million,0,,IND AAA,,Stable,,0,1,"The press release title states multiple actions (Assigned, Affirmed); which one applies to this instrument is not determinable from the facility endpoint, so it is not attributed.",bank_facility_rating_letter,30,2026-08-25,https://www.indiaratings.co.in/pressReleases/GetBankFacilityDataRatingLetter?pressReleaseId=81837,"Term Loan | IndusInd Bank Limited | IND AAA/Stable | rated amount 10000 (INR million, as published)",2026-09-09T16:43:55.547143+00:00
Bajaj Finance Limited,India Ratings,Term Loan — Jammu and Kashmir Bank,2025-06-16,650.0,,INR 6500 million,0,,IND AAA,,Stable,,0,1,"The press release title states multiple actions (Assigned, Affirmed); which one applies to this instrument is not determinable from the facility endpoint, so it is not attributed.",bank_facility_rating_letter,303,2026-01-30,https://www.indiaratings.co.in/pressReleases/GetBankFacilityDataRatingLetter?pressReleaseId=76931,"Term Loan | Jammu and Kashmir Bank | IND AAA/Stable | rated amount 6500 (INR million, as published)",2026-09-09T16:43:55.547143+00:00
Bajaj Finance Limited,India Ratings,Term Loan — Jammu and Kashmir Bank,2025-06-24,650.0,,INR 6500 million,0,,IND AAA,,Stable,,0,1,"The press release title states multiple actions (Assigned, Affirmed); which one applies to this instrument is not determinable from the facility endpoint, so it is not attributed.",bank_facility_rating_letter,263,2026-01-30,https://www.indiaratings.co.in/pressReleases/GetBankFacilityDataRatingLetter?pressReleaseId=76931,"Term Loan | Jammu and Kashmir Bank | IND AAA/Stable | rated amount 6500 (INR million, as published)",2026-09-09T16:43:55.547143+00:00
Bajaj Finance Limited,India Ratings,Term Loan — Jammu and Kashmir Bank,2025-07-23,650.0,,INR 6500 million,0,,IND AAA,,Stable,,0,1,"The press release title states multiple actions (Assigned, Affirmed); which one applies to this instrument is not determinable from the facility endpoint, so it is not attributed.",bank_facility_rating_letter,223,2026-01-30,https://www.indiaratings.co.in/pressReleases/GetBankFacilityDataRatingLetter?pressReleaseId=76931,"Term Loan | Jammu and Kashmir Bank | IND AAA/Stable | rated amount 6500 (INR million, as published)",2026-09-09T16:43:55.547143+00:00
Bajaj Finance Limited,India Ratings,Term Loan — Jammu and Kashmir Bank,2025-08-29,650.0,,INR 6500 million,0,,IND AAA,,Stable,,0,1,"The press release title states multiple actions (Assigned, Affirmed); which one applies to this instrument is not determinable from the facility endpoint, so it is not attributed.",bank_facility_rating_letter,184,2026-01-30,https://www.indiaratings.co.in/pressReleases/GetBankFacilityDataRatingLetter?pressReleaseId=76931,"Term Loan | Jammu and Kashmir Bank | IND AAA/Stable | rated amount 6500 (INR million, as published)",2026-09-09T16:43:55.547143+00:00
Bajaj Finance Limited,India Ratings,Term Loan — Jammu and Kashmir Bank,2025-09-30,650.0,,INR 6500 million,0,,IND AAA,,Stable,,0,1,"The press release title states multiple actions (Assigned, Affirmed); which one applies to this instrument is not determinable from the facility endpoint, so it is not attributed.",bank_facility_rating_letter,145,2026-01-30,https://www.indiaratings.co.in/pressReleases/GetBankFacilityDataRatingLetter?pressReleaseId=76931,"Term Loan | Jammu and Kashmir Bank | IND AAA/Stable | rated amount 6500 (INR million, as published)",2026-09-09T16:43:55.547143+00:00
Bajaj Finance Limited,India Ratings,Term Loan — Jammu and Kashmir Bank,2025-12-01,650.0,,INR 6500 million,0,,IND AAA,,Stable,,0,1,"The press release title states multiple actions (Assigned, Affirmed); which one applies to this instrument is not determinable from the facility endpoint, so it is not attributed.",bank_facility_rating_letter,106,2026-01-30,https://www.indiaratings.co.in/pressReleases/GetBankFacilityDataRatingLetter?pressReleaseId=76931,"Term Loan | Jammu and Kashmir Bank | IND AAA/Stable | rated amount 6500 (INR million, as published)",2026-09-09T16:43:55.547143+00:00
Bajaj Finance Limited,India Ratings,Term Loan — Jammu and Kashmir Bank,2025-12-30,650.0,,INR 6500 million,0,,IND AAA,,Stable,,0,1,"The press release title states multiple actions (Assigned, Affirmed); which one applies to this instrument is not determinable from the facility endpoint, so it is not attributed.",bank_facility_rating_letter,67,2026-01-30,https://www.indiaratings.co.in/pressReleases/GetBankFacilityDataRatingLetter?pressReleaseId=76931,"Term Loan | Jammu and Kashmir Bank | IND AAA/Stable | rated amount 6500 (INR million, as published)",2026-09-09T16:43:55.547143+00:00
Bajaj Finance Limited,India Ratings,Term Loan — Jammu and Kashmir Bank,2026-01-30,650.0,,INR 6500 million,0,,IND AAA,,Stable,,0,1,"The press release title states multiple actions (Assigned, Affirmed); which one applies to this instrument is not determinable from the facility endpoint, so it is not attributed.",bank_facility_rating_letter,28,2026-01-30,https://www.indiaratings.co.in/pressReleases/GetBankFacilityDataRatingLetter?pressReleaseId=76931,"Term Loan | Jammu and Kashmir Bank | IND AAA/Stable | rated amount 6500 (INR million, as published)",2026-09-09T16:43:55.547143+00:00
Bajaj Finance Limited,India Ratings,Term Loan — Jammu and Kashmir Bank,2026-03-10,650.0,,INR 6500 million,0,,IND AAA,,Stable,,0,1,"The press release title states multiple actions (Assigned, Affirmed); which one applies to this instrument is not determinable from the facility endpoint, so it is not attributed.",bank_facility_rating_letter,322,2026-08-25,https://www.indiaratings.co.in/pressReleases/GetBankFacilityDataRatingLetter?pressReleaseId=81837,"Term Loan | Jammu and Kashmir Bank | IND AAA/Stable | rated amount 6500 (INR million, as published)",2026-09-09T16:43:55.547143+00:00
Bajaj Finance Limited,India Ratings,Term Loan — Jammu and Kashmir Bank,2026-03-30,650.0,,INR 6500 million,0,,IND AAA,,Stable,,0,1,"The press release title states multiple actions (Assigned, Affirmed); which one applies to this instrument is not determinable from the facility endpoint, so it is not attributed.",bank_facility_rating_letter,283,2026-08-25,https://www.indiaratings.co.in/pressReleases/GetBankFacilityDataRatingLetter?pressReleaseId=81837,"Term Loan | Jammu and Kashmir Bank | IND AAA/Stable | rated amount 6500 (INR million, as published)",2026-09-09T16:43:55.547143+00:00
Bajaj Finance Limited,India Ratings,Term Loan — Jammu and Kashmir Bank,2026-04-27,650.0,,INR 6500 million,0,,IND AAA,,Stable,,0,1,"The press release title states multiple actions (Assigned, Affirmed); which one applies to this instrument is not determinable from the facility endpoint, so it is not attributed.",bank_facility_rating_letter,240,2026-08-25,https://www.indiaratings.co.in/pressReleases/GetBankFacilityDataRatingLetter?pressReleaseId=81837,"Term Loan | Jammu and Kashmir Bank | IND AAA/Stable | rated amount 6500 (INR million, as published)",2026-09-09T16:43:55.547143+00:00
Bajaj Finance Limited,India Ratings,Term Loan — Jammu and Kashmir Bank,2026-05-26,650.0,,INR 6500 million,0,,IND AAA,,Stable,,0,1,"The press release title states multiple actions (Assigned, Affirmed); which one applies to this instrument is not determinable from the facility endpoint, so it is not attributed.",bank_facility_rating_letter,198,2026-08-25,https://www.indiaratings.co.in/pressReleases/GetBankFacilityDataRatingLetter?pressReleaseId=81837,"Term Loan | Jammu and Kashmir Bank | IND AAA/Stable | rated amount 6500 (INR million, as published)",2026-09-09T16:43:55.547143+00:00
Bajaj Finance Limited,India Ratings,Term Loan — Jammu and Kashmir Bank,2026-06-23,650.0,,INR 6500 million,0,,IND AAA,,Stable,,0,1,"The press release title states multiple actions (Assigned, Affirmed); which one applies to this instrument is not determinable from the facility endpoint, so it is not attributed.",bank_facility_rating_letter,156,2026-08-25,https://www.indiaratings.co.in/pressReleases/GetBankFacilityDataRatingLetter?pressReleaseId=81837,"Term Loan | Jammu and Kashmir Bank | IND AAA/Stable | rated amount 6500 (INR million, as published)",2026-09-09T16:43:55.547143+00:00
Bajaj Finance Limited,India Ratings,Term Loan — Jammu and Kashmir Bank,2026-07-23,650.0,,INR 6500 million,0,,IND AAA,,Stable,,0,1,"The press release title states multiple actions (Assigned, Affirmed); which one applies to this instrument is not determinable from the facility endpoint, so it is not attributed.",bank_facility_rating_letter,114,2026-08-25,https://www.indiaratings.co.in/pressReleases/GetBankFacilityDataRatingLetter?pressReleaseId=81837,"Term Loan | Jammu and Kashmir Bank | IND AAA/Stable | rated amount 6500 (INR million, as published)",2026-09-09T16:43:55.547143+00:00
Bajaj Finance Limited,India Ratings,Term Loan — Jammu and Kashmir Bank,2026-08-07,650.0,,INR 6500 million,0,,IND AAA,,Stable,,0,1,"The press release title states multiple actions (Assigned, Affirmed); which one applies to this instrument is not determinable from the facility endpoint, so it is not attributed.",bank_facility_rating_letter,72,2026-08-25,https://www.indiaratings.co.in/pressReleases/GetBankFacilityDataRatingLetter?pressReleaseId=81837,"Term Loan | Jammu and Kashmir Bank | IND AAA/Stable | rated amount 6500 (INR million, as published)",2026-09-09T16:43:55.547143+00:00
Bajaj Finance Limited,India Ratings,Term Loan — Jammu and Kashmir Bank,2026-08-25,650.0,,INR 6500 million,0,,IND AAA,,Stable,,0,1,"The press release title states multiple actions (Assigned, Affirmed); which one applies to this instrument is not determinable from the facility endpoint, so it is not attributed.",bank_facility_rating_letter,31,2026-08-25,https://www.indiaratings.co.in/pressReleases/GetBankFacilityDataRatingLetter?pressReleaseId=81837,"Term Loan | Jammu and Kashmir Bank | IND AAA/Stable | rated amount 6500 (INR million, as published)",2026-09-09T16:43:55.547143+00:00
Bajaj Finance Limited,India Ratings,Term Loan — KEB Hana Bank,2025-06-16,100.0,,INR 1000 million,0,,IND AAA,,Stable,,0,1,"The press release title states multiple actions (Assigned, Affirmed); which one applies to this instrument is not determinable from the facility endpoint, so it is not attributed.",bank_facility_rating_letter,305,2026-01-30,https://www.indiaratings.co.in/pressReleases/GetBankFacilityDataRatingLetter?pressReleaseId=76931,"Term Loan | KEB Hana Bank | IND AAA/Stable | rated amount 1000 (INR million, as published)",2026-09-09T16:43:55.547143+00:00
Bajaj Finance Limited,India Ratings,Term Loan — KEB Hana Bank,2025-06-24,100.0,,INR 1000 million,0,,IND AAA,,Stable,,0,1,"The press release title states multiple actions (Assigned, Affirmed); which one applies to this instrument is not determinable from the facility endpoint, so it is not attributed.",bank_facility_rating_letter,265,2026-01-30,https://www.indiaratings.co.in/pressReleases/GetBankFacilityDataRatingLetter?pressReleaseId=76931,"Term Loan | KEB Hana Bank | IND AAA/Stable | rated amount 1000 (INR million, as published)",2026-09-09T16:43:55.547143+00:00
Bajaj Finance Limited,India Ratings,Term Loan — KEB Hana Bank,2025-07-23,100.0,,INR 1000 million,0,,IND AAA,,Stable,,0,1,"The press release title states multiple actions (Assigned, Affirmed); which one applies to this instrument is not determinable from the facility endpoint, so it is not attributed.",bank_facility_rating_letter,225,2026-01-30,https://www.indiaratings.co.in/pressReleases/GetBankFacilityDataRatingLetter?pressReleaseId=76931,"Term Loan | KEB Hana Bank | IND AAA/Stable | rated amount 1000 (INR million, as published)",2026-09-09T16:43:55.547143+00:00
Bajaj Finance Limited,India Ratings,Term Loan — KEB Hana Bank,2025-08-29,100.0,,INR 1000 million,0,,IND AAA,,Stable,,0,1,"The press release title states multiple actions (Assigned, Affirmed); which one applies to this instrument is not determinable from the facility endpoint, so it is not attributed.",bank_facility_rating_letter,186,2026-01-30,https://www.indiaratings.co.in/pressReleases/GetBankFacilityDataRatingLetter?pressReleaseId=76931,"Term Loan | KEB Hana Bank | IND AAA/Stable | rated amount 1000 (INR million, as published)",2026-09-09T16:43:55.547143+00:00
Bajaj Finance Limited,India Ratings,Term Loan — KEB Hana Bank,2025-09-30,100.0,,INR 1000 million,0,,IND AAA,,Stable,,0,1,"The press release title states multiple actions (Assigned, Affirmed); which one applies to this instrument is not determinable from the facility endpoint, so it is not attributed.",bank_facility_rating_letter,147,2026-01-30,https://www.indiaratings.co.in/pressReleases/GetBankFacilityDataRatingLetter?pressReleaseId=76931,"Term Loan | KEB Hana Bank | IND AAA/Stable | rated amount 1000 (INR million, as published)",2026-09-09T16:43:55.547143+00:00
Bajaj Finance Limited,India Ratings,Term Loan — KEB Hana Bank,2025-12-01,100.0,,INR 1000 million,0,,IND AAA,,Stable,,0,1,"The press release title states multiple actions (Assigned, Affirmed); which one applies to this instrument is not determinable from the facility endpoint, so it is not attributed.",bank_facility_rating_letter,108,2026-01-30,https://www.indiaratings.co.in/pressReleases/GetBankFacilityDataRatingLetter?pressReleaseId=76931,"Term Loan | KEB Hana Bank | IND AAA/Stable | rated amount 1000 (INR million, as published)",2026-09-09T16:43:55.547143+00:00
Bajaj Finance Limited,India Ratings,Term Loan — KEB Hana Bank,2025-12-30,100.0,,INR 1000 million,0,,IND AAA,,Stable,,0,1,"The press release title states multiple actions (Assigned, Affirmed); which one applies to this instrument is not determinable from the facility endpoint, so it is not attributed.",bank_facility_rating_letter,69,2026-01-30,https://www.indiaratings.co.in/pressReleases/GetBankFacilityDataRatingLetter?pressReleaseId=76931,"Term Loan | KEB Hana Bank | IND AAA/Stable | rated amount 1000 (INR million, as published)",2026-09-09T16:43:55.547143+00:00
Bajaj Finance Limited,India Ratings,Term Loan — KEB Hana Bank,2026-01-30,100.0,,INR 1000 million,0,,IND AAA,,Stable,,0,1,"The press release title states multiple actions (Assigned, Affirmed); which one applies to this instrument is not determinable from the facility endpoint, so it is not attributed.",bank_facility_rating_letter,30,2026-01-30,https://www.indiaratings.co.in/pressReleases/GetBankFacilityDataRatingLetter?pressReleaseId=76931,"Term Loan | KEB Hana Bank | IND AAA/Stable | rated amount 1000 (INR million, as published)",2026-09-09T16:43:55.547143+00:00
Bajaj Finance Limited,India Ratings,Term Loan — KEB Hana Bank,2026-03-10,100.0,,INR 1000 million,0,,IND AAA,,Stable,,0,1,"The press release title states multiple actions (Assigned, Affirmed); which one applies to this instrument is not determinable from the facility endpoint, so it is not attributed.",bank_facility_rating_letter,324,2026-08-25,https://www.indiaratings.co.in/pressReleases/GetBankFacilityDataRatingLetter?pressReleaseId=81837,"Term Loan | KEB Hana Bank | IND AAA/Stable | rated amount 1000 (INR million, as published)",2026-09-09T16:43:55.547143+00:00
Bajaj Finance Limited,India Ratings,Term Loan — KEB Hana Bank,2026-03-30,100.0,,INR 1000 million,0,,IND AAA,,Stable,,0,1,"The press release title states multiple actions (Assigned, Affirmed); which one applies to this instrument is not determinable from the facility endpoint, so it is not attributed.",bank_facility_rating_letter,285,2026-08-25,https://www.indiaratings.co.in/pressReleases/GetBankFacilityDataRatingLetter?pressReleaseId=81837,"Term Loan | KEB Hana Bank | IND AAA/Stable | rated amount 1000 (INR million, as published)",2026-09-09T16:43:55.547143+00:00
Bajaj Finance Limited,India Ratings,Term Loan — KEB Hana Bank,2026-04-27,100.0,,INR 1000 million,0,,IND AAA,,Stable,,0,1,"The press release title states multiple actions (Assigned, Affirmed); which one applies to this instrument is not determinable from the facility endpoint, so it is not attributed.",bank_facility_rating_letter,242,2026-08-25,https://www.indiaratings.co.in/pressReleases/GetBankFacilityDataRatingLetter?pressReleaseId=81837,"Term Loan | KEB Hana Bank | IND AAA/Stable | rated amount 1000 (INR million, as published)",2026-09-09T16:43:55.547143+00:00
Bajaj Finance Limited,India Ratings,Term Loan — KEB Hana Bank,2026-05-26,100.0,,INR 1000 million,0,,IND AAA,,Stable,,0,1,"The press release title states multiple actions (Assigned, Affirmed); which one applies to this instrument is not determinable from the facility endpoint, so it is not attributed.",bank_facility_rating_letter,200,2026-08-25,https://www.indiaratings.co.in/pressReleases/GetBankFacilityDataRatingLetter?pressReleaseId=81837,"Term Loan | KEB Hana Bank | IND AAA/Stable | rated amount 1000 (INR million, as published)",2026-09-09T16:43:55.547143+00:00
Bajaj Finance Limited,India Ratings,Term Loan — KEB Hana Bank,2026-06-23,100.0,,INR 1000 million,0,,IND AAA,,Stable,,0,1,"The press release title states multiple actions (Assigned, Affirmed); which one applies to this instrument is not determinable from the facility endpoint, so it is not attributed.",bank_facility_rating_letter,158,2026-08-25,https://www.indiaratings.co.in/pressReleases/GetBankFacilityDataRatingLetter?pressReleaseId=81837,"Term Loan | KEB Hana Bank | IND AAA/Stable | rated amount 1000 (INR million, as published)",2026-09-09T16:43:55.547143+00:00
Bajaj Finance Limited,India Ratings,Term Loan — KEB Hana Bank,2026-07-23,100.0,,INR 1000 million,0,,IND AAA,,Stable,,0,1,"The press release title states multiple actions (Assigned, Affirmed); which one applies to this instrument is not determinable from the facility endpoint, so it is not attributed.",bank_facility_rating_letter,116,2026-08-25,https://www.indiaratings.co.in/pressReleases/GetBankFacilityDataRatingLetter?pressReleaseId=81837,"Term Loan | KEB Hana Bank | IND AAA/Stable | rated amount 1000 (INR million, as published)",2026-09-09T16:43:55.547143+00:00
Bajaj Finance Limited,India Ratings,Term Loan — KEB Hana Bank,2026-08-07,100.0,,INR 1000 million,0,,IND AAA,,Stable,,0,1,"The press release title states multiple actions (Assigned, Affirmed); which one applies to this instrument is not determinable from the facility endpoint, so it is not attributed.",bank_facility_rating_letter,74,2026-08-25,https://www.indiaratings.co.in/pressReleases/GetBankFacilityDataRatingLetter?pressReleaseId=81837,"Term Loan | KEB Hana Bank | IND AAA/Stable | rated amount 1000 (INR million, as published)",2026-09-09T16:43:55.547143+00:00
Bajaj Finance Limited,India Ratings,Term Loan — KEB Hana Bank,2026-08-25,100.0,,INR 1000 million,0,,IND AAA,,Stable,,0,1,"The press release title states multiple actions (Assigned, Affirmed); which one applies to this instrument is not determinable from the facility endpoint, so it is not attributed.",bank_facility_rating_letter,33,2026-08-25,https://www.indiaratings.co.in/pressReleases/GetBankFacilityDataRatingLetter?pressReleaseId=81837,"Term Loan | KEB Hana Bank | IND AAA/Stable | rated amount 1000 (INR million, as published)",2026-09-09T16:43:55.547143+00:00
Bajaj Finance Limited,India Ratings,Term Loan — Karnataka Bank Ltd,2025-06-16,450.0,,INR 4500 million,0,,IND AAA,,Stable,,0,1,"The press release title states multiple actions (Assigned, Affirmed); which one applies to this instrument is not determinable from the facility endpoint, so it is not attributed.",bank_facility_rating_letter,304,2026-01-30,https://www.indiaratings.co.in/pressReleases/GetBankFacilityDataRatingLetter?pressReleaseId=76931,"Term Loan | Karnataka Bank Ltd | IND AAA/Stable | rated amount 4500 (INR million, as published)",2026-09-09T16:43:55.547143+00:00
Bajaj Finance Limited,India Ratings,Term Loan — Karnataka Bank Ltd,2025-06-24,450.0,,INR 4500 million,0,,IND AAA,,Stable,,0,1,"The press release title states multiple actions (Assigned, Affirmed); which one applies to this instrument is not determinable from the facility endpoint, so it is not attributed.",bank_facility_rating_letter,264,2026-01-30,https://www.indiaratings.co.in/pressReleases/GetBankFacilityDataRatingLetter?pressReleaseId=76931,"Term Loan | Karnataka Bank Ltd | IND AAA/Stable | rated amount 4500 (INR million, as published)",2026-09-09T16:43:55.547143+00:00
Bajaj Finance Limited,India Ratings,Term Loan — Karnataka Bank Ltd,2025-07-23,450.0,,INR 4500 million,0,,IND AAA,,Stable,,0,1,"The press release title states multiple actions (Assigned, Affirmed); which one applies to this instrument is not determinable from the facility endpoint, so it is not attributed.",bank_facility_rating_letter,224,2026-01-30,https://www.indiaratings.co.in/pressReleases/GetBankFacilityDataRatingLetter?pressReleaseId=76931,"Term Loan | Karnataka Bank Ltd | IND AAA/Stable | rated amount 4500 (INR million, as published)",2026-09-09T16:43:55.547143+00:00
Bajaj Finance Limited,India Ratings,Term Loan — Karnataka Bank Ltd,2025-08-29,450.0,,INR 4500 million,0,,IND AAA,,Stable,,0,1,"The press release title states multiple actions (Assigned, Affirmed); which one applies to this instrument is not determinable from the facility endpoint, so it is not attributed.",bank_facility_rating_letter,185,2026-01-30,https://www.indiaratings.co.in/pressReleases/GetBankFacilityDataRatingLetter?pressReleaseId=76931,"Term Loan | Karnataka Bank Ltd | IND AAA/Stable | rated amount 4500 (INR million, as published)",2026-09-09T16:43:55.547143+00:00
Bajaj Finance Limited,India Ratings,Term Loan — Karnataka Bank Ltd,2025-09-30,450.0,,INR 4500 million,0,,IND AAA,,Stable,,0,1,"The press release title states multiple actions (Assigned, Affirmed); which one applies to this instrument is not determinable from the facility endpoint, so it is not attributed.",bank_facility_rating_letter,146,2026-01-30,https://www.indiaratings.co.in/pressReleases/GetBankFacilityDataRatingLetter?pressReleaseId=76931,"Term Loan | Karnataka Bank Ltd | IND AAA/Stable | rated amount 4500 (INR million, as published)",2026-09-09T16:43:55.547143+00:00
Bajaj Finance Limited,India Ratings,Term Loan — Karnataka Bank Ltd,2025-12-01,450.0,,INR 4500 million,0,,IND AAA,,Stable,,0,1,"The press release title states multiple actions (Assigned, Affirmed); which one applies to this instrument is not determinable from the facility endpoint, so it is not attributed.",bank_facility_rating_letter,107,2026-01-30,https://www.indiaratings.co.in/pressReleases/GetBankFacilityDataRatingLetter?pressReleaseId=76931,"Term Loan | Karnataka Bank Ltd | IND AAA/Stable | rated amount 4500 (INR million, as published)",2026-09-09T16:43:55.547143+00:00
Bajaj Finance Limited,India Ratings,Term Loan — Karnataka Bank Ltd,2025-12-30,450.0,,INR 4500 million,0,,IND AAA,,Stable,,0,1,"The press release title states multiple actions (Assigned, Affirmed); which one applies to this instrument is not determinable from the facility endpoint, so it is not attributed.",bank_facility_rating_letter,68,2026-01-30,https://www.indiaratings.co.in/pressReleases/GetBankFacilityDataRatingLetter?pressReleaseId=76931,"Term Loan | Karnataka Bank Ltd | IND AAA/Stable | rated amount 4500 (INR million, as published)",2026-09-09T16:43:55.547143+00:00
Bajaj Finance Limited,India Ratings,Term Loan — Karnataka Bank Ltd,2026-01-30,450.0,,INR 4500 million,0,,IND AAA,,Stable,,0,1,"The press release title states multiple actions (Assigned, Affirmed); which one applies to this instrument is not determinable from the facility endpoint, so it is not attributed.",bank_facility_rating_letter,29,2026-01-30,https://www.indiaratings.co.in/pressReleases/GetBankFacilityDataRatingLetter?pressReleaseId=76931,"Term Loan | Karnataka Bank Ltd | IND AAA/Stable | rated amount 4500 (INR million, as published)",2026-09-09T16:43:55.547143+00:00
Bajaj Finance Limited,India Ratings,Term Loan — Karnataka Bank Ltd,2026-03-10,450.0,,INR 4500 million,0,,IND AAA,,Stable,,0,1,"The press release title states multiple actions (Assigned, Affirmed); which one applies to this instrument is not determinable from the facility endpoint, so it is not attributed.",bank_facility_rating_letter,323,2026-08-25,https://www.indiaratings.co.in/pressReleases/GetBankFacilityDataRatingLetter?pressReleaseId=81837,"Term Loan | Karnataka Bank Ltd | IND AAA/Stable | rated amount 4500 (INR million, as published)",2026-09-09T16:43:55.547143+00:00
Bajaj Finance Limited,India Ratings,Term Loan — Karnataka Bank Ltd,2026-03-30,700.0,,INR 7000 million,0,,IND AAA,,Stable,,0,1,"The press release title states multiple actions (Assigned, Affirmed); which one applies to this instrument is not determinable from the facility endpoint, so it is not attributed.",bank_facility_rating_letter,284,2026-08-25,https://www.indiaratings.co.in/pressReleases/GetBankFacilityDataRatingLetter?pressReleaseId=81837,"Term Loan | Karnataka Bank Ltd | IND AAA/Stable | rated amount 7000 (INR million, as published)",2026-09-09T16:43:55.547143+00:00
Bajaj Finance Limited,India Ratings,Term Loan — Karnataka Bank Ltd,2026-04-27,700.0,,INR 7000 million,0,,IND AAA,,Stable,,0,1,"The press release title states multiple actions (Assigned, Affirmed); which one applies to this instrument is not determinable from the facility endpoint, so it is not attributed.",bank_facility_rating_letter,241,2026-08-25,https://www.indiaratings.co.in/pressReleases/GetBankFacilityDataRatingLetter?pressReleaseId=81837,"Term Loan | Karnataka Bank Ltd | IND AAA/Stable | rated amount 7000 (INR million, as published)",2026-09-09T16:43:55.547143+00:00
Bajaj Finance Limited,India Ratings,Term Loan — Karnataka Bank Ltd,2026-05-26,700.0,,INR 7000 million,0,,IND AAA,,Stable,,0,1,"The press release title states multiple actions (Assigned, Affirmed); which one applies to this instrument is not determinable from the facility endpoint, so it is not attributed.",bank_facility_rating_letter,199,2026-08-25,https://www.indiaratings.co.in/pressReleases/GetBankFacilityDataRatingLetter?pressReleaseId=81837,"Term Loan | Karnataka Bank Ltd | IND AAA/Stable | rated amount 7000 (INR million, as published)",2026-09-09T16:43:55.547143+00:00
Bajaj Finance Limited,India Ratings,Term Loan — Karnataka Bank Ltd,2026-06-23,700.0,,INR 7000 million,0,,IND AAA,,Stable,,0,1,"The press release title states multiple actions (Assigned, Affirmed); which one applies to this instrument is not determinable from the facility endpoint, so it is not attributed.",bank_facility_rating_letter,157,2026-08-25,https://www.indiaratings.co.in/pressReleases/GetBankFacilityDataRatingLetter?pressReleaseId=81837,"Term Loan | Karnataka Bank Ltd | IND AAA/Stable | rated amount 7000 (INR million, as published)",2026-09-09T16:43:55.547143+00:00
Bajaj Finance Limited,India Ratings,Term Loan — Karnataka Bank Ltd,2026-07-23,700.0,,INR 7000 million,0,,IND AAA,,Stable,,0,1,"The press release title states multiple actions (Assigned, Affirmed); which one applies to this instrument is not determinable from the facility endpoint, so it is not attributed.",bank_facility_rating_letter,115,2026-08-25,https://www.indiaratings.co.in/pressReleases/GetBankFacilityDataRatingLetter?pressReleaseId=81837,"Term Loan | Karnataka Bank Ltd | IND AAA/Stable | rated amount 7000 (INR million, as published)",2026-09-09T16:43:55.547143+00:00
Bajaj Finance Limited,India Ratings,Term Loan — Karnataka Bank Ltd,2026-08-07,700.0,,INR 7000 million,0,,IND AAA,,Stable,,0,1,"The press release title states multiple actions (Assigned, Affirmed); which one applies to this instrument is not determinable from the facility endpoint, so it is not attributed.",bank_facility_rating_letter,73,2026-08-25,https://www.indiaratings.co.in/pressReleases/GetBankFacilityDataRatingLetter?pressReleaseId=81837,"Term Loan | Karnataka Bank Ltd | IND AAA/Stable | rated amount 7000 (INR million, as published)",2026-09-09T16:43:55.547143+00:00
Bajaj Finance Limited,India Ratings,Term Loan — Karnataka Bank Ltd,2026-08-25,700.0,,INR 7000 million,0,,IND AAA,,Stable,,0,1,"The press release title states multiple actions (Assigned, Affirmed); which one applies to this instrument is not determinable from the facility endpoint, so it is not attributed.",bank_facility_rating_letter,32,2026-08-25,https://www.indiaratings.co.in/pressReleases/GetBankFacilityDataRatingLetter?pressReleaseId=81837,"Term Loan | Karnataka Bank Ltd | IND AAA/Stable | rated amount 7000 (INR million, as published)",2026-09-09T16:43:55.547143+00:00
Bajaj Finance Limited,India Ratings,Term Loan — Kotak Mahindra Bank,2025-06-16,765.0,,INR 7650 million,0,,IND AAA,,Stable,,0,1,"The press release title states multiple actions (Assigned, Affirmed); which one applies to this instrument is not determinable from the facility endpoint, so it is not attributed.",bank_facility_rating_letter,306,2026-01-30,https://www.indiaratings.co.in/pressReleases/GetBankFacilityDataRatingLetter?pressReleaseId=76931,"Term Loan | Kotak Mahindra Bank | IND AAA/Stable | rated amount 7650 (INR million, as published)",2026-09-09T16:43:55.547143+00:00
Bajaj Finance Limited,India Ratings,Term Loan — Kotak Mahindra Bank,2025-06-24,830.0,,INR 8300 million,0,,IND AAA,,Stable,,0,1,"The press release title states multiple actions (Assigned, Affirmed); which one applies to this instrument is not determinable from the facility endpoint, so it is not attributed.",bank_facility_rating_letter,266,2026-01-30,https://www.indiaratings.co.in/pressReleases/GetBankFacilityDataRatingLetter?pressReleaseId=76931,"Term Loan | Kotak Mahindra Bank | IND AAA/Stable | rated amount 8300 (INR million, as published)",2026-09-09T16:43:55.547143+00:00
Bajaj Finance Limited,India Ratings,Term Loan — Kotak Mahindra Bank,2025-07-23,1130.0,,INR 11300 million,0,,IND AAA,,Stable,,0,1,"The press release title states multiple actions (Assigned, Affirmed); which one applies to this instrument is not determinable from the facility endpoint, so it is not attributed.",bank_facility_rating_letter,226,2026-01-30,https://www.indiaratings.co.in/pressReleases/GetBankFacilityDataRatingLetter?pressReleaseId=76931,"Term Loan | Kotak Mahindra Bank | IND AAA/Stable | rated amount 11300 (INR million, as published)",2026-09-09T16:43:55.547143+00:00
Bajaj Finance Limited,India Ratings,Term Loan — Kotak Mahindra Bank,2025-08-29,1130.0,,INR 11300 million,0,,IND AAA,,Stable,,0,1,"The press release title states multiple actions (Assigned, Affirmed); which one applies to this instrument is not determinable from the facility endpoint, so it is not attributed.",bank_facility_rating_letter,187,2026-01-30,https://www.indiaratings.co.in/pressReleases/GetBankFacilityDataRatingLetter?pressReleaseId=76931,"Term Loan | Kotak Mahindra Bank | IND AAA/Stable | rated amount 11300 (INR million, as published)",2026-09-09T16:43:55.547143+00:00
Bajaj Finance Limited,India Ratings,Term Loan — Kotak Mahindra Bank,2025-09-30,1505.0,,INR 15050 million,0,,IND AAA,,Stable,,0,1,"The press release title states multiple actions (Assigned, Affirmed); which one applies to this instrument is not determinable from the facility endpoint, so it is not attributed.",bank_facility_rating_letter,148,2026-01-30,https://www.indiaratings.co.in/pressReleases/GetBankFacilityDataRatingLetter?pressReleaseId=76931,"Term Loan | Kotak Mahindra Bank | IND AAA/Stable | rated amount 15050 (INR million, as published)",2026-09-09T16:43:55.547143+00:00
Bajaj Finance Limited,India Ratings,Term Loan — Kotak Mahindra Bank,2025-12-01,1750.0,,INR 17500 million,0,,IND AAA,,Stable,,0,1,"The press release title states multiple actions (Assigned, Affirmed); which one applies to this instrument is not determinable from the facility endpoint, so it is not attributed.",bank_facility_rating_letter,109,2026-01-30,https://www.indiaratings.co.in/pressReleases/GetBankFacilityDataRatingLetter?pressReleaseId=76931,"Term Loan | Kotak Mahindra Bank | IND AAA/Stable | rated amount 17500 (INR million, as published)",2026-09-09T16:43:55.547143+00:00
Bajaj Finance Limited,India Ratings,Term Loan — Kotak Mahindra Bank,2025-12-30,1750.0,,INR 17500 million,0,,IND AAA,,Stable,,0,1,"The press release title states multiple actions (Assigned, Affirmed); which one applies to this instrument is not determinable from the facility endpoint, so it is not attributed.",bank_facility_rating_letter,70,2026-01-30,https://www.indiaratings.co.in/pressReleases/GetBankFacilityDataRatingLetter?pressReleaseId=76931,"Term Loan | Kotak Mahindra Bank | IND AAA/Stable | rated amount 17500 (INR million, as published)",2026-09-09T16:43:55.547143+00:00
Bajaj Finance Limited,India Ratings,Term Loan — Kotak Mahindra Bank,2026-01-30,1750.0,,INR 17500 million,0,,IND AAA,,Stable,,0,1,"The press release title states multiple actions (Assigned, Affirmed); which one applies to this instrument is not determinable from the facility endpoint, so it is not attributed.",bank_facility_rating_letter,31,2026-01-30,https://www.indiaratings.co.in/pressReleases/GetBankFacilityDataRatingLetter?pressReleaseId=76931,"Term Loan | Kotak Mahindra Bank | IND AAA/Stable | rated amount 17500 (INR million, as published)",2026-09-09T16:43:55.547143+00:00
Bajaj Finance Limited,India Ratings,Term Loan — Kotak Mahindra Bank,2026-03-10,1750.0,,INR 17500 million,0,,IND AAA,,Stable,,0,1,"The press release title states multiple actions (Assigned, Affirmed); which one applies to this instrument is not determinable from the facility endpoint, so it is not attributed.",bank_facility_rating_letter,325,2026-08-25,https://www.indiaratings.co.in/pressReleases/GetBankFacilityDataRatingLetter?pressReleaseId=81837,"Term Loan | Kotak Mahindra Bank | IND AAA/Stable | rated amount 17500 (INR million, as published)",2026-09-09T16:43:55.547143+00:00
Bajaj Finance Limited,India Ratings,Term Loan — Kotak Mahindra Bank,2026-03-30,1775.0,,INR 17750 million,0,,IND AAA,,Stable,,0,1,"The press release title states multiple actions (Assigned, Affirmed); which one applies to this instrument is not determinable from the facility endpoint, so it is not attributed.",bank_facility_rating_letter,286,2026-08-25,https://www.indiaratings.co.in/pressReleases/GetBankFacilityDataRatingLetter?pressReleaseId=81837,"Term Loan | Kotak Mahindra Bank | IND AAA/Stable | rated amount 17750 (INR million, as published)",2026-09-09T16:43:55.547143+00:00
Bajaj Finance Limited,India Ratings,Term Loan — Kotak Mahindra Bank,2026-04-27,1775.0,,INR 17750 million,0,,IND AAA,,Stable,,0,1,"The press release title states multiple actions (Assigned, Affirmed); which one applies to this instrument is not determinable from the facility endpoint, so it is not attributed.",bank_facility_rating_letter,243,2026-08-25,https://www.indiaratings.co.in/pressReleases/GetBankFacilityDataRatingLetter?pressReleaseId=81837,"Term Loan | Kotak Mahindra Bank | IND AAA/Stable | rated amount 17750 (INR million, as published)",2026-09-09T16:43:55.547143+00:00
Bajaj Finance Limited,India Ratings,Term Loan — Kotak Mahindra Bank,2026-05-26,1775.0,,INR 17750 million,0,,IND AAA,,Stable,,0,1,"The press release title states multiple actions (Assigned, Affirmed); which one applies to this instrument is not determinable from the facility endpoint, so it is not attributed.",bank_facility_rating_letter,201,2026-08-25,https://www.indiaratings.co.in/pressReleases/GetBankFacilityDataRatingLetter?pressReleaseId=81837,"Term Loan | Kotak Mahindra Bank | IND AAA/Stable | rated amount 17750 (INR million, as published)",2026-09-09T16:43:55.547143+00:00
Bajaj Finance Limited,India Ratings,Term Loan — Kotak Mahindra Bank,2026-06-23,1800.0,,INR 18000 million,0,,IND AAA,,Stable,,0,1,"The press release title states multiple actions (Assigned, Affirmed); which one applies to this instrument is not determinable from the facility endpoint, so it is not attributed.",bank_facility_rating_letter,159,2026-08-25,https://www.indiaratings.co.in/pressReleases/GetBankFacilityDataRatingLetter?pressReleaseId=81837,"Term Loan | Kotak Mahindra Bank | IND AAA/Stable | rated amount 18000 (INR million, as published)",2026-09-09T16:43:55.547143+00:00
Bajaj Finance Limited,India Ratings,Term Loan — Kotak Mahindra Bank,2026-07-23,1800.0,,INR 18000 million,0,,IND AAA,,Stable,,0,1,"The press release title states multiple actions (Assigned, Affirmed); which one applies to this instrument is not determinable from the facility endpoint, so it is not attributed.",bank_facility_rating_letter,117,2026-08-25,https://www.indiaratings.co.in/pressReleases/GetBankFacilityDataRatingLetter?pressReleaseId=81837,"Term Loan | Kotak Mahindra Bank | IND AAA/Stable | rated amount 18000 (INR million, as published)",2026-09-09T16:43:55.547143+00:00
Bajaj Finance Limited,India Ratings,Term Loan — Kotak Mahindra Bank,2026-08-07,1800.0,,INR 18000 million,0,,IND AAA,,Stable,,0,1,"The press release title states multiple actions (Assigned, Affirmed); which one applies to this instrument is not determinable from the facility endpoint, so it is not attributed.",bank_facility_rating_letter,75,2026-08-25,https://www.indiaratings.co.in/pressReleases/GetBankFacilityDataRatingLetter?pressReleaseId=81837,"Term Loan | Kotak Mahindra Bank | IND AAA/Stable | rated amount 18000 (INR million, as published)",2026-09-09T16:43:55.547143+00:00
Bajaj Finance Limited,India Ratings,Term Loan — Kotak Mahindra Bank,2026-08-25,1800.0,,INR 18000 million,0,,IND AAA,,Stable,,0,1,"The press release title states multiple actions (Assigned, Affirmed); which one applies to this instrument is not determinable from the facility endpoint, so it is not attributed.",bank_facility_rating_letter,34,2026-08-25,https://www.indiaratings.co.in/pressReleases/GetBankFacilityDataRatingLetter?pressReleaseId=81837,"Term Loan | Kotak Mahindra Bank | IND AAA/Stable | rated amount 18000 (INR million, as published)",2026-09-09T16:43:55.547143+00:00
Bajaj Finance Limited,India Ratings,Term Loan — Punjab National Bank,2025-06-16,5500.0,,INR 55000 million,0,,IND AAA,,Stable,,0,1,"The press release title states multiple actions (Assigned, Affirmed); which one applies to this instrument is not determinable from the facility endpoint, so it is not attributed.",bank_facility_rating_letter,307,2026-01-30,https://www.indiaratings.co.in/pressReleases/GetBankFacilityDataRatingLetter?pressReleaseId=76931,"Term Loan | Punjab National Bank | IND AAA/Stable | rated amount 55000 (INR million, as published)",2026-09-09T16:43:55.547143+00:00
Bajaj Finance Limited,India Ratings,Term Loan — Punjab National Bank,2025-06-24,5500.0,,INR 55000 million,0,,IND AAA,,Stable,,0,1,"The press release title states multiple actions (Assigned, Affirmed); which one applies to this instrument is not determinable from the facility endpoint, so it is not attributed.",bank_facility_rating_letter,267,2026-01-30,https://www.indiaratings.co.in/pressReleases/GetBankFacilityDataRatingLetter?pressReleaseId=76931,"Term Loan | Punjab National Bank | IND AAA/Stable | rated amount 55000 (INR million, as published)",2026-09-09T16:43:55.547143+00:00
Bajaj Finance Limited,India Ratings,Term Loan — Punjab National Bank,2025-07-23,5500.0,,INR 55000 million,0,,IND AAA,,Stable,,0,1,"The press release title states multiple actions (Assigned, Affirmed); which one applies to this instrument is not determinable from the facility endpoint, so it is not attributed.",bank_facility_rating_letter,227,2026-01-30,https://www.indiaratings.co.in/pressReleases/GetBankFacilityDataRatingLetter?pressReleaseId=76931,"Term Loan | Punjab National Bank | IND AAA/Stable | rated amount 55000 (INR million, as published)",2026-09-09T16:43:55.547143+00:00
Bajaj Finance Limited,India Ratings,Term Loan — Punjab National Bank,2025-08-29,5500.0,,INR 55000 million,0,,IND AAA,,Stable,,0,1,"The press release title states multiple actions (Assigned, Affirmed); which one applies to this instrument is not determinable from the facility endpoint, so it is not attributed.",bank_facility_rating_letter,188,2026-01-30,https://www.indiaratings.co.in/pressReleases/GetBankFacilityDataRatingLetter?pressReleaseId=76931,"Term Loan | Punjab National Bank | IND AAA/Stable | rated amount 55000 (INR million, as published)",2026-09-09T16:43:55.547143+00:00
Bajaj Finance Limited,India Ratings,Term Loan — Punjab National Bank,2025-09-30,5500.0,,INR 55000 million,0,,IND AAA,,Stable,,0,1,"The press release title states multiple actions (Assigned, Affirmed); which one applies to this instrument is not determinable from the facility endpoint, so it is not attributed.",bank_facility_rating_letter,149,2026-01-30,https://www.indiaratings.co.in/pressReleases/GetBankFacilityDataRatingLetter?pressReleaseId=76931,"Term Loan | Punjab National Bank | IND AAA/Stable | rated amount 55000 (INR million, as published)",2026-09-09T16:43:55.547143+00:00
Bajaj Finance Limited,India Ratings,Term Loan — Punjab National Bank,2025-12-01,5500.0,,INR 55000 million,0,,IND AAA,,Stable,,0,1,"The press release title states multiple actions (Assigned, Affirmed); which one applies to this instrument is not determinable from the facility endpoint, so it is not attributed.",bank_facility_rating_letter,110,2026-01-30,https://www.indiaratings.co.in/pressReleases/GetBankFacilityDataRatingLetter?pressReleaseId=76931,"Term Loan | Punjab National Bank | IND AAA/Stable | rated amount 55000 (INR million, as published)",2026-09-09T16:43:55.547143+00:00
Bajaj Finance Limited,India Ratings,Term Loan — Punjab National Bank,2025-12-30,5500.0,,INR 55000 million,0,,IND AAA,,Stable,,0,1,"The press release title states multiple actions (Assigned, Affirmed); which one applies to this instrument is not determinable from the facility endpoint, so it is not attributed.",bank_facility_rating_letter,71,2026-01-30,https://www.indiaratings.co.in/pressReleases/GetBankFacilityDataRatingLetter?pressReleaseId=76931,"Term Loan | Punjab National Bank | IND AAA/Stable | rated amount 55000 (INR million, as published)",2026-09-09T16:43:55.547143+00:00
Bajaj Finance Limited,India Ratings,Term Loan — Punjab National Bank,2026-01-30,5500.0,,INR 55000 million,0,,IND AAA,,Stable,,0,1,"The press release title states multiple actions (Assigned, Affirmed); which one applies to this instrument is not determinable from the facility endpoint, so it is not attributed.",bank_facility_rating_letter,32,2026-01-30,https://www.indiaratings.co.in/pressReleases/GetBankFacilityDataRatingLetter?pressReleaseId=76931,"Term Loan | Punjab National Bank | IND AAA/Stable | rated amount 55000 (INR million, as published)",2026-09-09T16:43:55.547143+00:00
Bajaj Finance Limited,India Ratings,Term Loan — Punjab National Bank,2026-03-10,5500.0,,INR 55000 million,0,,IND AAA,,Stable,,0,1,"The press release title states multiple actions (Assigned, Affirmed); which one applies to this instrument is not determinable from the facility endpoint, so it is not attributed.",bank_facility_rating_letter,326,2026-08-25,https://www.indiaratings.co.in/pressReleases/GetBankFacilityDataRatingLetter?pressReleaseId=81837,"Term Loan | Punjab National Bank | IND AAA/Stable | rated amount 55000 (INR million, as published)",2026-09-09T16:43:55.547143+00:00
Bajaj Finance Limited,India Ratings,Term Loan — Punjab National Bank,2026-03-30,5500.0,,INR 55000 million,0,,IND AAA,,Stable,,0,1,"The press release title states multiple actions (Assigned, Affirmed); which one applies to this instrument is not determinable from the facility endpoint, so it is not attributed.",bank_facility_rating_letter,287,2026-08-25,https://www.indiaratings.co.in/pressReleases/GetBankFacilityDataRatingLetter?pressReleaseId=81837,"Term Loan | Punjab National Bank | IND AAA/Stable | rated amount 55000 (INR million, as published)",2026-09-09T16:43:55.547143+00:00
Bajaj Finance Limited,India Ratings,Term Loan — Punjab National Bank,2026-04-27,5500.0,,INR 55000 million,0,,IND AAA,,Stable,,0,1,"The press release title states multiple actions (Assigned, Affirmed); which one applies to this instrument is not determinable from the facility endpoint, so it is not attributed.",bank_facility_rating_letter,244,2026-08-25,https://www.indiaratings.co.in/pressReleases/GetBankFacilityDataRatingLetter?pressReleaseId=81837,"Term Loan | Punjab National Bank | IND AAA/Stable | rated amount 55000 (INR million, as published)",2026-09-09T16:43:55.547143+00:00
Bajaj Finance Limited,India Ratings,Term Loan — Punjab National Bank,2026-05-26,5500.0,,INR 55000 million,0,,IND AAA,,Stable,,0,1,"The press release title states multiple actions (Assigned, Affirmed); which one applies to this instrument is not determinable from the facility endpoint, so it is not attributed.",bank_facility_rating_letter,202,2026-08-25,https://www.indiaratings.co.in/pressReleases/GetBankFacilityDataRatingLetter?pressReleaseId=81837,"Term Loan | Punjab National Bank | IND AAA/Stable | rated amount 55000 (INR million, as published)",2026-09-09T16:43:55.547143+00:00
Bajaj Finance Limited,India Ratings,Term Loan — Punjab National Bank,2026-06-23,5500.0,,INR 55000 million,0,,IND AAA,,Stable,,0,1,"The press release title states multiple actions (Assigned, Affirmed); which one applies to this instrument is not determinable from the facility endpoint, so it is not attributed.",bank_facility_rating_letter,160,2026-08-25,https://www.indiaratings.co.in/pressReleases/GetBankFacilityDataRatingLetter?pressReleaseId=81837,"Term Loan | Punjab National Bank | IND AAA/Stable | rated amount 55000 (INR million, as published)",2026-09-09T16:43:55.547143+00:00
Bajaj Finance Limited,India Ratings,Term Loan — Punjab National Bank,2026-07-23,7500.0,,INR 75000 million,0,,IND AAA,,Stable,,0,1,"The press release title states multiple actions (Assigned, Affirmed); which one applies to this instrument is not determinable from the facility endpoint, so it is not attributed.",bank_facility_rating_letter,118,2026-08-25,https://www.indiaratings.co.in/pressReleases/GetBankFacilityDataRatingLetter?pressReleaseId=81837,"Term Loan | Punjab National Bank | IND AAA/Stable | rated amount 75000 (INR million, as published)",2026-09-09T16:43:55.547143+00:00
Bajaj Finance Limited,India Ratings,Term Loan — Punjab National Bank,2026-08-07,7500.0,,INR 75000 million,0,,IND AAA,,Stable,,0,1,"The press release title states multiple actions (Assigned, Affirmed); which one applies to this instrument is not determinable from the facility endpoint, so it is not attributed.",bank_facility_rating_letter,76,2026-08-25,https://www.indiaratings.co.in/pressReleases/GetBankFacilityDataRatingLetter?pressReleaseId=81837,"Term Loan | Punjab National Bank | IND AAA/Stable | rated amount 75000 (INR million, as published)",2026-09-09T16:43:55.547143+00:00
Bajaj Finance Limited,India Ratings,Term Loan — Punjab National Bank,2026-08-25,7500.0,,INR 75000 million,0,,IND AAA,,Stable,,0,1,"The press release title states multiple actions (Assigned, Affirmed); which one applies to this instrument is not determinable from the facility endpoint, so it is not attributed.",bank_facility_rating_letter,35,2026-08-25,https://www.indiaratings.co.in/pressReleases/GetBankFacilityDataRatingLetter?pressReleaseId=81837,"Term Loan | Punjab National Bank | IND AAA/Stable | rated amount 75000 (INR million, as published)",2026-09-09T16:43:55.547143+00:00
Bajaj Finance Limited,India Ratings,Term Loan — SIDBI,2025-06-16,7800.0,,INR 78000 million,0,,IND AAA,,Stable,,0,1,"The press release title states multiple actions (Assigned, Affirmed); which one applies to this instrument is not determinable from the facility endpoint, so it is not attributed.",bank_facility_rating_letter,308,2026-01-30,https://www.indiaratings.co.in/pressReleases/GetBankFacilityDataRatingLetter?pressReleaseId=76931,"Term Loan | SIDBI | IND AAA/Stable | rated amount 78000 (INR million, as published)",2026-09-09T16:43:55.547143+00:00
Bajaj Finance Limited,India Ratings,Term Loan — SIDBI,2025-06-24,7800.0,,INR 78000 million,0,,IND AAA,,Stable,,0,1,"The press release title states multiple actions (Assigned, Affirmed); which one applies to this instrument is not determinable from the facility endpoint, so it is not attributed.",bank_facility_rating_letter,268,2026-01-30,https://www.indiaratings.co.in/pressReleases/GetBankFacilityDataRatingLetter?pressReleaseId=76931,"Term Loan | SIDBI | IND AAA/Stable | rated amount 78000 (INR million, as published)",2026-09-09T16:43:55.547143+00:00
Bajaj Finance Limited,India Ratings,Term Loan — SIDBI,2025-07-23,7800.0,,INR 78000 million,0,,IND AAA,,Stable,,0,1,"The press release title states multiple actions (Assigned, Affirmed); which one applies to this instrument is not determinable from the facility endpoint, so it is not attributed.",bank_facility_rating_letter,228,2026-01-30,https://www.indiaratings.co.in/pressReleases/GetBankFacilityDataRatingLetter?pressReleaseId=76931,"Term Loan | SIDBI | IND AAA/Stable | rated amount 78000 (INR million, as published)",2026-09-09T16:43:55.547143+00:00
Bajaj Finance Limited,India Ratings,Term Loan — SIDBI,2025-08-29,7800.0,,INR 78000 million,0,,IND AAA,,Stable,,0,1,"The press release title states multiple actions (Assigned, Affirmed); which one applies to this instrument is not determinable from the facility endpoint, so it is not attributed.",bank_facility_rating_letter,189,2026-01-30,https://www.indiaratings.co.in/pressReleases/GetBankFacilityDataRatingLetter?pressReleaseId=76931,"Term Loan | SIDBI | IND AAA/Stable | rated amount 78000 (INR million, as published)",2026-09-09T16:43:55.547143+00:00
Bajaj Finance Limited,India Ratings,Term Loan — SIDBI,2025-09-30,7800.0,,INR 78000 million,0,,IND AAA,,Stable,,0,1,"The press release title states multiple actions (Assigned, Affirmed); which one applies to this instrument is not determinable from the facility endpoint, so it is not attributed.",bank_facility_rating_letter,150,2026-01-30,https://www.indiaratings.co.in/pressReleases/GetBankFacilityDataRatingLetter?pressReleaseId=76931,"Term Loan | SIDBI | IND AAA/Stable | rated amount 78000 (INR million, as published)",2026-09-09T16:43:55.547143+00:00
Bajaj Finance Limited,India Ratings,Term Loan — SIDBI,2025-12-01,8300.0,,INR 83000 million,0,,IND AAA,,Stable,,0,1,"The press release title states multiple actions (Assigned, Affirmed); which one applies to this instrument is not determinable from the facility endpoint, so it is not attributed.",bank_facility_rating_letter,111,2026-01-30,https://www.indiaratings.co.in/pressReleases/GetBankFacilityDataRatingLetter?pressReleaseId=76931,"Term Loan | SIDBI | IND AAA/Stable | rated amount 83000 (INR million, as published)",2026-09-09T16:43:55.547143+00:00
Bajaj Finance Limited,India Ratings,Term Loan — SIDBI,2025-12-30,9800.0,,INR 98000 million,0,,IND AAA,,Stable,,0,1,"The press release title states multiple actions (Assigned, Affirmed); which one applies to this instrument is not determinable from the facility endpoint, so it is not attributed.",bank_facility_rating_letter,72,2026-01-30,https://www.indiaratings.co.in/pressReleases/GetBankFacilityDataRatingLetter?pressReleaseId=76931,"Term Loan | SIDBI | IND AAA/Stable | rated amount 98000 (INR million, as published)",2026-09-09T16:43:55.547143+00:00
Bajaj Finance Limited,India Ratings,Term Loan — SIDBI,2026-01-30,9800.0,,INR 98000 million,0,,IND AAA,,Stable,,0,1,"The press release title states multiple actions (Assigned, Affirmed); which one applies to this instrument is not determinable from the facility endpoint, so it is not attributed.",bank_facility_rating_letter,33,2026-01-30,https://www.indiaratings.co.in/pressReleases/GetBankFacilityDataRatingLetter?pressReleaseId=76931,"Term Loan | SIDBI | IND AAA/Stable | rated amount 98000 (INR million, as published)",2026-09-09T16:43:55.547143+00:00
Bajaj Finance Limited,India Ratings,Term Loan — SIDBI,2026-03-10,9800.0,,INR 98000 million,0,,IND AAA,,Stable,,0,1,"The press release title states multiple actions (Assigned, Affirmed); which one applies to this instrument is not determinable from the facility endpoint, so it is not attributed.",bank_facility_rating_letter,327,2026-08-25,https://www.indiaratings.co.in/pressReleases/GetBankFacilityDataRatingLetter?pressReleaseId=81837,"Term Loan | SIDBI | IND AAA/Stable | rated amount 98000 (INR million, as published)",2026-09-09T16:43:55.547143+00:00
Bajaj Finance Limited,India Ratings,Term Loan — SIDBI,2026-03-30,7500.0,,INR 75000 million,0,,IND AAA,,Stable,,0,1,"The press release title states multiple actions (Assigned, Affirmed); which one applies to this instrument is not determinable from the facility endpoint, so it is not attributed.",bank_facility_rating_letter,288,2026-08-25,https://www.indiaratings.co.in/pressReleases/GetBankFacilityDataRatingLetter?pressReleaseId=81837,"Term Loan | SIDBI | IND AAA/Stable | rated amount 75000 (INR million, as published)",2026-09-09T16:43:55.547143+00:00
Bajaj Finance Limited,India Ratings,Term Loan — SIDBI,2026-04-27,7500.0,,INR 75000 million,0,,IND AAA,,Stable,,0,1,"The press release title states multiple actions (Assigned, Affirmed); which one applies to this instrument is not determinable from the facility endpoint, so it is not attributed.",bank_facility_rating_letter,245,2026-08-25,https://www.indiaratings.co.in/pressReleases/GetBankFacilityDataRatingLetter?pressReleaseId=81837,"Term Loan | SIDBI | IND AAA/Stable | rated amount 75000 (INR million, as published)",2026-09-09T16:43:55.547143+00:00
Bajaj Finance Limited,India Ratings,Term Loan — SIDBI,2026-05-26,9200.0,,INR 92000 million,0,,IND AAA,,Stable,,0,1,"The press release title states multiple actions (Assigned, Affirmed); which one applies to this instrument is not determinable from the facility endpoint, so it is not attributed.",bank_facility_rating_letter,203,2026-08-25,https://www.indiaratings.co.in/pressReleases/GetBankFacilityDataRatingLetter?pressReleaseId=81837,"Term Loan | SIDBI | IND AAA/Stable | rated amount 92000 (INR million, as published)",2026-09-09T16:43:55.547143+00:00
Bajaj Finance Limited,India Ratings,Term Loan — SIDBI,2026-06-23,9200.0,,INR 92000 million,0,,IND AAA,,Stable,,0,1,"The press release title states multiple actions (Assigned, Affirmed); which one applies to this instrument is not determinable from the facility endpoint, so it is not attributed.",bank_facility_rating_letter,161,2026-08-25,https://www.indiaratings.co.in/pressReleases/GetBankFacilityDataRatingLetter?pressReleaseId=81837,"Term Loan | SIDBI | IND AAA/Stable | rated amount 92000 (INR million, as published)",2026-09-09T16:43:55.547143+00:00
Bajaj Finance Limited,India Ratings,Term Loan — SIDBI,2026-07-23,9200.0,,INR 92000 million,0,,IND AAA,,Stable,,0,1,"The press release title states multiple actions (Assigned, Affirmed); which one applies to this instrument is not determinable from the facility endpoint, so it is not attributed.",bank_facility_rating_letter,119,2026-08-25,https://www.indiaratings.co.in/pressReleases/GetBankFacilityDataRatingLetter?pressReleaseId=81837,"Term Loan | SIDBI | IND AAA/Stable | rated amount 92000 (INR million, as published)",2026-09-09T16:43:55.547143+00:00
Bajaj Finance Limited,India Ratings,Term Loan — SIDBI,2026-08-07,9200.0,,INR 92000 million,0,,IND AAA,,Stable,,0,1,"The press release title states multiple actions (Assigned, Affirmed); which one applies to this instrument is not determinable from the facility endpoint, so it is not attributed.",bank_facility_rating_letter,77,2026-08-25,https://www.indiaratings.co.in/pressReleases/GetBankFacilityDataRatingLetter?pressReleaseId=81837,"Term Loan | SIDBI | IND AAA/Stable | rated amount 92000 (INR million, as published)",2026-09-09T16:43:55.547143+00:00
Bajaj Finance Limited,India Ratings,Term Loan — SIDBI,2026-08-25,9200.0,,INR 92000 million,0,,IND AAA,,Stable,,0,1,"The press release title states multiple actions (Assigned, Affirmed); which one applies to this instrument is not determinable from the facility endpoint, so it is not attributed.",bank_facility_rating_letter,36,2026-08-25,https://www.indiaratings.co.in/pressReleases/GetBankFacilityDataRatingLetter?pressReleaseId=81837,"Term Loan | SIDBI | IND AAA/Stable | rated amount 92000 (INR million, as published)",2026-09-09T16:43:55.547143+00:00
Bajaj Finance Limited,India Ratings,Term Loan — South Indian Bank,2025-06-16,250.0,,INR 2500 million,0,,IND AAA,,Stable,,0,1,"The press release title states multiple actions (Assigned, Affirmed); which one applies to this instrument is not determinable from the facility endpoint, so it is not attributed.",bank_facility_rating_letter,309,2026-01-30,https://www.indiaratings.co.in/pressReleases/GetBankFacilityDataRatingLetter?pressReleaseId=76931,"Term Loan | South Indian Bank | IND AAA/Stable | rated amount 2500 (INR million, as published)",2026-09-09T16:43:55.547143+00:00
Bajaj Finance Limited,India Ratings,Term Loan — South Indian Bank,2025-06-24,250.0,,INR 2500 million,0,,IND AAA,,Stable,,0,1,"The press release title states multiple actions (Assigned, Affirmed); which one applies to this instrument is not determinable from the facility endpoint, so it is not attributed.",bank_facility_rating_letter,269,2026-01-30,https://www.indiaratings.co.in/pressReleases/GetBankFacilityDataRatingLetter?pressReleaseId=76931,"Term Loan | South Indian Bank | IND AAA/Stable | rated amount 2500 (INR million, as published)",2026-09-09T16:43:55.547143+00:00
Bajaj Finance Limited,India Ratings,Term Loan — South Indian Bank,2025-07-23,250.0,,INR 2500 million,0,,IND AAA,,Stable,,0,1,"The press release title states multiple actions (Assigned, Affirmed); which one applies to this instrument is not determinable from the facility endpoint, so it is not attributed.",bank_facility_rating_letter,229,2026-01-30,https://www.indiaratings.co.in/pressReleases/GetBankFacilityDataRatingLetter?pressReleaseId=76931,"Term Loan | South Indian Bank | IND AAA/Stable | rated amount 2500 (INR million, as published)",2026-09-09T16:43:55.547143+00:00
Bajaj Finance Limited,India Ratings,Term Loan — South Indian Bank,2025-08-29,250.0,,INR 2500 million,0,,IND AAA,,Stable,,0,1,"The press release title states multiple actions (Assigned, Affirmed); which one applies to this instrument is not determinable from the facility endpoint, so it is not attributed.",bank_facility_rating_letter,190,2026-01-30,https://www.indiaratings.co.in/pressReleases/GetBankFacilityDataRatingLetter?pressReleaseId=76931,"Term Loan | South Indian Bank | IND AAA/Stable | rated amount 2500 (INR million, as published)",2026-09-09T16:43:55.547143+00:00
Bajaj Finance Limited,India Ratings,Term Loan — South Indian Bank,2025-09-30,250.0,,INR 2500 million,0,,IND AAA,,Stable,,0,1,"The press release title states multiple actions (Assigned, Affirmed); which one applies to this instrument is not determinable from the facility endpoint, so it is not attributed.",bank_facility_rating_letter,151,2026-01-30,https://www.indiaratings.co.in/pressReleases/GetBankFacilityDataRatingLetter?pressReleaseId=76931,"Term Loan | South Indian Bank | IND AAA/Stable | rated amount 2500 (INR million, as published)",2026-09-09T16:43:55.547143+00:00
Bajaj Finance Limited,India Ratings,Term Loan — South Indian Bank,2025-12-01,250.0,,INR 2500 million,0,,IND AAA,,Stable,,0,1,"The press release title states multiple actions (Assigned, Affirmed); which one applies to this instrument is not determinable from the facility endpoint, so it is not attributed.",bank_facility_rating_letter,112,2026-01-30,https://www.indiaratings.co.in/pressReleases/GetBankFacilityDataRatingLetter?pressReleaseId=76931,"Term Loan | South Indian Bank | IND AAA/Stable | rated amount 2500 (INR million, as published)",2026-09-09T16:43:55.547143+00:00
Bajaj Finance Limited,India Ratings,Term Loan — South Indian Bank,2025-12-30,250.0,,INR 2500 million,0,,IND AAA,,Stable,,0,1,"The press release title states multiple actions (Assigned, Affirmed); which one applies to this instrument is not determinable from the facility endpoint, so it is not attributed.",bank_facility_rating_letter,73,2026-01-30,https://www.indiaratings.co.in/pressReleases/GetBankFacilityDataRatingLetter?pressReleaseId=76931,"Term Loan | South Indian Bank | IND AAA/Stable | rated amount 2500 (INR million, as published)",2026-09-09T16:43:55.547143+00:00
Bajaj Finance Limited,India Ratings,Term Loan — South Indian Bank,2026-01-30,250.0,,INR 2500 million,0,,IND AAA,,Stable,,0,1,"The press release title states multiple actions (Assigned, Affirmed); which one applies to this instrument is not determinable from the facility endpoint, so it is not attributed.",bank_facility_rating_letter,34,2026-01-30,https://www.indiaratings.co.in/pressReleases/GetBankFacilityDataRatingLetter?pressReleaseId=76931,"Term Loan | South Indian Bank | IND AAA/Stable | rated amount 2500 (INR million, as published)",2026-09-09T16:43:55.547143+00:00
Bajaj Finance Limited,India Ratings,Term Loan — South Indian Bank,2026-03-10,250.0,,INR 2500 million,0,,IND AAA,,Stable,,0,1,"The press release title states multiple actions (Assigned, Affirmed); which one applies to this instrument is not determinable from the facility endpoint, so it is not attributed.",bank_facility_rating_letter,328,2026-08-25,https://www.indiaratings.co.in/pressReleases/GetBankFacilityDataRatingLetter?pressReleaseId=81837,"Term Loan | South Indian Bank | IND AAA/Stable | rated amount 2500 (INR million, as published)",2026-09-09T16:43:55.547143+00:00
Bajaj Finance Limited,India Ratings,Term Loan — South Indian Bank,2026-03-30,250.0,,INR 2500 million,0,,IND AAA,,Stable,,0,1,"The press release title states multiple actions (Assigned, Affirmed); which one applies to this instrument is not determinable from the facility endpoint, so it is not attributed.",bank_facility_rating_letter,289,2026-08-25,https://www.indiaratings.co.in/pressReleases/GetBankFacilityDataRatingLetter?pressReleaseId=81837,"Term Loan | South Indian Bank | IND AAA/Stable | rated amount 2500 (INR million, as published)",2026-09-09T16:43:55.547143+00:00
Bajaj Finance Limited,India Ratings,Term Loan — South Indian Bank,2026-04-27,250.0,,INR 2500 million,0,,IND AAA,,Stable,,0,1,"The press release title states multiple actions (Assigned, Affirmed); which one applies to this instrument is not determinable from the facility endpoint, so it is not attributed.",bank_facility_rating_letter,246,2026-08-25,https://www.indiaratings.co.in/pressReleases/GetBankFacilityDataRatingLetter?pressReleaseId=81837,"Term Loan | South Indian Bank | IND AAA/Stable | rated amount 2500 (INR million, as published)",2026-09-09T16:43:55.547143+00:00
Bajaj Finance Limited,India Ratings,Term Loan — South Indian Bank,2026-05-26,250.0,,INR 2500 million,0,,IND AAA,,Stable,,0,1,"The press release title states multiple actions (Assigned, Affirmed); which one applies to this instrument is not determinable from the facility endpoint, so it is not attributed.",bank_facility_rating_letter,204,2026-08-25,https://www.indiaratings.co.in/pressReleases/GetBankFacilityDataRatingLetter?pressReleaseId=81837,"Term Loan | South Indian Bank | IND AAA/Stable | rated amount 2500 (INR million, as published)",2026-09-09T16:43:55.547143+00:00
Bajaj Finance Limited,India Ratings,Term Loan — South Indian Bank,2026-06-23,250.0,,INR 2500 million,0,,IND AAA,,Stable,,0,1,"The press release title states multiple actions (Assigned, Affirmed); which one applies to this instrument is not determinable from the facility endpoint, so it is not attributed.",bank_facility_rating_letter,162,2026-08-25,https://www.indiaratings.co.in/pressReleases/GetBankFacilityDataRatingLetter?pressReleaseId=81837,"Term Loan | South Indian Bank | IND AAA/Stable | rated amount 2500 (INR million, as published)",2026-09-09T16:43:55.547143+00:00
Bajaj Finance Limited,India Ratings,Term Loan — South Indian Bank,2026-07-23,250.0,,INR 2500 million,0,,IND AAA,,Stable,,0,1,"The press release title states multiple actions (Assigned, Affirmed); which one applies to this instrument is not determinable from the facility endpoint, so it is not attributed.",bank_facility_rating_letter,120,2026-08-25,https://www.indiaratings.co.in/pressReleases/GetBankFacilityDataRatingLetter?pressReleaseId=81837,"Term Loan | South Indian Bank | IND AAA/Stable | rated amount 2500 (INR million, as published)",2026-09-09T16:43:55.547143+00:00
Bajaj Finance Limited,India Ratings,Term Loan — South Indian Bank,2026-08-07,250.0,,INR 2500 million,0,,IND AAA,,Stable,,0,1,"The press release title states multiple actions (Assigned, Affirmed); which one applies to this instrument is not determinable from the facility endpoint, so it is not attributed.",bank_facility_rating_letter,78,2026-08-25,https://www.indiaratings.co.in/pressReleases/GetBankFacilityDataRatingLetter?pressReleaseId=81837,"Term Loan | South Indian Bank | IND AAA/Stable | rated amount 2500 (INR million, as published)",2026-09-09T16:43:55.547143+00:00
Bajaj Finance Limited,India Ratings,Term Loan — South Indian Bank,2026-08-25,250.0,,INR 2500 million,0,,IND AAA,,Stable,,0,1,"The press release title states multiple actions (Assigned, Affirmed); which one applies to this instrument is not determinable from the facility endpoint, so it is not attributed.",bank_facility_rating_letter,37,2026-08-25,https://www.indiaratings.co.in/pressReleases/GetBankFacilityDataRatingLetter?pressReleaseId=81837,"Term Loan | South Indian Bank | IND AAA/Stable | rated amount 2500 (INR million, as published)",2026-09-09T16:43:55.547143+00:00
Bajaj Finance Limited,India Ratings,Term Loan — UCO Bank,2025-06-16,500.0,,INR 5000 million,0,,IND AAA,,Stable,,0,1,"The press release title states multiple actions (Assigned, Affirmed); which one applies to this instrument is not determinable from the facility endpoint, so it is not attributed.",bank_facility_rating_letter,310,2026-01-30,https://www.indiaratings.co.in/pressReleases/GetBankFacilityDataRatingLetter?pressReleaseId=76931,"Term Loan | UCO Bank | IND AAA/Stable | rated amount 5000 (INR million, as published)",2026-09-09T16:43:55.547143+00:00
Bajaj Finance Limited,India Ratings,Term Loan — Union Bank of India,2025-06-16,2500.0,,INR 25000 million,0,,IND AAA,,Stable,,0,1,"The press release title states multiple actions (Assigned, Affirmed); which one applies to this instrument is not determinable from the facility endpoint, so it is not attributed.",bank_facility_rating_letter,311,2026-01-30,https://www.indiaratings.co.in/pressReleases/GetBankFacilityDataRatingLetter?pressReleaseId=76931,"Term Loan | Union Bank of India | IND AAA/Stable | rated amount 25000 (INR million, as published)",2026-09-09T16:43:55.547143+00:00
Bajaj Finance Limited,India Ratings,Term Loan — Union Bank of India,2025-06-24,2500.0,,INR 25000 million,0,,IND AAA,,Stable,,0,1,"The press release title states multiple actions (Assigned, Affirmed); which one applies to this instrument is not determinable from the facility endpoint, so it is not attributed.",bank_facility_rating_letter,270,2026-01-30,https://www.indiaratings.co.in/pressReleases/GetBankFacilityDataRatingLetter?pressReleaseId=76931,"Term Loan | Union Bank of India | IND AAA/Stable | rated amount 25000 (INR million, as published)",2026-09-09T16:43:55.547143+00:00
Bajaj Finance Limited,India Ratings,Term Loan — Union Bank of India,2025-07-23,3300.0,,INR 33000 million,0,,IND AAA,,Stable,,0,1,"The press release title states multiple actions (Assigned, Affirmed); which one applies to this instrument is not determinable from the facility endpoint, so it is not attributed.",bank_facility_rating_letter,230,2026-01-30,https://www.indiaratings.co.in/pressReleases/GetBankFacilityDataRatingLetter?pressReleaseId=76931,"Term Loan | Union Bank of India | IND AAA/Stable | rated amount 33000 (INR million, as published)",2026-09-09T16:43:55.547143+00:00
Bajaj Finance Limited,India Ratings,Term Loan — Union Bank of India,2025-08-29,3300.0,,INR 33000 million,0,,IND AAA,,Stable,,0,1,"The press release title states multiple actions (Assigned, Affirmed); which one applies to this instrument is not determinable from the facility endpoint, so it is not attributed.",bank_facility_rating_letter,191,2026-01-30,https://www.indiaratings.co.in/pressReleases/GetBankFacilityDataRatingLetter?pressReleaseId=76931,"Term Loan | Union Bank of India | IND AAA/Stable | rated amount 33000 (INR million, as published)",2026-09-09T16:43:55.547143+00:00
Bajaj Finance Limited,India Ratings,Term Loan — Union Bank of India,2025-09-30,3500.0,,INR 35000 million,0,,IND AAA,,Stable,,0,1,"The press release title states multiple actions (Assigned, Affirmed); which one applies to this instrument is not determinable from the facility endpoint, so it is not attributed.",bank_facility_rating_letter,152,2026-01-30,https://www.indiaratings.co.in/pressReleases/GetBankFacilityDataRatingLetter?pressReleaseId=76931,"Term Loan | Union Bank of India | IND AAA/Stable | rated amount 35000 (INR million, as published)",2026-09-09T16:43:55.547143+00:00
Bajaj Finance Limited,India Ratings,Term Loan — Union Bank of India,2025-12-01,3500.0,,INR 35000 million,0,,IND AAA,,Stable,,0,1,"The press release title states multiple actions (Assigned, Affirmed); which one applies to this instrument is not determinable from the facility endpoint, so it is not attributed.",bank_facility_rating_letter,113,2026-01-30,https://www.indiaratings.co.in/pressReleases/GetBankFacilityDataRatingLetter?pressReleaseId=76931,"Term Loan | Union Bank of India | IND AAA/Stable | rated amount 35000 (INR million, as published)",2026-09-09T16:43:55.547143+00:00
Bajaj Finance Limited,India Ratings,Term Loan — Union Bank of India,2025-12-30,3500.0,,INR 35000 million,0,,IND AAA,,Stable,,0,1,"The press release title states multiple actions (Assigned, Affirmed); which one applies to this instrument is not determinable from the facility endpoint, so it is not attributed.",bank_facility_rating_letter,74,2026-01-30,https://www.indiaratings.co.in/pressReleases/GetBankFacilityDataRatingLetter?pressReleaseId=76931,"Term Loan | Union Bank of India | IND AAA/Stable | rated amount 35000 (INR million, as published)",2026-09-09T16:43:55.547143+00:00
Bajaj Finance Limited,India Ratings,Term Loan — Union Bank of India,2026-01-30,4000.0,,INR 40000 million,0,,IND AAA,,Stable,,0,1,"The press release title states multiple actions (Assigned, Affirmed); which one applies to this instrument is not determinable from the facility endpoint, so it is not attributed.",bank_facility_rating_letter,35,2026-01-30,https://www.indiaratings.co.in/pressReleases/GetBankFacilityDataRatingLetter?pressReleaseId=76931,"Term Loan | Union Bank of India | IND AAA/Stable | rated amount 40000 (INR million, as published)",2026-09-09T16:43:55.547143+00:00
Bajaj Finance Limited,India Ratings,Term Loan — Union Bank of India,2026-03-10,4000.0,,INR 40000 million,0,,IND AAA,,Stable,,0,1,"The press release title states multiple actions (Assigned, Affirmed); which one applies to this instrument is not determinable from the facility endpoint, so it is not attributed.",bank_facility_rating_letter,330,2026-08-25,https://www.indiaratings.co.in/pressReleases/GetBankFacilityDataRatingLetter?pressReleaseId=81837,"Term Loan | Union Bank of India | IND AAA/Stable | rated amount 40000 (INR million, as published)",2026-09-09T16:43:55.547143+00:00
Bajaj Finance Limited,India Ratings,Term Loan — Union Bank of India,2026-03-30,4000.0,,INR 40000 million,0,,IND AAA,,Stable,,0,1,"The press release title states multiple actions (Assigned, Affirmed); which one applies to this instrument is not determinable from the facility endpoint, so it is not attributed.",bank_facility_rating_letter,290,2026-08-25,https://www.indiaratings.co.in/pressReleases/GetBankFacilityDataRatingLetter?pressReleaseId=81837,"Term Loan | Union Bank of India | IND AAA/Stable | rated amount 40000 (INR million, as published)",2026-09-09T16:43:55.547143+00:00
Bajaj Finance Limited,India Ratings,Term Loan — Union Bank of India,2026-04-27,4000.0,,INR 40000 million,0,,IND AAA,,Stable,,0,1,"The press release title states multiple actions (Assigned, Affirmed); which one applies to this instrument is not determinable from the facility endpoint, so it is not attributed.",bank_facility_rating_letter,247,2026-08-25,https://www.indiaratings.co.in/pressReleases/GetBankFacilityDataRatingLetter?pressReleaseId=81837,"Term Loan | Union Bank of India | IND AAA/Stable | rated amount 40000 (INR million, as published)",2026-09-09T16:43:55.547143+00:00
Bajaj Finance Limited,India Ratings,Term Loan — Union Bank of India,2026-05-26,4000.0,,INR 40000 million,0,,IND AAA,,Stable,,0,1,"The press release title states multiple actions (Assigned, Affirmed); which one applies to this instrument is not determinable from the facility endpoint, so it is not attributed.",bank_facility_rating_letter,205,2026-08-25,https://www.indiaratings.co.in/pressReleases/GetBankFacilityDataRatingLetter?pressReleaseId=81837,"Term Loan | Union Bank of India | IND AAA/Stable | rated amount 40000 (INR million, as published)",2026-09-09T16:43:55.547143+00:00
Bajaj Finance Limited,India Ratings,Term Loan — Union Bank of India,2026-06-23,4000.0,,INR 40000 million,0,,IND AAA,,Stable,,0,1,"The press release title states multiple actions (Assigned, Affirmed); which one applies to this instrument is not determinable from the facility endpoint, so it is not attributed.",bank_facility_rating_letter,163,2026-08-25,https://www.indiaratings.co.in/pressReleases/GetBankFacilityDataRatingLetter?pressReleaseId=81837,"Term Loan | Union Bank of India | IND AAA/Stable | rated amount 40000 (INR million, as published)",2026-09-09T16:43:55.547143+00:00
Bajaj Finance Limited,India Ratings,Term Loan — Union Bank of India,2026-07-23,1000.0,,INR 10000 million,0,,IND AAA,,Stable,,0,1,"The press release title states multiple actions (Assigned, Affirmed); which one applies to this instrument is not determinable from the facility endpoint, so it is not attributed.",bank_facility_rating_letter,121,2026-08-25,https://www.indiaratings.co.in/pressReleases/GetBankFacilityDataRatingLetter?pressReleaseId=81837,"Term Loan | Union Bank of India | IND AAA/Stable | rated amount 10000 (INR million, as published)",2026-09-09T16:43:55.547143+00:00
Bajaj Finance Limited,India Ratings,Term Loan — Union Bank of India,2026-08-07,5000.0,,INR 50000 million,0,,IND AAA,,Stable,,0,1,"The press release title states multiple actions (Assigned, Affirmed); which one applies to this instrument is not determinable from the facility endpoint, so it is not attributed.",bank_facility_rating_letter,79,2026-08-25,https://www.indiaratings.co.in/pressReleases/GetBankFacilityDataRatingLetter?pressReleaseId=81837,"Term Loan | Union Bank of India | IND AAA/Stable | rated amount 50000 (INR million, as published)",2026-09-09T16:43:55.547143+00:00
Bajaj Finance Limited,India Ratings,Term Loan — Union Bank of India,2026-08-25,5000.0,,INR 50000 million,0,,IND AAA,,Stable,,0,1,"The press release title states multiple actions (Assigned, Affirmed); which one applies to this instrument is not determinable from the facility endpoint, so it is not attributed.",bank_facility_rating_letter,38,2026-08-25,https://www.indiaratings.co.in/pressReleases/GetBankFacilityDataRatingLetter?pressReleaseId=81837,"Term Loan | Union Bank of India | IND AAA/Stable | rated amount 50000 (INR million, as published)",2026-09-09T16:43:55.547143+00:00
Bajaj Finance Limited,India Ratings,Term Loan — Yes Bank Ltd,2025-06-16,250.0,,INR 2500 million,0,,IND AAA,,Stable,,0,1,"The press release title states multiple actions (Assigned, Affirmed); which one applies to this instrument is not determinable from the facility endpoint, so it is not attributed.",bank_facility_rating_letter,313,2026-01-30,https://www.indiaratings.co.in/pressReleases/GetBankFacilityDataRatingLetter?pressReleaseId=76931,"Term Loan | Yes Bank Ltd | IND AAA/Stable | rated amount 2500 (INR million, as published)",2026-09-09T16:43:55.547143+00:00
Bajaj Finance Limited,India Ratings,Term Loan — Yes Bank Ltd,2025-06-24,250.0,,INR 2500 million,0,,IND AAA,,Stable,,0,1,"The press release title states multiple actions (Assigned, Affirmed); which one applies to this instrument is not determinable from the facility endpoint, so it is not attributed.",bank_facility_rating_letter,272,2026-01-30,https://www.indiaratings.co.in/pressReleases/GetBankFacilityDataRatingLetter?pressReleaseId=76931,"Term Loan | Yes Bank Ltd | IND AAA/Stable | rated amount 2500 (INR million, as published)",2026-09-09T16:43:55.547143+00:00
Bajaj Finance Limited,India Ratings,Term Loan — Yes Bank Ltd,2025-07-23,250.0,,INR 2500 million,0,,IND AAA,,Stable,,0,1,"The press release title states multiple actions (Assigned, Affirmed); which one applies to this instrument is not determinable from the facility endpoint, so it is not attributed.",bank_facility_rating_letter,232,2026-01-30,https://www.indiaratings.co.in/pressReleases/GetBankFacilityDataRatingLetter?pressReleaseId=76931,"Term Loan | Yes Bank Ltd | IND AAA/Stable | rated amount 2500 (INR million, as published)",2026-09-09T16:43:55.547143+00:00
Bajaj Finance Limited,India Ratings,Term Loan — Yes Bank Ltd,2025-08-29,250.0,,INR 2500 million,0,,IND AAA,,Stable,,0,1,"The press release title states multiple actions (Assigned, Affirmed); which one applies to this instrument is not determinable from the facility endpoint, so it is not attributed.",bank_facility_rating_letter,193,2026-01-30,https://www.indiaratings.co.in/pressReleases/GetBankFacilityDataRatingLetter?pressReleaseId=76931,"Term Loan | Yes Bank Ltd | IND AAA/Stable | rated amount 2500 (INR million, as published)",2026-09-09T16:43:55.547143+00:00
Bajaj Finance Limited,India Ratings,Term Loan — Yes Bank Ltd,2025-09-30,250.0,,INR 2500 million,0,,IND AAA,,Stable,,0,1,"The press release title states multiple actions (Assigned, Affirmed); which one applies to this instrument is not determinable from the facility endpoint, so it is not attributed.",bank_facility_rating_letter,154,2026-01-30,https://www.indiaratings.co.in/pressReleases/GetBankFacilityDataRatingLetter?pressReleaseId=76931,"Term Loan | Yes Bank Ltd | IND AAA/Stable | rated amount 2500 (INR million, as published)",2026-09-09T16:43:55.547143+00:00
Bajaj Finance Limited,India Ratings,Term Loan — Yes Bank Ltd,2025-12-01,250.0,,INR 2500 million,0,,IND AAA,,Stable,,0,1,"The press release title states multiple actions (Assigned, Affirmed); which one applies to this instrument is not determinable from the facility endpoint, so it is not attributed.",bank_facility_rating_letter,115,2026-01-30,https://www.indiaratings.co.in/pressReleases/GetBankFacilityDataRatingLetter?pressReleaseId=76931,"Term Loan | Yes Bank Ltd | IND AAA/Stable | rated amount 2500 (INR million, as published)",2026-09-09T16:43:55.547143+00:00
Bajaj Finance Limited,India Ratings,Term Loan — Yes Bank Ltd,2025-12-30,250.0,,INR 2500 million,0,,IND AAA,,Stable,,0,1,"The press release title states multiple actions (Assigned, Affirmed); which one applies to this instrument is not determinable from the facility endpoint, so it is not attributed.",bank_facility_rating_letter,76,2026-01-30,https://www.indiaratings.co.in/pressReleases/GetBankFacilityDataRatingLetter?pressReleaseId=76931,"Term Loan | Yes Bank Ltd | IND AAA/Stable | rated amount 2500 (INR million, as published)",2026-09-09T16:43:55.547143+00:00
Bajaj Finance Limited,India Ratings,Term Loan — Yes Bank Ltd,2026-01-30,250.0,,INR 2500 million,0,,IND AAA,,Stable,,0,1,"The press release title states multiple actions (Assigned, Affirmed); which one applies to this instrument is not determinable from the facility endpoint, so it is not attributed.",bank_facility_rating_letter,37,2026-01-30,https://www.indiaratings.co.in/pressReleases/GetBankFacilityDataRatingLetter?pressReleaseId=76931,"Term Loan | Yes Bank Ltd | IND AAA/Stable | rated amount 2500 (INR million, as published)",2026-09-09T16:43:55.547143+00:00
Bajaj Finance Limited,India Ratings,Term Loan — Yes Bank Ltd,2026-03-10,250.0,,INR 2500 million,0,,IND AAA,,Stable,,0,1,"The press release title states multiple actions (Assigned, Affirmed); which one applies to this instrument is not determinable from the facility endpoint, so it is not attributed.",bank_facility_rating_letter,332,2026-08-25,https://www.indiaratings.co.in/pressReleases/GetBankFacilityDataRatingLetter?pressReleaseId=81837,"Term Loan | Yes Bank Ltd | IND AAA/Stable | rated amount 2500 (INR million, as published)",2026-09-09T16:43:55.547143+00:00
Bajaj Finance Limited,India Ratings,Term Loan — Yes Bank Ltd,2026-03-30,250.0,,INR 2500 million,0,,IND AAA,,Stable,,0,1,"The press release title states multiple actions (Assigned, Affirmed); which one applies to this instrument is not determinable from the facility endpoint, so it is not attributed.",bank_facility_rating_letter,292,2026-08-25,https://www.indiaratings.co.in/pressReleases/GetBankFacilityDataRatingLetter?pressReleaseId=81837,"Term Loan | Yes Bank Ltd | IND AAA/Stable | rated amount 2500 (INR million, as published)",2026-09-09T16:43:55.547143+00:00
Bajaj Finance Limited,India Ratings,Term Loan — Yes Bank Ltd,2026-04-27,250.0,,INR 2500 million,0,,IND AAA,,Stable,,0,1,"The press release title states multiple actions (Assigned, Affirmed); which one applies to this instrument is not determinable from the facility endpoint, so it is not attributed.",bank_facility_rating_letter,249,2026-08-25,https://www.indiaratings.co.in/pressReleases/GetBankFacilityDataRatingLetter?pressReleaseId=81837,"Term Loan | Yes Bank Ltd | IND AAA/Stable | rated amount 2500 (INR million, as published)",2026-09-09T16:43:55.547143+00:00
Bajaj Finance Limited,India Ratings,Term Loan — Yes Bank Ltd,2026-05-26,250.0,,INR 2500 million,0,,IND AAA,,Stable,,0,1,"The press release title states multiple actions (Assigned, Affirmed); which one applies to this instrument is not determinable from the facility endpoint, so it is not attributed.",bank_facility_rating_letter,207,2026-08-25,https://www.indiaratings.co.in/pressReleases/GetBankFacilityDataRatingLetter?pressReleaseId=81837,"Term Loan | Yes Bank Ltd | IND AAA/Stable | rated amount 2500 (INR million, as published)",2026-09-09T16:43:55.547143+00:00
Bajaj Finance Limited,India Ratings,Term Loan — Yes Bank Ltd,2026-06-23,250.0,,INR 2500 million,0,,IND AAA,,Stable,,0,1,"The press release title states multiple actions (Assigned, Affirmed); which one applies to this instrument is not determinable from the facility endpoint, so it is not attributed.",bank_facility_rating_letter,165,2026-08-25,https://www.indiaratings.co.in/pressReleases/GetBankFacilityDataRatingLetter?pressReleaseId=81837,"Term Loan | Yes Bank Ltd | IND AAA/Stable | rated amount 2500 (INR million, as published)",2026-09-09T16:43:55.547143+00:00
Bajaj Finance Limited,India Ratings,Term Loan — Yes Bank Ltd,2026-07-23,250.0,,INR 2500 million,0,,IND AAA,,Stable,,0,1,"The press release title states multiple actions (Assigned, Affirmed); which one applies to this instrument is not determinable from the facility endpoint, so it is not attributed.",bank_facility_rating_letter,123,2026-08-25,https://www.indiaratings.co.in/pressReleases/GetBankFacilityDataRatingLetter?pressReleaseId=81837,"Term Loan | Yes Bank Ltd | IND AAA/Stable | rated amount 2500 (INR million, as published)",2026-09-09T16:43:55.547143+00:00
Bajaj Finance Limited,India Ratings,Term Loan — Yes Bank Ltd,2026-08-07,250.0,,INR 2500 million,0,,IND AAA,,Stable,,0,1,"The press release title states multiple actions (Assigned, Affirmed); which one applies to this instrument is not determinable from the facility endpoint, so it is not attributed.",bank_facility_rating_letter,81,2026-08-25,https://www.indiaratings.co.in/pressReleases/GetBankFacilityDataRatingLetter?pressReleaseId=81837,"Term Loan | Yes Bank Ltd | IND AAA/Stable | rated amount 2500 (INR million, as published)",2026-09-09T16:43:55.547143+00:00
Bajaj Finance Limited,India Ratings,Term loan — CTBC Bank,2025-06-16,100.0,,INR 1000 million,0,,IND AAA,,Stable,,0,1,"The press release title states multiple actions (Assigned, Affirmed); which one applies to this instrument is not determinable from the facility endpoint, so it is not attributed.",bank_facility_rating_letter,297,2026-01-30,https://www.indiaratings.co.in/pressReleases/GetBankFacilityDataRatingLetter?pressReleaseId=76931,"Term loan | CTBC Bank | IND AAA/Stable | rated amount 1000 (INR million, as published)",2026-09-09T16:43:55.547143+00:00
Bajaj Finance Limited,India Ratings,Term loan — Sumitomo Mitsui Banking Corporation,2026-03-10,900.0,,INR 9000 million,0,,IND A1+,,,,0,1,"The press release title states multiple actions (Assigned, Affirmed); which one applies to this instrument is not determinable from the facility endpoint, so it is not attributed.",bank_facility_rating_letter,329,2026-08-25,https://www.indiaratings.co.in/pressReleases/GetBankFacilityDataRatingLetter?pressReleaseId=81837,"Term loan | Sumitomo Mitsui Banking Corporation | IND A1+ | rated amount 9000 (INR million, as published)",2026-09-09T16:43:55.547143+00:00
Bajaj Finance Limited,India Ratings,Term loan — Woori Bank,2025-06-16,100.0,,INR 1000 million,0,,IND AAA,,Stable,,0,1,"The press release title states multiple actions (Assigned, Affirmed); which one applies to this instrument is not determinable from the facility endpoint, so it is not attributed.",bank_facility_rating_letter,312,2026-01-30,https://www.indiaratings.co.in/pressReleases/GetBankFacilityDataRatingLetter?pressReleaseId=76931,"Term loan | Woori Bank | IND AAA/Stable | rated amount 1000 (INR million, as published)",2026-09-09T16:43:55.547143+00:00
Bajaj Finance Limited,India Ratings,Term loan — Woori Bank,2025-06-24,100.0,,INR 1000 million,0,,IND AAA,,Stable,,0,1,"The press release title states multiple actions (Assigned, Affirmed); which one applies to this instrument is not determinable from the facility endpoint, so it is not attributed.",bank_facility_rating_letter,271,2026-01-30,https://www.indiaratings.co.in/pressReleases/GetBankFacilityDataRatingLetter?pressReleaseId=76931,"Term loan | Woori Bank | IND AAA/Stable | rated amount 1000 (INR million, as published)",2026-09-09T16:43:55.547143+00:00
Bajaj Finance Limited,India Ratings,Term loan — Woori Bank,2025-07-23,100.0,,INR 1000 million,0,,IND AAA,,Stable,,0,1,"The press release title states multiple actions (Assigned, Affirmed); which one applies to this instrument is not determinable from the facility endpoint, so it is not attributed.",bank_facility_rating_letter,231,2026-01-30,https://www.indiaratings.co.in/pressReleases/GetBankFacilityDataRatingLetter?pressReleaseId=76931,"Term loan | Woori Bank | IND AAA/Stable | rated amount 1000 (INR million, as published)",2026-09-09T16:43:55.547143+00:00
Bajaj Finance Limited,India Ratings,Term loan — Woori Bank,2025-08-29,100.0,,INR 1000 million,0,,IND AAA,,Stable,,0,1,"The press release title states multiple actions (Assigned, Affirmed); which one applies to this instrument is not determinable from the facility endpoint, so it is not attributed.",bank_facility_rating_letter,192,2026-01-30,https://www.indiaratings.co.in/pressReleases/GetBankFacilityDataRatingLetter?pressReleaseId=76931,"Term loan | Woori Bank | IND AAA/Stable | rated amount 1000 (INR million, as published)",2026-09-09T16:43:55.547143+00:00
Bajaj Finance Limited,India Ratings,Term loan — Woori Bank,2025-09-30,100.0,,INR 1000 million,0,,IND AAA,,Stable,,0,1,"The press release title states multiple actions (Assigned, Affirmed); which one applies to this instrument is not determinable from the facility endpoint, so it is not attributed.",bank_facility_rating_letter,153,2026-01-30,https://www.indiaratings.co.in/pressReleases/GetBankFacilityDataRatingLetter?pressReleaseId=76931,"Term loan | Woori Bank | IND AAA/Stable | rated amount 1000 (INR million, as published)",2026-09-09T16:43:55.547143+00:00
Bajaj Finance Limited,India Ratings,Term loan — Woori Bank,2025-12-01,100.0,,INR 1000 million,0,,IND AAA,,Stable,,0,1,"The press release title states multiple actions (Assigned, Affirmed); which one applies to this instrument is not determinable from the facility endpoint, so it is not attributed.",bank_facility_rating_letter,114,2026-01-30,https://www.indiaratings.co.in/pressReleases/GetBankFacilityDataRatingLetter?pressReleaseId=76931,"Term loan | Woori Bank | IND AAA/Stable | rated amount 1000 (INR million, as published)",2026-09-09T16:43:55.547143+00:00
Bajaj Finance Limited,India Ratings,Term loan — Woori Bank,2025-12-30,100.0,,INR 1000 million,0,,IND AAA,,Stable,,0,1,"The press release title states multiple actions (Assigned, Affirmed); which one applies to this instrument is not determinable from the facility endpoint, so it is not attributed.",bank_facility_rating_letter,75,2026-01-30,https://www.indiaratings.co.in/pressReleases/GetBankFacilityDataRatingLetter?pressReleaseId=76931,"Term loan | Woori Bank | IND AAA/Stable | rated amount 1000 (INR million, as published)",2026-09-09T16:43:55.547143+00:00
Bajaj Finance Limited,India Ratings,Term loan — Woori Bank,2026-01-30,100.0,,INR 1000 million,0,,IND AAA,,Stable,,0,1,"The press release title states multiple actions (Assigned, Affirmed); which one applies to this instrument is not determinable from the facility endpoint, so it is not attributed.",bank_facility_rating_letter,36,2026-01-30,https://www.indiaratings.co.in/pressReleases/GetBankFacilityDataRatingLetter?pressReleaseId=76931,"Term loan | Woori Bank | IND AAA/Stable | rated amount 1000 (INR million, as published)",2026-09-09T16:43:55.547143+00:00
Bajaj Finance Limited,India Ratings,Term loan — Woori Bank,2026-03-10,100.0,,INR 1000 million,0,,IND AAA,,Stable,,0,1,"The press release title states multiple actions (Assigned, Affirmed); which one applies to this instrument is not determinable from the facility endpoint, so it is not attributed.",bank_facility_rating_letter,331,2026-08-25,https://www.indiaratings.co.in/pressReleases/GetBankFacilityDataRatingLetter?pressReleaseId=81837,"Term loan | Woori Bank | IND AAA/Stable | rated amount 1000 (INR million, as published)",2026-09-09T16:43:55.547143+00:00
Bajaj Finance Limited,India Ratings,Term loan — Woori Bank,2026-03-30,100.0,,INR 1000 million,0,,IND AAA,,Stable,,0,1,"The press release title states multiple actions (Assigned, Affirmed); which one applies to this instrument is not determinable from the facility endpoint, so it is not attributed.",bank_facility_rating_letter,291,2026-08-25,https://www.indiaratings.co.in/pressReleases/GetBankFacilityDataRatingLetter?pressReleaseId=81837,"Term loan | Woori Bank | IND AAA/Stable | rated amount 1000 (INR million, as published)",2026-09-09T16:43:55.547143+00:00
Bajaj Finance Limited,India Ratings,Term loan — Woori Bank,2026-04-27,100.0,,INR 1000 million,0,,IND AAA,,Stable,,0,1,"The press release title states multiple actions (Assigned, Affirmed); which one applies to this instrument is not determinable from the facility endpoint, so it is not attributed.",bank_facility_rating_letter,248,2026-08-25,https://www.indiaratings.co.in/pressReleases/GetBankFacilityDataRatingLetter?pressReleaseId=81837,"Term loan | Woori Bank | IND AAA/Stable | rated amount 1000 (INR million, as published)",2026-09-09T16:43:55.547143+00:00
Bajaj Finance Limited,India Ratings,Term loan — Woori Bank,2026-05-26,100.0,,INR 1000 million,0,,IND AAA,,Stable,,0,1,"The press release title states multiple actions (Assigned, Affirmed); which one applies to this instrument is not determinable from the facility endpoint, so it is not attributed.",bank_facility_rating_letter,206,2026-08-25,https://www.indiaratings.co.in/pressReleases/GetBankFacilityDataRatingLetter?pressReleaseId=81837,"Term loan | Woori Bank | IND AAA/Stable | rated amount 1000 (INR million, as published)",2026-09-09T16:43:55.547143+00:00
Bajaj Finance Limited,India Ratings,Term loan — Woori Bank,2026-06-23,100.0,,INR 1000 million,0,,IND AAA,,Stable,,0,1,"The press release title states multiple actions (Assigned, Affirmed); which one applies to this instrument is not determinable from the facility endpoint, so it is not attributed.",bank_facility_rating_letter,164,2026-08-25,https://www.indiaratings.co.in/pressReleases/GetBankFacilityDataRatingLetter?pressReleaseId=81837,"Term loan | Woori Bank | IND AAA/Stable | rated amount 1000 (INR million, as published)",2026-09-09T16:43:55.547143+00:00
Bajaj Finance Limited,India Ratings,Term loan — Woori Bank,2026-07-23,100.0,,INR 1000 million,0,,IND AAA,,Stable,,0,1,"The press release title states multiple actions (Assigned, Affirmed); which one applies to this instrument is not determinable from the facility endpoint, so it is not attributed.",bank_facility_rating_letter,122,2026-08-25,https://www.indiaratings.co.in/pressReleases/GetBankFacilityDataRatingLetter?pressReleaseId=81837,"Term loan | Woori Bank | IND AAA/Stable | rated amount 1000 (INR million, as published)",2026-09-09T16:43:55.547143+00:00
Bajaj Finance Limited,India Ratings,Term loan — Woori Bank,2026-08-07,100.0,,INR 1000 million,0,,IND AAA,,Stable,,0,1,"The press release title states multiple actions (Assigned, Affirmed); which one applies to this instrument is not determinable from the facility endpoint, so it is not attributed.",bank_facility_rating_letter,80,2026-08-25,https://www.indiaratings.co.in/pressReleases/GetBankFacilityDataRatingLetter?pressReleaseId=81837,"Term loan | Woori Bank | IND AAA/Stable | rated amount 1000 (INR million, as published)",2026-09-09T16:43:55.547143+00:00
Bajaj Finance Limited,India Ratings,Term loan — Woori Bank,2026-08-25,100.0,,INR 1000 million,0,,IND AAA,,Stable,,0,1,"The press release title states multiple actions (Assigned, Affirmed); which one applies to this instrument is not determinable from the facility endpoint, so it is not attributed.",bank_facility_rating_letter,39,2026-08-25,https://www.indiaratings.co.in/pressReleases/GetBankFacilityDataRatingLetter?pressReleaseId=81837,"Term loan | Woori Bank | IND AAA/Stable | rated amount 1000 (INR million, as published)",2026-09-09T16:43:55.547143+00:00
Cholamandalam Investment And Finance Company Limited,CRISIL,Commercial Paper,2023-02-28,,,,0,,Crisil A1+,,,,0,1,"Oldest entry in the displayed history window; no prior rating is shown, so the action that produced it is unknown.",rating_history_annexure,,2026-02-24,https://www.crisilratings.com/mnt/winshare/Ratings/RatingList/RatingDocs/CholamandalamInvestmentandFinanceCompanyLimited_February%2024_%202026_RR_388994.html,28-02-23 Crisil A1+,2026-09-10T15:56:14.352846+00:00
Cholamandalam Investment And Finance Company Limited,CRISIL,Commercial Paper,2024-02-28,,,,0,Crisil A1+,Crisil A1+,,,Reaffirmed,1,0,,rating_history_annexure,,2026-02-24,https://www.crisilratings.com/mnt/winshare/Ratings/RatingList/RatingDocs/CholamandalamInvestmentandFinanceCompanyLimited_February%2024_%202026_RR_388994.html,28-02-24 Crisil A1+,2026-09-10T15:56:14.352846+00:00
Cholamandalam Investment And Finance Company Limited,CRISIL,Commercial Paper,2025-02-27,,,,0,Crisil A1+,Crisil A1+,,,Reaffirmed,1,0,,rating_history_annexure,,2026-02-24,https://www.crisilratings.com/mnt/winshare/Ratings/RatingList/RatingDocs/CholamandalamInvestmentandFinanceCompanyLimited_February%2024_%202026_RR_388994.html,27-02-25 Crisil A1+,2026-09-10T15:56:14.352846+00:00
Cholamandalam Investment And Finance Company Limited,CRISIL,Commercial Paper,2025-12-30,,,,0,Crisil A1+,Crisil A1+,,,Reaffirmed,1,0,,rating_history_annexure,,2026-02-24,https://www.crisilratings.com/mnt/winshare/Ratings/RatingList/RatingDocs/CholamandalamInvestmentandFinanceCompanyLimited_February%2024_%202026_RR_388994.html,30-12-25 Crisil A1+,2026-09-10T15:56:14.352846+00:00
Cholamandalam Investment And Finance Company Limited,CRISIL,Commercial Paper,2026-02-24,12000.0,,Rs.12000Crore,0,,Crisil A1+,,,Reaffirmed,1,0,,header_action_table,0,2026-02-24,https://www.crisilratings.com/mnt/winshare/Ratings/RatingList/RatingDocs/CholamandalamInvestmentandFinanceCompanyLimited_February%2024_%202026_RR_388994.html,Rs.12000 Crore Commercial Paper | Crisil A1+ (Reaffirmed),2026-09-10T15:56:14.352846+00:00
Cholamandalam Investment And Finance Company Limited,ICRA,"13,807.05 NCD programme (public placement) 195.56",2026-09-02,,13807.05,,0,,,,Positive,Reaffirmed,0,1,Could not read an explicit rating and action from the summary table cell: '(Positive); reaffirmed SEBI (Positive); reaffirmed and',summary_of_rating_action,2,2026-09-02,https://www.icra.in/Rating/GetRationalReportFilePdf?id=145427,"13,807.05 NCD programme (public placement) 195.56 | prev 13,807.05 | curr - | (Positive); reaffirmed SEBI (Positive); reaffirmed and",2026-09-09T16:54:44.652901+00:00
Cholamandalam Investment And Finance Company Limited,ICRA,"13,807.05 NCD programme (public placement) 195.56",2026-09-02,,,,0,,,,,,0,1,Could not read an explicit rating and action from the summary table cell: 'SEBI',summary_of_rating_action,3,2026-09-02,https://www.icra.in/Rating/GetRationalReportFilePdf?id=145427,"13,807.05 NCD programme (public placement) 195.56 | prev - | curr - | SEBI",2026-09-09T16:54:44.652901+00:00
Cholamandalam Investment And Finance Company Limited,ICRA,"32,180.90 Non-convertible debenture (NCD) programme 2,002.00",2026-09-02,,32180.9,[ICRA]AA+,0,,,,Positive,Reaffirmed,0,1,Could not read an explicit rating and action from the summary table cell: '(Positive); reaffirmed SEBI (Positive); reaffirmed and',summary_of_rating_action,0,2026-09-02,https://www.icra.in/Rating/GetRationalReportFilePdf?id=145427,"32,180.90 Non-convertible debenture (NCD) programme 2,002.00 | prev 32,180.90 | curr [ICRA]AA+ | (Positive); reaffirmed SEBI (Positive); reaffirmed and",2026-09-09T16:54:44.652901+00:00
Cholamandalam Investment And Finance Company Limited,ICRA,"32,180.90 Non-convertible debenture (NCD) programme 2,002.00",2026-09-02,,,,0,,,,,,0,1,Could not read an explicit rating and action from the summary table cell: 'SEBI',summary_of_rating_action,1,2026-09-02,https://www.icra.in/Rating/GetRationalReportFilePdf?id=145427,"32,180.90 Non-convertible debenture (NCD) programme 2,002.00 | prev - | curr - | SEBI",2026-09-09T16:54:44.652901+00:00
Cholamandalam Investment And Finance Company Limited,ICRA,"Commercial paper 25,000.00",2026-09-02,,25000.0,[ICRA]A1+;,0,,,,,,0,1,Could not read an explicit rating and action from the summary table cell: 'reaffirmed RBI',summary_of_rating_action,11,2026-09-02,https://www.icra.in/Rating/GetRationalReportFilePdf?id=145427,"Commercial paper 25,000.00 | prev 25,000.00 | curr [ICRA]A1+; | reaffirmed RBI",2026-09-09T16:54:44.652901+00:00
Cholamandalam Investment And Finance Company Limited,ICRA,"Fund-based facilities from 4,000.00",2026-09-02,,4000.0,,0,,,,,,0,1,Could not read an explicit rating and action from the summary table cell: 'RBI',summary_of_rating_action,9,2026-09-02,https://www.icra.in/Rating/GetRationalReportFilePdf?id=145427,"Fund-based facilities from 4,000.00 | prev 4,000.00 | curr - | RBI",2026-09-09T16:54:44.652901+00:00
Cholamandalam Investment And Finance Company Limited,ICRA,"Long term/Short term – Fund- 1,21,000.04 based/Non-fund based others",2026-09-02,,171000.04,reaffirmed/assigned,0,,,,,,0,1,Could not read an explicit rating and action from the summary table cell: 'for enhanced RBI',summary_of_rating_action,8,2026-09-02,https://www.icra.in/Rating/GetRationalReportFilePdf?id=145427,"Long term/Short term – Fund- 1,21,000.04 based/Non-fund based others | prev 1,71,000.04 | curr reaffirmed/assigned | for enhanced RBI",2026-09-09T16:54:44.652901+00:00
Cholamandalam Investment And Finance Company Limited,ICRA,Market-linked debentures 200.00,2026-09-02,,200.0,,0,,,,,,0,1,Could not read an explicit rating and action from the summary table cell: 'SEBI',summary_of_rating_action,7,2026-09-02,https://www.icra.in/Rating/GetRationalReportFilePdf?id=145427,Market-linked debentures 200.00 | prev 200.00 | curr - | SEBI,2026-09-09T16:54:44.652901+00:00
Cholamandalam Investment And Finance Company Limited,ICRA,PDI 514.00,2026-09-02,,514.0,[ICRA]AA (Positive);,0,,,,,,0,1,Could not read an explicit rating and action from the summary table cell: 'reaffirmed MCA',summary_of_rating_action,6,2026-09-02,https://www.icra.in/Rating/GetRationalReportFilePdf?id=145427,PDI 514.00 | prev 514.00 | curr [ICRA]AA (Positive); | reaffirmed MCA,2026-09-09T16:54:44.652901+00:00
Cholamandalam Investment And Finance Company Limited,ICRA,"Perpetual debt instrument (PDI) 6,462.30",2026-09-02,,6462.3,[ICRA]AA (Positive);,0,,,,,,0,1,Could not read an explicit rating and action from the summary table cell: 'reaffirmed SEBI',summary_of_rating_action,5,2026-09-02,https://www.icra.in/Rating/GetRationalReportFilePdf?id=145427,"Perpetual debt instrument (PDI) 6,462.30 | prev 6,462.30 | curr [ICRA]AA (Positive); | reaffirmed SEBI",2026-09-09T16:54:44.652901+00:00
Cholamandalam Investment And Finance Company Limited,ICRA,Sub-limit – Non-fund based (100.00),2026-09-02,,100.0,[ICRA]AA+,0,,,,Positive,Reaffirmed,0,1,Could not read an explicit rating and action from the summary table cell: '(Positive); reaffirmed RBI',summary_of_rating_action,10,2026-09-02,https://www.icra.in/Rating/GetRationalReportFilePdf?id=145427,Sub-limit – Non-fund based (100.00) | prev (100.00) | curr [ICRA]AA+ | (Positive); reaffirmed RBI,2026-09-09T16:54:44.652901+00:00
Cholamandalam Investment And Finance Company Limited,ICRA,"Subordinated debentures 18,310.00",2026-09-02,,18310.0,[ICRA]AA+,0,,,,Positive,Reaffirmed,0,1,Could not read an explicit rating and action from the summary table cell: '(Positive); reaffirmed SEBI',summary_of_rating_action,4,2026-09-02,https://www.icra.in/Rating/GetRationalReportFilePdf?id=145427,"Subordinated debentures 18,310.00 | prev 18,310.00 | curr [ICRA]AA+ | (Positive); reaffirmed SEBI",2026-09-09T16:54:44.652901+00:00
Power Finance Corporation Limited,CRISIL,Bank Loan Facilities (Long Term),2026-08-05,10000.0,,Rs.10000.0 Crore,0,,Crisil AAA,,Stable,Reaffirmed,1,0,,header_action_table,0,2023-02-13,https://www.crisilratings.com/mnt/winshare/Ratings/RatingList/RatingDocs/PowerFinanceCorporationLimited_August%2005_%202026_RR_401595.html,Long Term Rating | Crisil AAA/Stable (Reaffirmed),2026-09-10T15:57:00.772760+00:00
Power Finance Corporation Limited,CRISIL,Bond,2023-02-13,,,,0,,Crisil AAA,,Stable,,0,1,"Oldest entry in the displayed history window; no prior rating is shown, so the action that produced it is unknown.",rating_history_annexure,,2023-02-13,https://www.crisilratings.com/mnt/winshare/Ratings/RatingList/RatingDocs/PowerFinanceCorporationLimited_August%2005_%202026_RR_401595.html,13-02-23 Crisil AAA/Stable,2026-09-09T17:07:11.184029+00:00
Power Finance Corporation Limited,CRISIL,Bond,2023-03-30,,,,0,Crisil AAA,Crisil AAA,,Stable,Reaffirmed,1,0,,rating_history_annexure,,2023-02-13,https://www.crisilratings.com/mnt/winshare/Ratings/RatingList/RatingDocs/PowerFinanceCorporationLimited_August%2005_%202026_RR_401595.html,30-03-23 Crisil AAA/Stable,2026-09-09T17:07:11.184029+00:00
Power Finance Corporation Limited,CRISIL,Bond,2023-04-12,,,,0,Crisil AAA,Crisil AAA,,Stable,Reaffirmed,1,0,,rating_history_annexure,,2023-02-13,https://www.crisilratings.com/mnt/winshare/Ratings/RatingList/RatingDocs/PowerFinanceCorporationLimited_August%2005_%202026_RR_401595.html,12-04-23 Crisil AAA/Stable,2026-09-09T17:07:11.184029+00:00
Power Finance Corporation Limited,CRISIL,Bond,2023-08-01,,,,0,Crisil AAA,Crisil AAA,,Stable,Reaffirmed,1,0,,rating_history_annexure,,2023-02-13,https://www.crisilratings.com/mnt/winshare/Ratings/RatingList/RatingDocs/PowerFinanceCorporationLimited_August%2005_%202026_RR_401595.html,01-08-23 Crisil AAA/Stable,2026-09-09T17:07:11.184029+00:00
Power Finance Corporation Limited,CRISIL,Bond,2023-09-20,,,,0,Crisil AAA,Crisil AAA,,Stable,Reaffirmed,1,0,,rating_history_annexure,,2023-02-13,https://www.crisilratings.com/mnt/winshare/Ratings/RatingList/RatingDocs/PowerFinanceCorporationLimited_August%2005_%202026_RR_401595.html,20-09-23 Crisil AAA/Stable,2026-09-09T17:07:11.184029+00:00
Power Finance Corporation Limited,CRISIL,Bond,2023-10-25,,,,0,Crisil AAA,Crisil AAA,,Stable,Reaffirmed,1,0,,rating_history_annexure,,2023-02-13,https://www.crisilratings.com/mnt/winshare/Ratings/RatingList/RatingDocs/PowerFinanceCorporationLimited_August%2005_%202026_RR_401595.html,25-10-23 Crisil AAA/Stable,2026-09-09T17:07:11.184029+00:00
Power Finance Corporation Limited,CRISIL,Bond,2024-01-25,,,,0,Crisil AAA,Crisil AAA,,Stable,Reaffirmed,1,0,,rating_history_annexure,,2023-02-13,https://www.crisilratings.com/mnt/winshare/Ratings/RatingList/RatingDocs/PowerFinanceCorporationLimited_August%2005_%202026_RR_401595.html,25-01-24 Crisil AAA/Stable,2026-09-09T17:07:11.184029+00:00
Power Finance Corporation Limited,CRISIL,Bond,2024-03-22,,,,0,Crisil AAA,Crisil AAA,,Stable,Reaffirmed,1,0,,rating_history_annexure,,2023-02-13,https://www.crisilratings.com/mnt/winshare/Ratings/RatingList/RatingDocs/PowerFinanceCorporationLimited_August%2005_%202026_RR_401595.html,22-03-24 Crisil AAA/Stable,2026-09-09T17:07:11.184029+00:00
Power Finance Corporation Limited,CRISIL,Bond,2025-03-21,,,,0,Crisil AAA,Crisil AAA,,Stable,Reaffirmed,1,0,,rating_history_annexure,,2023-02-13,https://www.crisilratings.com/mnt/winshare/Ratings/RatingList/RatingDocs/PowerFinanceCorporationLimited_August%2005_%202026_RR_401595.html,21-03-25 Crisil AAA/Stable,2026-09-09T17:07:11.184029+00:00
Power Finance Corporation Limited,CRISIL,Bond,2025-03-27,,,,0,Crisil AAA,Crisil AAA,,Stable,Reaffirmed,1,0,,rating_history_annexure,,2023-02-13,https://www.crisilratings.com/mnt/winshare/Ratings/RatingList/RatingDocs/PowerFinanceCorporationLimited_August%2005_%202026_RR_401595.html,27-03-25 Crisil AAA/Stable,2026-09-09T17:07:11.184029+00:00
Power Finance Corporation Limited,CRISIL,Bond,2025-05-21,,,,0,Crisil AAA,Crisil AAA,,Stable,Reaffirmed,1,0,,rating_history_annexure,,2023-02-13,https://www.crisilratings.com/mnt/winshare/Ratings/RatingList/RatingDocs/PowerFinanceCorporationLimited_August%2005_%202026_RR_401595.html,21-05-25 Crisil AAA/Stable,2026-09-09T17:07:11.184029+00:00
Power Finance Corporation Limited,CRISIL,Bond,2025-07-29,,,,0,Crisil AAA,Crisil AAA,,Stable,Reaffirmed,1,0,,rating_history_annexure,,2023-02-13,https://www.crisilratings.com/mnt/winshare/Ratings/RatingList/RatingDocs/PowerFinanceCorporationLimited_August%2005_%202026_RR_401595.html,29-07-25 Crisil AAA/Stable,2026-09-09T17:07:11.184029+00:00
Power Finance Corporation Limited,CRISIL,Bond,2026-02-17,,,,0,Crisil AAA,Crisil AAA,,Stable,Reaffirmed,1,0,,rating_history_annexure,,2023-02-13,https://www.crisilratings.com/mnt/winshare/Ratings/RatingList/RatingDocs/PowerFinanceCorporationLimited_August%2005_%202026_RR_401595.html,17-02-26 Crisil AAA/Stable,2026-09-09T17:07:11.184029+00:00
Power Finance Corporation Limited,CRISIL,Bond,2026-03-26,,,,0,Crisil AAA,Crisil AAA,,Stable,Reaffirmed,1,0,,rating_history_annexure,,2023-02-13,https://www.crisilratings.com/mnt/winshare/Ratings/RatingList/RatingDocs/PowerFinanceCorporationLimited_August%2005_%202026_RR_401595.html,26-03-26 Crisil AAA/Stable,2026-09-09T17:07:11.184029+00:00
Power Finance Corporation Limited,CRISIL,Bond,2026-07-06,,,,0,Crisil AAA,Crisil AAA,,Stable,Reaffirmed,1,0,,rating_history_annexure,,2023-02-13,https://www.crisilratings.com/mnt/winshare/Ratings/RatingList/RatingDocs/PowerFinanceCorporationLimited_August%2005_%202026_RR_401595.html,06-07-26 Crisil AAA/Stable,2026-09-09T17:07:11.184029+00:00
Power Finance Corporation Limited,CRISIL,Bonds Aggregating #,2026-08-05,16081.48,,Rs.16081.48Crore,0,,Crisil AAA,,Stable,Reaffirmed,1,0,,header_action_table,10,2023-02-13,https://www.crisilratings.com/mnt/winshare/Ratings/RatingList/RatingDocs/PowerFinanceCorporationLimited_August%2005_%202026_RR_401595.html,Bonds A ggregating Rs . 16 081.48 C rore# | Crisil AAA/Stable (Reaffirmed),2026-09-10T15:57:00.772760+00:00
Power Finance Corporation Limited,CRISIL,Fund Based Facilities,2023-02-13,,,,0,,Crisil AAA,,Stable,,0,1,"Oldest entry in the displayed history window; no prior rating is shown, so the action that produced it is unknown.",rating_history_annexure,,2023-02-13,https://www.crisilratings.com/mnt/winshare/Ratings/RatingList/RatingDocs/PowerFinanceCorporationLimited_August%2005_%202026_RR_401595.html,13-02-23 Crisil AAA/Stable,2026-09-09T17:07:11.184029+00:00
Power Finance Corporation Limited,CRISIL,Fund Based Facilities,2023-03-30,,,,0,Crisil AAA,Crisil AAA,,Stable,Reaffirmed,1,0,,rating_history_annexure,,2023-02-13,https://www.crisilratings.com/mnt/winshare/Ratings/RatingList/RatingDocs/PowerFinanceCorporationLimited_August%2005_%202026_RR_401595.html,30-03-23 Crisil AAA/Stable,2026-09-09T17:07:11.184029+00:00
Power Finance Corporation Limited,CRISIL,Fund Based Facilities,2023-04-12,,,,0,Crisil AAA,Crisil AAA,,Stable,Reaffirmed,1,0,,rating_history_annexure,,2023-02-13,https://www.crisilratings.com/mnt/winshare/Ratings/RatingList/RatingDocs/PowerFinanceCorporationLimited_August%2005_%202026_RR_401595.html,12-04-23 Crisil AAA/Stable,2026-09-09T17:07:11.184029+00:00
Power Finance Corporation Limited,CRISIL,Fund Based Facilities,2023-08-01,,,,0,Crisil AAA,Crisil AAA,,Stable,Reaffirmed,1,0,,rating_history_annexure,,2023-02-13,https://www.crisilratings.com/mnt/winshare/Ratings/RatingList/RatingDocs/PowerFinanceCorporationLimited_August%2005_%202026_RR_401595.html,01-08-23 Crisil AAA/Stable,2026-09-09T17:07:11.184029+00:00
Power Finance Corporation Limited,CRISIL,Fund Based Facilities,2023-09-20,,,,0,Crisil AAA,Crisil AAA,,Stable,Reaffirmed,1,0,,rating_history_annexure,,2023-02-13,https://www.crisilratings.com/mnt/winshare/Ratings/RatingList/RatingDocs/PowerFinanceCorporationLimited_August%2005_%202026_RR_401595.html,20-09-23 Crisil AAA/Stable,2026-09-09T17:07:11.184029+00:00
Power Finance Corporation Limited,CRISIL,Fund Based Facilities,2023-10-25,,,,0,Crisil AAA,Crisil AAA,,Stable,Reaffirmed,1,0,,rating_history_annexure,,2023-02-13,https://www.crisilratings.com/mnt/winshare/Ratings/RatingList/RatingDocs/PowerFinanceCorporationLimited_August%2005_%202026_RR_401595.html,25-10-23 Crisil AAA/Stable,2026-09-09T17:07:11.184029+00:00
Power Finance Corporation Limited,CRISIL,Fund Based Facilities,2024-01-25,,,,0,Crisil AAA,Crisil AAA,,Stable,Reaffirmed,1,0,,rating_history_annexure,,2023-02-13,https://www.crisilratings.com/mnt/winshare/Ratings/RatingList/RatingDocs/PowerFinanceCorporationLimited_August%2005_%202026_RR_401595.html,25-01-24 Crisil AAA/Stable,2026-09-09T17:07:11.184029+00:00
Power Finance Corporation Limited,CRISIL,Fund Based Facilities,2024-03-22,,,,0,Crisil AAA,Crisil AAA,,Stable,Reaffirmed,1,0,,rating_history_annexure,,2023-02-13,https://www.crisilratings.com/mnt/winshare/Ratings/RatingList/RatingDocs/PowerFinanceCorporationLimited_August%2005_%202026_RR_401595.html,22-03-24 Crisil AAA/Stable,2026-09-09T17:07:11.184029+00:00
Power Finance Corporation Limited,CRISIL,Fund Based Facilities,2025-03-21,,,,0,Crisil AAA,Crisil AAA,,Stable,Reaffirmed,1,0,,rating_history_annexure,,2023-02-13,https://www.crisilratings.com/mnt/winshare/Ratings/RatingList/RatingDocs/PowerFinanceCorporationLimited_August%2005_%202026_RR_401595.html,21-03-25 Crisil AAA/Stable,2026-09-09T17:07:11.184029+00:00
Power Finance Corporation Limited,CRISIL,Fund Based Facilities,2025-03-27,,,,0,Crisil AAA,Crisil AAA,,Stable,Reaffirmed,1,0,,rating_history_annexure,,2023-02-13,https://www.crisilratings.com/mnt/winshare/Ratings/RatingList/RatingDocs/PowerFinanceCorporationLimited_August%2005_%202026_RR_401595.html,27-03-25 Crisil AAA/Stable,2026-09-09T17:07:11.184029+00:00
Power Finance Corporation Limited,CRISIL,Fund Based Facilities,2025-05-21,,,,0,Crisil AAA,Crisil AAA,,Stable,Reaffirmed,1,0,,rating_history_annexure,,2023-02-13,https://www.crisilratings.com/mnt/winshare/Ratings/RatingList/RatingDocs/PowerFinanceCorporationLimited_August%2005_%202026_RR_401595.html,21-05-25 Crisil AAA/Stable,2026-09-09T17:07:11.184029+00:00
Power Finance Corporation Limited,CRISIL,Fund Based Facilities,2025-07-29,,,,0,Crisil AAA,Crisil AAA,,Stable,Reaffirmed,1,0,,rating_history_annexure,,2023-02-13,https://www.crisilratings.com/mnt/winshare/Ratings/RatingList/RatingDocs/PowerFinanceCorporationLimited_August%2005_%202026_RR_401595.html,29-07-25 Crisil AAA/Stable,2026-09-09T17:07:11.184029+00:00
Power Finance Corporation Limited,CRISIL,Fund Based Facilities,2026-02-17,,,,0,Crisil AAA,Crisil AAA,,Stable,Reaffirmed,1,0,,rating_history_annexure,,2023-02-13,https://www.crisilratings.com/mnt/winshare/Ratings/RatingList/RatingDocs/PowerFinanceCorporationLimited_August%2005_%202026_RR_401595.html,17-02-26 Crisil AAA/Stable,2026-09-09T17:07:11.184029+00:00
Power Finance Corporation Limited,CRISIL,Fund Based Facilities,2026-03-26,,,,0,Crisil AAA,Crisil AAA,,Stable,Reaffirmed,1,0,,rating_history_annexure,,2023-02-13,https://www.crisilratings.com/mnt/winshare/Ratings/RatingList/RatingDocs/PowerFinanceCorporationLimited_August%2005_%202026_RR_401595.html,26-03-26 Crisil AAA/Stable,2026-09-09T17:07:11.184029+00:00
Power Finance Corporation Limited,CRISIL,Fund Based Facilities,2026-07-06,,,,0,Crisil AAA,Crisil AAA,,Stable,Reaffirmed,1,0,,rating_history_annexure,,2023-02-13,https://www.crisilratings.com/mnt/winshare/Ratings/RatingList/RatingDocs/PowerFinanceCorporationLimited_August%2005_%202026_RR_401595.html,06-07-26 Crisil AAA/Stable,2026-09-09T17:07:11.184029+00:00
Power Finance Corporation Limited,CRISIL,Long Term Borrowing Programme Aggregating ~,2026-08-05,390326.83,,Rs.390326.83Crore,0,,Crisil AAA,,Stable,Reaffirmed,1,0,,header_action_table,7,2023-02-13,https://www.crisilratings.com/mnt/winshare/Ratings/RatingList/RatingDocs/PowerFinanceCorporationLimited_August%2005_%202026_RR_401595.html,Long Term Borrowing Programme A ggregating Rs . 3 90 326.83 C rore (Reduced from Rs . 4 07 193.49 C rore)~ | Crisil AAA/Stable (Reaffirmed),2026-09-10T15:57:00.772760+00:00
Power Finance Corporation Limited,CRISIL,Long Term Borrowing programme%,2026-08-05,130000.0,,Rs.130000Crore,0,,Crisil AAA,,Stable,Reaffirmed,1,0,,header_action_table,2,2023-02-13,https://www.crisilratings.com/mnt/winshare/Ratings/RatingList/RatingDocs/PowerFinanceCorporationLimited_August%2005_%202026_RR_401595.html,Rs . 130 000 C rore Long Term Borrowing programme % | Crisil AAA/Stable (Reaffirmed),2026-09-10T15:57:00.772760+00:00
Power Finance Corporation Limited,CRISIL,Long Term Borrowing programme% *,2026-08-05,10000.0,,Rs.10000Crore,0,,Crisil AAA,,Stable,Reaffirmed,1,0,,header_action_table,1,2023-02-13,https://www.crisilratings.com/mnt/winshare/Ratings/RatingList/RatingDocs/PowerFinanceCorporationLimited_August%2005_%202026_RR_401595.html,Rs . 10 000 C rore Long Term Borrowing programme % * | Crisil AAA/Stable (Reaffirmed),2026-09-10T15:57:00.772760+00:00
Power Finance Corporation Limited,CRISIL,Long Term Borrowing programme^,2026-08-05,115000.0,,Rs.115000Crore,0,,Crisil AAA,,Stable,Reaffirmed,1,0,,header_action_table,5,2023-02-13,https://www.crisilratings.com/mnt/winshare/Ratings/RatingList/RatingDocs/PowerFinanceCorporationLimited_August%2005_%202026_RR_401595.html,Rs . 115 000 C rore Long Term Borrowing programme^ | Crisil AAA/Stable (Reaffirmed),2026-09-10T15:57:00.772760+00:00
Power Finance Corporation Limited,CRISIL,Long Term Borrowing programme^*,2026-08-05,10000.0,,Rs.10000Crore,0,,Crisil AAA,,Stable,Reaffirmed,1,0,,header_action_table,4,2023-02-13,https://www.crisilratings.com/mnt/winshare/Ratings/RatingList/RatingDocs/PowerFinanceCorporationLimited_August%2005_%202026_RR_401595.html,Rs . 10 000 C rore Long Term Borrowing progra mme^* | Crisil AAA/Stable (Reaffirmed),2026-09-10T15:57:00.772760+00:00
Power Finance Corporation Limited,CRISIL,Long-Term Borrowing Programme,2023-02-13,,,,0,,Crisil AAA,,Stable,,0,1,"Oldest entry in the displayed history window; no prior rating is shown, so the action that produced it is unknown.",rating_history_annexure,,2023-02-13,https://www.crisilratings.com/mnt/winshare/Ratings/RatingList/RatingDocs/PowerFinanceCorporationLimited_August%2005_%202026_RR_401595.html,13-02-23 Crisil AAA/Stable,2026-09-09T17:07:11.184029+00:00
Power Finance Corporation Limited,CRISIL,Long-Term Borrowing Programme,2023-03-30,,,,0,Crisil AAA,Crisil AAA,,Stable,Reaffirmed,1,0,,rating_history_annexure,,2023-02-13,https://www.crisilratings.com/mnt/winshare/Ratings/RatingList/RatingDocs/PowerFinanceCorporationLimited_August%2005_%202026_RR_401595.html,30-03-23 Crisil AAA/Stable,2026-09-09T17:07:11.184029+00:00
Power Finance Corporation Limited,CRISIL,Long-Term Borrowing Programme,2023-04-12,,,,0,Crisil AAA,Crisil AAA,,Stable,Reaffirmed,1,0,,rating_history_annexure,,2023-02-13,https://www.crisilratings.com/mnt/winshare/Ratings/RatingList/RatingDocs/PowerFinanceCorporationLimited_August%2005_%202026_RR_401595.html,12-04-23 Crisil AAA/Stable,2026-09-09T17:07:11.184029+00:00
Power Finance Corporation Limited,CRISIL,Long-Term Borrowing Programme,2023-08-01,,,,0,Crisil AAA,Crisil AAA,,Stable,Reaffirmed,1,0,,rating_history_annexure,,2023-02-13,https://www.crisilratings.com/mnt/winshare/Ratings/RatingList/RatingDocs/PowerFinanceCorporationLimited_August%2005_%202026_RR_401595.html,01-08-23 Crisil AAA/Stable,2026-09-09T17:07:11.184029+00:00
Power Finance Corporation Limited,CRISIL,Long-Term Borrowing Programme,2023-09-20,,,,0,Crisil AAA,Crisil AAA,,Stable,Reaffirmed,1,0,,rating_history_annexure,,2023-02-13,https://www.crisilratings.com/mnt/winshare/Ratings/RatingList/RatingDocs/PowerFinanceCorporationLimited_August%2005_%202026_RR_401595.html,20-09-23 Crisil AAA/Stable,2026-09-09T17:07:11.184029+00:00
Power Finance Corporation Limited,CRISIL,Long-Term Borrowing Programme,2023-10-25,,,,0,Crisil AAA,Crisil AAA,,Stable,Reaffirmed,1,0,,rating_history_annexure,,2023-02-13,https://www.crisilratings.com/mnt/winshare/Ratings/RatingList/RatingDocs/PowerFinanceCorporationLimited_August%2005_%202026_RR_401595.html,25-10-23 Crisil AAA/Stable,2026-09-09T17:07:11.184029+00:00
Power Finance Corporation Limited,CRISIL,Long-Term Borrowing Programme,2024-01-25,,,,0,Crisil AAA,Crisil AAA,,Stable,Reaffirmed,1,0,,rating_history_annexure,,2023-02-13,https://www.crisilratings.com/mnt/winshare/Ratings/RatingList/RatingDocs/PowerFinanceCorporationLimited_August%2005_%202026_RR_401595.html,25-01-24 Crisil AAA/Stable,2026-09-09T17:07:11.184029+00:00
Power Finance Corporation Limited,CRISIL,Long-Term Borrowing Programme,2024-03-22,,,,0,Crisil AAA,Crisil AAA,,Stable,Reaffirmed,1,0,,rating_history_annexure,,2023-02-13,https://www.crisilratings.com/mnt/winshare/Ratings/RatingList/RatingDocs/PowerFinanceCorporationLimited_August%2005_%202026_RR_401595.html,22-03-24 Crisil AAA/Stable,2026-09-09T17:07:11.184029+00:00
Power Finance Corporation Limited,CRISIL,Long-Term Borrowing Programme,2025-03-21,,,,0,Crisil AAA,Crisil AAA,,Stable,Reaffirmed,1,0,,rating_history_annexure,,2023-02-13,https://www.crisilratings.com/mnt/winshare/Ratings/RatingList/RatingDocs/PowerFinanceCorporationLimited_August%2005_%202026_RR_401595.html,21-03-25 Crisil AAA/Stable,2026-09-09T17:07:11.184029+00:00
Power Finance Corporation Limited,CRISIL,Long-Term Borrowing Programme,2025-03-27,,,,0,Crisil AAA,Crisil AAA,,Stable,Reaffirmed,1,0,,rating_history_annexure,,2023-02-13,https://www.crisilratings.com/mnt/winshare/Ratings/RatingList/RatingDocs/PowerFinanceCorporationLimited_August%2005_%202026_RR_401595.html,27-03-25 Crisil AAA/Stable,2026-09-09T17:07:11.184029+00:00
Power Finance Corporation Limited,CRISIL,Long-Term Borrowing Programme,2025-05-21,,,,0,Crisil AAA,Crisil AAA,,Stable,Reaffirmed,1,0,,rating_history_annexure,,2023-02-13,https://www.crisilratings.com/mnt/winshare/Ratings/RatingList/RatingDocs/PowerFinanceCorporationLimited_August%2005_%202026_RR_401595.html,21-05-25 Crisil AAA/Stable,2026-09-09T17:07:11.184029+00:00
Power Finance Corporation Limited,CRISIL,Long-Term Borrowing Programme,2025-07-29,,,,0,Crisil AAA,Crisil AAA,,Stable,Reaffirmed,1,0,,rating_history_annexure,,2023-02-13,https://www.crisilratings.com/mnt/winshare/Ratings/RatingList/RatingDocs/PowerFinanceCorporationLimited_August%2005_%202026_RR_401595.html,29-07-25 Crisil AAA/Stable,2026-09-09T17:07:11.184029+00:00
Power Finance Corporation Limited,CRISIL,Long-Term Borrowing Programme,2026-02-17,,,,0,Crisil AAA,Crisil AAA,,Stable,Reaffirmed,1,0,,rating_history_annexure,,2023-02-13,https://www.crisilratings.com/mnt/winshare/Ratings/RatingList/RatingDocs/PowerFinanceCorporationLimited_August%2005_%202026_RR_401595.html,17-02-26 Crisil AAA/Stable,2026-09-09T17:07:11.184029+00:00
Power Finance Corporation Limited,CRISIL,Long-Term Borrowing Programme,2026-03-26,,,,0,Crisil AAA,Crisil AAA,,Stable,Reaffirmed,1,0,,rating_history_annexure,,2023-02-13,https://www.crisilratings.com/mnt/winshare/Ratings/RatingList/RatingDocs/PowerFinanceCorporationLimited_August%2005_%202026_RR_401595.html,26-03-26 Crisil AAA/Stable,2026-09-09T17:07:11.184029+00:00
Power Finance Corporation Limited,CRISIL,Long-Term Borrowing Programme,2026-07-06,,,,0,Crisil AAA,Crisil AAA,,Stable,Reaffirmed,1,0,,rating_history_annexure,,2023-02-13,https://www.crisilratings.com/mnt/winshare/Ratings/RatingList/RatingDocs/PowerFinanceCorporationLimited_August%2005_%202026_RR_401595.html,06-07-26 Crisil AAA/Stable,2026-09-09T17:07:11.184029+00:00
Power Finance Corporation Limited,CRISIL,Perpetual Non Convertible Debentures,2023-02-13,,,,0,,Crisil AAA,,Stable,,0,1,"Oldest entry in the displayed history window; no prior rating is shown, so the action that produced it is unknown.",rating_history_annexure,,2023-02-13,https://www.crisilratings.com/mnt/winshare/Ratings/RatingList/RatingDocs/PowerFinanceCorporationLimited_August%2005_%202026_RR_401595.html,13-02-23 Crisil AAA/Stable,2026-09-09T17:07:11.184029+00:00
Power Finance Corporation Limited,CRISIL,Perpetual Non Convertible Debentures,2023-03-30,,,,0,Crisil AAA,Crisil AAA,,Stable,Reaffirmed,1,0,,rating_history_annexure,,2023-02-13,https://www.crisilratings.com/mnt/winshare/Ratings/RatingList/RatingDocs/PowerFinanceCorporationLimited_August%2005_%202026_RR_401595.html,30-03-23 Crisil AAA/Stable,2026-09-09T17:07:11.184029+00:00
Power Finance Corporation Limited,CRISIL,Perpetual Non Convertible Debentures,2023-04-12,,,,0,Crisil AAA,Crisil AAA,,Stable,Reaffirmed,1,0,,rating_history_annexure,,2023-02-13,https://www.crisilratings.com/mnt/winshare/Ratings/RatingList/RatingDocs/PowerFinanceCorporationLimited_August%2005_%202026_RR_401595.html,12-04-23 Crisil AAA/Stable,2026-09-09T17:07:11.184029+00:00
Power Finance Corporation Limited,CRISIL,Perpetual Non Convertible Debentures,2023-08-01,,,,0,Crisil AAA,Crisil AAA,,Stable,Reaffirmed,1,0,,rating_history_annexure,,2023-02-13,https://www.crisilratings.com/mnt/winshare/Ratings/RatingList/RatingDocs/PowerFinanceCorporationLimited_August%2005_%202026_RR_401595.html,01-08-23 Crisil AAA/Stable,2026-09-09T17:07:11.184029+00:00
Power Finance Corporation Limited,CRISIL,Perpetual Non Convertible Debentures,2023-09-20,,,,0,Crisil AAA,Crisil AAA,,Stable,Reaffirmed,1,0,,rating_history_annexure,,2023-02-13,https://www.crisilratings.com/mnt/winshare/Ratings/RatingList/RatingDocs/PowerFinanceCorporationLimited_August%2005_%202026_RR_401595.html,20-09-23 Crisil AAA/Stable,2026-09-09T17:07:11.184029+00:00
Power Finance Corporation Limited,CRISIL,Perpetual Non Convertible Debentures,2023-10-25,,,,0,Crisil AAA,Crisil AAA,,Stable,Reaffirmed,1,0,,rating_history_annexure,,2023-02-13,https://www.crisilratings.com/mnt/winshare/Ratings/RatingList/RatingDocs/PowerFinanceCorporationLimited_August%2005_%202026_RR_401595.html,25-10-23 Crisil AAA/Stable,2026-09-09T17:07:11.184029+00:00
Power Finance Corporation Limited,CRISIL,Perpetual Non Convertible Debentures,2024-01-25,,,,0,Crisil AAA,Crisil AAA,,Stable,Reaffirmed,1,0,,rating_history_annexure,,2023-02-13,https://www.crisilratings.com/mnt/winshare/Ratings/RatingList/RatingDocs/PowerFinanceCorporationLimited_August%2005_%202026_RR_401595.html,25-01-24 Crisil AAA/Stable,2026-09-09T17:07:11.184029+00:00
Power Finance Corporation Limited,CRISIL,Perpetual Non Convertible Debentures,2024-03-22,,,,0,Crisil AAA,Crisil AAA,,Stable,Reaffirmed,1,0,,rating_history_annexure,,2023-02-13,https://www.crisilratings.com/mnt/winshare/Ratings/RatingList/RatingDocs/PowerFinanceCorporationLimited_August%2005_%202026_RR_401595.html,22-03-24 Crisil AAA/Stable,2026-09-09T17:07:11.184029+00:00
Power Finance Corporation Limited,CRISIL,Perpetual Non Convertible Debentures,2025-03-21,,,,0,Crisil AAA,Crisil AAA,,Stable,Reaffirmed,1,0,,rating_history_annexure,,2023-02-13,https://www.crisilratings.com/mnt/winshare/Ratings/RatingList/RatingDocs/PowerFinanceCorporationLimited_August%2005_%202026_RR_401595.html,21-03-25 Crisil AAA/Stable,2026-09-09T17:07:11.184029+00:00
Power Finance Corporation Limited,CRISIL,Perpetual Non Convertible Debentures,2025-03-27,,,,0,Crisil AAA,Crisil AAA,,Stable,Reaffirmed,1,0,,rating_history_annexure,,2023-02-13,https://www.crisilratings.com/mnt/winshare/Ratings/RatingList/RatingDocs/PowerFinanceCorporationLimited_August%2005_%202026_RR_401595.html,27-03-25 Crisil AAA/Stable,2026-09-09T17:07:11.184029+00:00
Power Finance Corporation Limited,CRISIL,Perpetual Non Convertible Debentures,2025-05-21,,,,0,Crisil AAA,Crisil AAA,,Stable,Reaffirmed,1,0,,rating_history_annexure,,2023-02-13,https://www.crisilratings.com/mnt/winshare/Ratings/RatingList/RatingDocs/PowerFinanceCorporationLimited_August%2005_%202026_RR_401595.html,21-05-25 Crisil AAA/Stable,2026-09-09T17:07:11.184029+00:00
Power Finance Corporation Limited,CRISIL,Perpetual Non Convertible Debentures,2025-07-29,,,,0,Crisil AAA,Crisil AAA,,Stable,Reaffirmed,1,0,,rating_history_annexure,,2023-02-13,https://www.crisilratings.com/mnt/winshare/Ratings/RatingList/RatingDocs/PowerFinanceCorporationLimited_August%2005_%202026_RR_401595.html,29-07-25 Crisil AAA/Stable,2026-09-09T17:07:11.184029+00:00
Power Finance Corporation Limited,CRISIL,Perpetual Non Convertible Debentures,2026-02-17,,,,0,Crisil AAA,Crisil AAA,,Stable,Reaffirmed,1,0,,rating_history_annexure,,2023-02-13,https://www.crisilratings.com/mnt/winshare/Ratings/RatingList/RatingDocs/PowerFinanceCorporationLimited_August%2005_%202026_RR_401595.html,17-02-26 Crisil AAA/Stable,2026-09-09T17:07:11.184029+00:00
Power Finance Corporation Limited,CRISIL,Short Term Borrowing Programme~,2026-08-05,1347.25,,Rs.1347.25Crore,0,,Crisil A1+,,,Reaffirmed,1,0,,header_action_table,8,2023-02-13,https://www.crisilratings.com/mnt/winshare/Ratings/RatingList/RatingDocs/PowerFinanceCorporationLimited_August%2005_%202026_RR_401595.html,Short Term Borrowing Programme Aggregating Rs . 1 347.25 C rore~ | Crisil A1+ (Reaffirmed),2026-09-10T15:57:00.772760+00:00
Power Finance Corporation Limited,CRISIL,Short Term Borrowing programme,2023-02-13,,,,0,,Crisil A1+,,,,0,1,"Oldest entry in the displayed history window; no prior rating is shown, so the action that produced it is unknown.",rating_history_annexure,,2023-02-13,https://www.crisilratings.com/mnt/winshare/Ratings/RatingList/RatingDocs/PowerFinanceCorporationLimited_August%2005_%202026_RR_401595.html,13-02-23 Crisil A1+,2026-09-09T17:07:11.184029+00:00
Power Finance Corporation Limited,CRISIL,Short Term Borrowing programme,2023-03-30,,,,0,Crisil A1+,Crisil A1+,,,Reaffirmed,1,0,,rating_history_annexure,,2023-02-13,https://www.crisilratings.com/mnt/winshare/Ratings/RatingList/RatingDocs/PowerFinanceCorporationLimited_August%2005_%202026_RR_401595.html,30-03-23 Crisil A1+,2026-09-09T17:07:11.184029+00:00
Power Finance Corporation Limited,CRISIL,Short Term Borrowing programme,2023-04-12,,,,0,Crisil A1+,Crisil A1+,,,Reaffirmed,1,0,,rating_history_annexure,,2023-02-13,https://www.crisilratings.com/mnt/winshare/Ratings/RatingList/RatingDocs/PowerFinanceCorporationLimited_August%2005_%202026_RR_401595.html,12-04-23 Crisil A1+,2026-09-09T17:07:11.184029+00:00
Power Finance Corporation Limited,CRISIL,Short Term Borrowing programme,2023-08-01,,,,0,Crisil A1+,Crisil A1+,,,Reaffirmed,1,0,,rating_history_annexure,,2023-02-13,https://www.crisilratings.com/mnt/winshare/Ratings/RatingList/RatingDocs/PowerFinanceCorporationLimited_August%2005_%202026_RR_401595.html,01-08-23 Crisil A1+,2026-09-09T17:07:11.184029+00:00
Power Finance Corporation Limited,CRISIL,Short Term Borrowing programme,2023-09-20,,,,0,Crisil A1+,Crisil A1+,,,Reaffirmed,1,0,,rating_history_annexure,,2023-02-13,https://www.crisilratings.com/mnt/winshare/Ratings/RatingList/RatingDocs/PowerFinanceCorporationLimited_August%2005_%202026_RR_401595.html,20-09-23 Crisil A1+,2026-09-09T17:07:11.184029+00:00
Power Finance Corporation Limited,CRISIL,Short Term Borrowing programme,2023-10-25,,,,0,Crisil A1+,Crisil A1+,,,Reaffirmed,1,0,,rating_history_annexure,,2023-02-13,https://www.crisilratings.com/mnt/winshare/Ratings/RatingList/RatingDocs/PowerFinanceCorporationLimited_August%2005_%202026_RR_401595.html,25-10-23 Crisil A1+,2026-09-09T17:07:11.184029+00:00
Power Finance Corporation Limited,CRISIL,Short Term Borrowing programme,2024-01-25,,,,0,Crisil A1+,Crisil A1+,,,Reaffirmed,1,0,,rating_history_annexure,,2023-02-13,https://www.crisilratings.com/mnt/winshare/Ratings/RatingList/RatingDocs/PowerFinanceCorporationLimited_August%2005_%202026_RR_401595.html,25-01-24 Crisil A1+,2026-09-09T17:07:11.184029+00:00
Power Finance Corporation Limited,CRISIL,Short Term Borrowing programme,2024-03-22,,,,0,Crisil A1+,Crisil A1+,,,Reaffirmed,1,0,,rating_history_annexure,,2023-02-13,https://www.crisilratings.com/mnt/winshare/Ratings/RatingList/RatingDocs/PowerFinanceCorporationLimited_August%2005_%202026_RR_401595.html,22-03-24 Crisil A1+,2026-09-09T17:07:11.184029+00:00
Power Finance Corporation Limited,CRISIL,Short Term Borrowing programme,2025-03-21,,,,0,Crisil A1+,Crisil A1+,,,Reaffirmed,1,0,,rating_history_annexure,,2023-02-13,https://www.crisilratings.com/mnt/winshare/Ratings/RatingList/RatingDocs/PowerFinanceCorporationLimited_August%2005_%202026_RR_401595.html,21-03-25 Crisil A1+,2026-09-09T17:07:11.184029+00:00
Power Finance Corporation Limited,CRISIL,Short Term Borrowing programme,2025-03-27,,,,0,Crisil A1+,Crisil A1+,,,Reaffirmed,1,0,,rating_history_annexure,,2023-02-13,https://www.crisilratings.com/mnt/winshare/Ratings/RatingList/RatingDocs/PowerFinanceCorporationLimited_August%2005_%202026_RR_401595.html,27-03-25 Crisil A1+,2026-09-09T17:07:11.184029+00:00
Power Finance Corporation Limited,CRISIL,Short Term Borrowing programme,2025-05-21,,,,0,Crisil A1+,Crisil A1+,,,Reaffirmed,1,0,,rating_history_annexure,,2023-02-13,https://www.crisilratings.com/mnt/winshare/Ratings/RatingList/RatingDocs/PowerFinanceCorporationLimited_August%2005_%202026_RR_401595.html,21-05-25 Crisil A1+,2026-09-09T17:07:11.184029+00:00
Power Finance Corporation Limited,CRISIL,Short Term Borrowing programme,2025-07-29,,,,0,Crisil A1+,Crisil A1+,,,Reaffirmed,1,0,,rating_history_annexure,,2023-02-13,https://www.crisilratings.com/mnt/winshare/Ratings/RatingList/RatingDocs/PowerFinanceCorporationLimited_August%2005_%202026_RR_401595.html,29-07-25 Crisil A1+,2026-09-09T17:07:11.184029+00:00
Power Finance Corporation Limited,CRISIL,Short Term Borrowing programme,2026-02-17,,,,0,Crisil A1+,Crisil A1+,,,Reaffirmed,1,0,,rating_history_annexure,,2023-02-13,https://www.crisilratings.com/mnt/winshare/Ratings/RatingList/RatingDocs/PowerFinanceCorporationLimited_August%2005_%202026_RR_401595.html,17-02-26 Crisil A1+,2026-09-09T17:07:11.184029+00:00
Power Finance Corporation Limited,CRISIL,Short Term Borrowing programme,2026-03-26,,,,0,Crisil A1+,Crisil A1+,,,Reaffirmed,1,0,,rating_history_annexure,,2023-02-13,https://www.crisilratings.com/mnt/winshare/Ratings/RatingList/RatingDocs/PowerFinanceCorporationLimited_August%2005_%202026_RR_401595.html,26-03-26 Crisil A1+,2026-09-09T17:07:11.184029+00:00
Power Finance Corporation Limited,CRISIL,Short Term Borrowing programme,2026-07-06,,,,0,Crisil A1+,Crisil A1+,,,Reaffirmed,1,0,,rating_history_annexure,,2023-02-13,https://www.crisilratings.com/mnt/winshare/Ratings/RatingList/RatingDocs/PowerFinanceCorporationLimited_August%2005_%202026_RR_401595.html,06-07-26 Crisil A1+,2026-09-09T17:07:11.184029+00:00
Power Finance Corporation Limited,CRISIL,Short Term Borrowing programme%,2026-08-05,20000.0,,Rs.20000Crore,0,,Crisil A1+,,,Reaffirmed,1,0,,header_action_table,3,2023-02-13,https://www.crisilratings.com/mnt/winshare/Ratings/RatingList/RatingDocs/PowerFinanceCorporationLimited_August%2005_%202026_RR_401595.html,Rs . 20 000 C rore Short Term Borrowing programme % | Crisil A1+ (Reaffirmed),2026-09-10T15:57:00.772760+00:00
Power Finance Corporation Limited,CRISIL,Short Term Borrowing programme^,2026-08-05,15000.0,,Rs.15000Crore,0,,Crisil A1+,,,Reaffirmed,1,0,,header_action_table,6,2023-02-13,https://www.crisilratings.com/mnt/winshare/Ratings/RatingList/RatingDocs/PowerFinanceCorporationLimited_August%2005_%202026_RR_401595.html,Rs . 15 000 C rore Short Term Borrowing programme^ | Crisil A1+ (Reaffirmed),2026-09-10T15:57:00.772760+00:00
Power Finance Corporation Limited,CRISIL,Subordinated Non Convertible Debentures Aggregating,2026-08-05,11000.0,,Rs.11000Crore,0,,Crisil AAA,,,Reaffirmed,1,0,,header_action_table,9,2023-02-13,https://www.crisilratings.com/mnt/winshare/Ratings/RatingList/RatingDocs/PowerFinanceCorporationLimited_August%2005_%202026_RR_401595.html,Subordinated Non Convertible Debentures A ggregating Rs . 11 000 C rore | Crisil AAA/S table (Reaffirmed),2026-09-10T15:57:00.772760+00:00
Power Finance Corporation Limited,CRISIL,Subordinated Non-Convertible Debentures,2023-02-13,,,,0,,Crisil AAA,,Stable,,0,1,"Oldest entry in the displayed history window; no prior rating is shown, so the action that produced it is unknown.",rating_history_annexure,,2023-02-13,https://www.crisilratings.com/mnt/winshare/Ratings/RatingList/RatingDocs/PowerFinanceCorporationLimited_August%2005_%202026_RR_401595.html,13-02-23 Crisil AAA/Stable,2026-09-09T17:07:11.184029+00:00
Power Finance Corporation Limited,CRISIL,Subordinated Non-Convertible Debentures,2023-03-30,,,,0,Crisil AAA,Crisil AAA,,Stable,Reaffirmed,1,0,,rating_history_annexure,,2023-02-13,https://www.crisilratings.com/mnt/winshare/Ratings/RatingList/RatingDocs/PowerFinanceCorporationLimited_August%2005_%202026_RR_401595.html,30-03-23 Crisil AAA/Stable,2026-09-09T17:07:11.184029+00:00
Power Finance Corporation Limited,CRISIL,Subordinated Non-Convertible Debentures,2023-04-12,,,,0,Crisil AAA,Crisil AAA,,Stable,Reaffirmed,1,0,,rating_history_annexure,,2023-02-13,https://www.crisilratings.com/mnt/winshare/Ratings/RatingList/RatingDocs/PowerFinanceCorporationLimited_August%2005_%202026_RR_401595.html,12-04-23 Crisil AAA/Stable,2026-09-09T17:07:11.184029+00:00
Power Finance Corporation Limited,CRISIL,Subordinated Non-Convertible Debentures,2023-08-01,,,,0,Crisil AAA,Crisil AAA,,Stable,Reaffirmed,1,0,,rating_history_annexure,,2023-02-13,https://www.crisilratings.com/mnt/winshare/Ratings/RatingList/RatingDocs/PowerFinanceCorporationLimited_August%2005_%202026_RR_401595.html,01-08-23 Crisil AAA/Stable,2026-09-09T17:07:11.184029+00:00
Power Finance Corporation Limited,CRISIL,Subordinated Non-Convertible Debentures,2023-09-20,,,,0,Crisil AAA,Crisil AAA,,Stable,Reaffirmed,1,0,,rating_history_annexure,,2023-02-13,https://www.crisilratings.com/mnt/winshare/Ratings/RatingList/RatingDocs/PowerFinanceCorporationLimited_August%2005_%202026_RR_401595.html,20-09-23 Crisil AAA/Stable,2026-09-09T17:07:11.184029+00:00
Power Finance Corporation Limited,CRISIL,Subordinated Non-Convertible Debentures,2023-10-25,,,,0,Crisil AAA,Crisil AAA,,Stable,Reaffirmed,1,0,,rating_history_annexure,,2023-02-13,https://www.crisilratings.com/mnt/winshare/Ratings/RatingList/RatingDocs/PowerFinanceCorporationLimited_August%2005_%202026_RR_401595.html,25-10-23 Crisil AAA/Stable,2026-09-09T17:07:11.184029+00:00
Power Finance Corporation Limited,CRISIL,Subordinated Non-Convertible Debentures,2024-01-25,,,,0,Crisil AAA,Crisil AAA,,Stable,Reaffirmed,1,0,,rating_history_annexure,,2023-02-13,https://www.crisilratings.com/mnt/winshare/Ratings/RatingList/RatingDocs/PowerFinanceCorporationLimited_August%2005_%202026_RR_401595.html,25-01-24 Crisil AAA/Stable,2026-09-09T17:07:11.184029+00:00
Power Finance Corporation Limited,CRISIL,Subordinated Non-Convertible Debentures,2024-03-22,,,,0,Crisil AAA,Crisil AAA,,Stable,Reaffirmed,1,0,,rating_history_annexure,,2023-02-13,https://www.crisilratings.com/mnt/winshare/Ratings/RatingList/RatingDocs/PowerFinanceCorporationLimited_August%2005_%202026_RR_401595.html,22-03-24 Crisil AAA/Stable,2026-09-09T17:07:11.184029+00:00
Power Finance Corporation Limited,CRISIL,Subordinated Non-Convertible Debentures,2025-03-21,,,,0,Crisil AAA,Crisil AAA,,Stable,Reaffirmed,1,0,,rating_history_annexure,,2023-02-13,https://www.crisilratings.com/mnt/winshare/Ratings/RatingList/RatingDocs/PowerFinanceCorporationLimited_August%2005_%202026_RR_401595.html,21-03-25 Crisil AAA/Stable,2026-09-09T17:07:11.184029+00:00
Power Finance Corporation Limited,CRISIL,Subordinated Non-Convertible Debentures,2025-03-27,,,,0,Crisil AAA,Crisil AAA,,Stable,Reaffirmed,1,0,,rating_history_annexure,,2023-02-13,https://www.crisilratings.com/mnt/winshare/Ratings/RatingList/RatingDocs/PowerFinanceCorporationLimited_August%2005_%202026_RR_401595.html,27-03-25 Crisil AAA/Stable,2026-09-09T17:07:11.184029+00:00
Power Finance Corporation Limited,CRISIL,Subordinated Non-Convertible Debentures,2025-05-21,,,,0,Crisil AAA,Crisil AAA,,Stable,Reaffirmed,1,0,,rating_history_annexure,,2023-02-13,https://www.crisilratings.com/mnt/winshare/Ratings/RatingList/RatingDocs/PowerFinanceCorporationLimited_August%2005_%202026_RR_401595.html,21-05-25 Crisil AAA/Stable,2026-09-09T17:07:11.184029+00:00
Power Finance Corporation Limited,CRISIL,Subordinated Non-Convertible Debentures,2025-07-29,,,,0,Crisil AAA,Crisil AAA,,Stable,Reaffirmed,1,0,,rating_history_annexure,,2023-02-13,https://www.crisilratings.com/mnt/winshare/Ratings/RatingList/RatingDocs/PowerFinanceCorporationLimited_August%2005_%202026_RR_401595.html,29-07-25 Crisil AAA/Stable,2026-09-09T17:07:11.184029+00:00
Power Finance Corporation Limited,CRISIL,Subordinated Non-Convertible Debentures,2026-02-17,,,,0,Crisil AAA,Crisil AAA,,Stable,Reaffirmed,1,0,,rating_history_annexure,,2023-02-13,https://www.crisilratings.com/mnt/winshare/Ratings/RatingList/RatingDocs/PowerFinanceCorporationLimited_August%2005_%202026_RR_401595.html,17-02-26 Crisil AAA/Stable,2026-09-09T17:07:11.184029+00:00
Power Finance Corporation Limited,CRISIL,Subordinated Non-Convertible Debentures,2026-03-26,,,,0,Crisil AAA,Crisil AAA,,Stable,Reaffirmed,1,0,,rating_history_annexure,,2023-02-13,https://www.crisilratings.com/mnt/winshare/Ratings/RatingList/RatingDocs/PowerFinanceCorporationLimited_August%2005_%202026_RR_401595.html,26-03-26 Crisil AAA/Stable,2026-09-09T17:07:11.184029+00:00
Power Finance Corporation Limited,CRISIL,Subordinated Non-Convertible Debentures,2026-07-06,,,,0,Crisil AAA,Crisil AAA,,Stable,Reaffirmed,1,0,,rating_history_annexure,,2023-02-13,https://www.crisilratings.com/mnt/winshare/Ratings/RatingList/RatingDocs/PowerFinanceCorporationLimited_August%2005_%202026_RR_401595.html,06-07-26 Crisil AAA/Stable,2026-09-09T17:07:11.184029+00:00
Power Finance Corporation Limited,India Ratings,Bank Loan — Bank of Baroda,2025-04-23,1410.345,,INR 14103.45 million,0,,IND A,,Stable,,0,1,"The press release title states multiple actions (Assigned, Affirmed); which one applies to this instrument is not determinable from the facility endpoint, so it is not attributed.",bank_facility_rating_letter,8,2025-04-29,https://www.indiaratings.co.in/pressReleases/GetBankFacilityDataRatingLetter?pressReleaseId=76305,"Bank Loan | Bank of Baroda | IND A(CE)/Stable | rated amount 14103.45 (INR million, as published)",2026-09-09T16:45:21.491896+00:00
Power Finance Corporation Limited,India Ratings,Bank Loan — Bank of Baroda,2025-04-29,1410.345,,INR 14103.45 million,0,,IND A,,Stable,,0,1,"The press release title states multiple actions (Assigned, Affirmed); which one applies to this instrument is not determinable from the facility endpoint, so it is not attributed.",bank_facility_rating_letter,0,2025-04-29,https://www.indiaratings.co.in/pressReleases/GetBankFacilityDataRatingLetter?pressReleaseId=76305,"Bank Loan | Bank of Baroda | IND A(CE)/Stable | rated amount 14103.45 (INR million, as published)",2026-09-09T16:45:21.491896+00:00
Power Finance Corporation Limited,India Ratings,Bank Loan — Bank of Baroda,2026-07-09,936.606,,INR 9366.06 million,0,,IND A,,Stable,Affirmed,1,0,,bank_facility_rating_letter,0,2026-07-09,https://www.indiaratings.co.in/pressReleases/GetBankFacilityDataRatingLetter?pressReleaseId=84119,"Bank Loan | Bank of Baroda | IND A(CE)/Stable | rated amount 9366.06 (INR million, as published)",2026-09-09T16:45:21.491896+00:00
Power Finance Corporation Limited,India Ratings,Bank Loan — Bank of India,2025-04-23,2692.333,,INR 26923.33 million,0,,IND A,,Stable,,0,1,"The press release title states multiple actions (Assigned, Affirmed); which one applies to this instrument is not determinable from the facility endpoint, so it is not attributed.",bank_facility_rating_letter,9,2025-04-29,https://www.indiaratings.co.in/pressReleases/GetBankFacilityDataRatingLetter?pressReleaseId=76305,"Bank Loan | Bank of India | IND A(CE)/Stable | rated amount 26923.33 (INR million, as published)",2026-09-09T16:45:21.491896+00:00
Power Finance Corporation Limited,India Ratings,Bank Loan — Bank of India,2025-04-29,2692.333,,INR 26923.33 million,0,,IND A,,Stable,,0,1,"The press release title states multiple actions (Assigned, Affirmed); which one applies to this instrument is not determinable from the facility endpoint, so it is not attributed.",bank_facility_rating_letter,1,2025-04-29,https://www.indiaratings.co.in/pressReleases/GetBankFacilityDataRatingLetter?pressReleaseId=76305,"Bank Loan | Bank of India | IND A(CE)/Stable | rated amount 26923.33 (INR million, as published)",2026-09-09T16:45:21.491896+00:00
Power Finance Corporation Limited,India Ratings,Bank Loan — Bank of India,2026-07-09,2045.2630000000001,,INR 20452.63 million,0,,IND A,,Stable,Affirmed,1,0,,bank_facility_rating_letter,1,2026-07-09,https://www.indiaratings.co.in/pressReleases/GetBankFacilityDataRatingLetter?pressReleaseId=84119,"Bank Loan | Bank of India | IND A(CE)/Stable | rated amount 20452.63 (INR million, as published)",2026-09-09T16:45:21.491896+00:00
Power Finance Corporation Limited,India Ratings,Bank Loan — Canara Bank,2025-04-23,1915.173,,INR 19151.73 million,0,,IND A,,Stable,,0,1,"The press release title states multiple actions (Assigned, Affirmed); which one applies to this instrument is not determinable from the facility endpoint, so it is not attributed.",bank_facility_rating_letter,10,2025-04-29,https://www.indiaratings.co.in/pressReleases/GetBankFacilityDataRatingLetter?pressReleaseId=76305,"Bank Loan | Canara Bank | IND A(CE)/Stable | rated amount 19151.73 (INR million, as published)",2026-09-09T16:45:21.491896+00:00
Power Finance Corporation Limited,India Ratings,Bank Loan — Canara Bank,2025-04-29,1915.173,,INR 19151.73 million,0,,IND A,,Stable,,0,1,"The press release title states multiple actions (Assigned, Affirmed); which one applies to this instrument is not determinable from the facility endpoint, so it is not attributed.",bank_facility_rating_letter,2,2025-04-29,https://www.indiaratings.co.in/pressReleases/GetBankFacilityDataRatingLetter?pressReleaseId=76305,"Bank Loan | Canara Bank | IND A(CE)/Stable | rated amount 19151.73 (INR million, as published)",2026-09-09T16:45:21.491896+00:00
Power Finance Corporation Limited,India Ratings,Bank Loan — Canara Bank,2026-07-09,1452.42,,INR 14524.2 million,0,,IND A,,Stable,Affirmed,1,0,,bank_facility_rating_letter,2,2026-07-09,https://www.indiaratings.co.in/pressReleases/GetBankFacilityDataRatingLetter?pressReleaseId=84119,"Bank Loan | Canara Bank | IND A(CE)/Stable | rated amount 14524.2 (INR million, as published)",2026-09-09T16:45:21.491896+00:00
Power Finance Corporation Limited,India Ratings,Bank Loan — Indian Overseas Bank,2025-04-23,487.78900000000004,,INR 4877.89 million,0,,IND A,,Stable,,0,1,"The press release title states multiple actions (Assigned, Affirmed); which one applies to this instrument is not determinable from the facility endpoint, so it is not attributed.",bank_facility_rating_letter,11,2025-04-29,https://www.indiaratings.co.in/pressReleases/GetBankFacilityDataRatingLetter?pressReleaseId=76305,"Bank Loan | Indian Overseas Bank | IND A(CE)/Stable | rated amount 4877.89 (INR million, as published)",2026-09-09T16:45:21.491896+00:00
Power Finance Corporation Limited,India Ratings,Bank Loan — Indian Overseas Bank,2025-04-29,487.78900000000004,,INR 4877.89 million,0,,IND A,,Stable,,0,1,"The press release title states multiple actions (Assigned, Affirmed); which one applies to this instrument is not determinable from the facility endpoint, so it is not attributed.",bank_facility_rating_letter,3,2025-04-29,https://www.indiaratings.co.in/pressReleases/GetBankFacilityDataRatingLetter?pressReleaseId=76305,"Bank Loan | Indian Overseas Bank | IND A(CE)/Stable | rated amount 4877.89 (INR million, as published)",2026-09-09T16:45:21.491896+00:00
Power Finance Corporation Limited,India Ratings,Bank Loan — Indian Overseas Bank,2026-07-09,1327.758,,INR 13277.58 million,0,,IND A,,Stable,Affirmed,1,0,,bank_facility_rating_letter,3,2026-07-09,https://www.indiaratings.co.in/pressReleases/GetBankFacilityDataRatingLetter?pressReleaseId=84119,"Bank Loan | Indian Overseas Bank | IND A(CE)/Stable | rated amount 13277.58 (INR million, as published)",2026-09-09T16:45:21.491896+00:00
Power Finance Corporation Limited,India Ratings,Bank Loan — State Bank of India,2025-04-23,1124.5729999999999,,INR 11245.73 million,0,,IND A,,Stable,,0,1,"The press release title states multiple actions (Assigned, Affirmed); which one applies to this instrument is not determinable from the facility endpoint, so it is not attributed.",bank_facility_rating_letter,12,2025-04-29,https://www.indiaratings.co.in/pressReleases/GetBankFacilityDataRatingLetter?pressReleaseId=76305,"Bank Loan | State Bank of India | IND A(CE)/Stable | rated amount 11245.73 (INR million, as published)",2026-09-09T16:45:21.491896+00:00
Power Finance Corporation Limited,India Ratings,Bank Loan — State Bank of India,2025-04-29,1124.5729999999999,,INR 11245.73 million,0,,IND A,,Stable,,0,1,"The press release title states multiple actions (Assigned, Affirmed); which one applies to this instrument is not determinable from the facility endpoint, so it is not attributed.",bank_facility_rating_letter,4,2025-04-29,https://www.indiaratings.co.in/pressReleases/GetBankFacilityDataRatingLetter?pressReleaseId=76305,"Bank Loan | State Bank of India | IND A(CE)/Stable | rated amount 11245.73 (INR million, as published)",2026-09-09T16:45:21.491896+00:00
Power Finance Corporation Limited,India Ratings,Bank Loan — State Bank of India,2026-07-09,3391.0160000000005,,INR 33910.16 million,0,,IND A,,Stable,Affirmed,1,0,,bank_facility_rating_letter,4,2026-07-09,https://www.indiaratings.co.in/pressReleases/GetBankFacilityDataRatingLetter?pressReleaseId=84119,"Bank Loan | State Bank of India | IND A(CE)/Stable | rated amount 33910.16 (INR million, as published)",2026-09-09T16:45:21.491896+00:00
Power Finance Corporation Limited,India Ratings,Bank Loan — Union Bank of India,2025-04-23,1386.382,,INR 13863.82 million,0,,IND A,,Stable,,0,1,"The press release title states multiple actions (Assigned, Affirmed); which one applies to this instrument is not determinable from the facility endpoint, so it is not attributed.",bank_facility_rating_letter,14,2025-04-29,https://www.indiaratings.co.in/pressReleases/GetBankFacilityDataRatingLetter?pressReleaseId=76305,"Bank Loan | Union Bank of India | IND A(CE)/Stable | rated amount 13863.82 (INR million, as published)",2026-09-09T16:45:21.491896+00:00
Power Finance Corporation Limited,India Ratings,Bank Loan — Union Bank of India,2025-04-29,1386.382,,INR 13863.82 million,0,,IND A,,Stable,,0,1,"The press release title states multiple actions (Assigned, Affirmed); which one applies to this instrument is not determinable from the facility endpoint, so it is not attributed.",bank_facility_rating_letter,6,2025-04-29,https://www.indiaratings.co.in/pressReleases/GetBankFacilityDataRatingLetter?pressReleaseId=76305,"Bank Loan | Union Bank of India | IND A(CE)/Stable | rated amount 13863.82 (INR million, as published)",2026-09-09T16:45:21.491896+00:00
Power Finance Corporation Limited,India Ratings,Bank Loan — Union Bank of India,2026-07-09,3058.023,,INR 30580.23 million,0,,IND A,,Stable,Affirmed,1,0,,bank_facility_rating_letter,5,2026-07-09,https://www.indiaratings.co.in/pressReleases/GetBankFacilityDataRatingLetter?pressReleaseId=84119,"Bank Loan | Union Bank of India | IND A(CE)/Stable | rated amount 30580.23 (INR million, as published)",2026-09-09T16:45:21.491896+00:00
Power Finance Corporation Limited,India Ratings,Bank loan — State Bank of India,2025-04-23,750.0,,INR 7500 million,0,,IND A,,Stable,,0,1,"The press release title states multiple actions (Assigned, Affirmed); which one applies to this instrument is not determinable from the facility endpoint, so it is not attributed.",bank_facility_rating_letter,13,2025-04-29,https://www.indiaratings.co.in/pressReleases/GetBankFacilityDataRatingLetter?pressReleaseId=76305,"Bank loan | State Bank of India | IND A(CE)/Stable | rated amount 7500 (INR million, as published)",2026-09-09T16:45:21.491896+00:00
Power Finance Corporation Limited,India Ratings,Bank loan — State Bank of India,2025-04-29,750.0,,INR 7500 million,0,,IND A,,Stable,,0,1,"The press release title states multiple actions (Assigned, Affirmed); which one applies to this instrument is not determinable from the facility endpoint, so it is not attributed.",bank_facility_rating_letter,5,2025-04-29,https://www.indiaratings.co.in/pressReleases/GetBankFacilityDataRatingLetter?pressReleaseId=76305,"Bank loan | State Bank of India | IND A(CE)/Stable | rated amount 7500 (INR million, as published)",2026-09-09T16:45:21.491896+00:00
Power Finance Corporation Limited,India Ratings,Proposed Bank Loan — NA,2025-04-23,6233.405000000001,,INR 62334.05 million,0,,IND A,,Stable,,0,1,"The press release title states multiple actions (Assigned, Affirmed); which one applies to this instrument is not determinable from the facility endpoint, so it is not attributed.",bank_facility_rating_letter,15,2025-04-29,https://www.indiaratings.co.in/pressReleases/GetBankFacilityDataRatingLetter?pressReleaseId=76305,"Proposed Bank Loan | NA | Provisional IND A(CE)/Stable | rated amount 62334.05 (INR million, as published)",2026-09-09T16:45:21.491896+00:00
Power Finance Corporation Limited,India Ratings,Proposed Bank Loan — NA,2025-04-29,6233.405000000001,,INR 62334.05 million,0,,IND A,,Stable,,0,1,"The press release title states multiple actions (Assigned, Affirmed); which one applies to this instrument is not determinable from the facility endpoint, so it is not attributed.",bank_facility_rating_letter,7,2025-04-29,https://www.indiaratings.co.in/pressReleases/GetBankFacilityDataRatingLetter?pressReleaseId=76305,"Proposed Bank Loan | NA | Provisional IND A(CE)/Stable | rated amount 62334.05 (INR million, as published)",2026-09-09T16:45:21.491896+00:00
Power Finance Corporation Limited,India Ratings,Proposed Bank Loan — NA,2026-07-09,1233.405,,INR 12334.05 million,0,,IND A,,Stable,Affirmed,1,0,,bank_facility_rating_letter,6,2026-07-09,https://www.indiaratings.co.in/pressReleases/GetBankFacilityDataRatingLetter?pressReleaseId=84119,"Proposed Bank Loan | NA | Provisional IND A(CE)/Stable | rated amount 12334.05 (INR million, as published)",2026-09-09T16:45:21.491896+00:00
